fire_id,date,year_month,name,counties,county_ids,latitude,longitude,acres_burned,percent_contained
5080eb51-53e5-4338-95ec-618efe2bd7d1,2016-05-27,2016-05,Dunstone Fire,['Butte'],4,39.33035,-121.78973,91.0,100.0
977ac7ce-4204-4cd3-9f89-727142165261,2016-07-22,2016-07,Soberanes Fire,['Monterey'],27,36.45994,-121.89938,132127.0,100.0
91816ff6-d4ec-4f31-8d40-bf2538aca09b,2016-06-23,2016-06,Erskine Fire,['Kern'],15,35.6115,-118.45628,48019.0,100.0
040d03d0-fbdd-438c-8174-f81e4a1bba57,2016-08-13,2016-08,Chimney Fire,['San Luis Obispo'],40,35.70595,-120.98316,46235.0,100.0
ea5193a1-69bc-4684-bfcd-235c17d36756,2016-08-16,2016-08,Blue Cut Fire,['San Bernardino'],36,34.30372,-117.49342,36274.0,100.0
85683fd7-b507-4ec7-8bbd-fb7033a42665,2016-08-28,2016-08,Gap Fire,['Siskiyou'],47,41.851,-123.118,33867.0,100.0
dc3f57ff-a935-4c25-bbe3-e00eeb5b5f42,2016-08-19,2016-08,Rey Fire ,['Santa Barbara'],42,0.0,0.0,32606.0,100.0
e247e423-6171-4184-9dca-b373de703885,2016-08-16,2016-08,Cedar Fire,['Kern'],15,35.7506,-118.5678,29322.0,100.0
f6afb8c4-32dc-4e6d-8d30-e6b7ccd4a62f,2016-09-18,2016-09,Canyon Fire,['Santa Barbara'],42,34.63445,-120.54421,12518.0,100.0
69c7b8cc-061e-4ca6-b5e8-83c6ae9d8a25,2016-08-07,2016-08,Pilot Fire,['San Bernardino'],36,34.28771,-117.27338,8110.0,100.0
33099cdd-ccfc-454e-b5a3-770a69a30bd3,2016-06-19,2016-06,Border Fire,['San Diego'],37,32.60729,-116.63028,7609.0,100.0
ffb3293b-3349-49c5-a7cb-c488391e8a72,2016-06-15,2016-06,Sherpa Fire,['Santa Barbara'],42,34.776,-119.643,7474.0,100.0
346c59b1-375e-4d42-876a-d97b769c939f,2016-08-08,2016-08,Mineral Fire,['Fresno'],10,36.09974,-120.51057,7050.0,100.0
057fd4e2-7400-4fc4-9b23-3daf67fc8610,2016-08-02,2016-08,Cold Fire,['Yolo'],57,38.52513,-122.06788,5731.0,100.0
b604ffa7-8cee-4724-bb82-f1f4553a192f,2016-06-28,2016-06,Trailhead Fire,"['El Dorado', 'Placer']","9,31",38.96741,-120.9375,5645.0,100.0
821c040d-a17c-4934-990f-ca7d441a303a,2016-09-17,2016-09,Owens River Fire,['Inyo'],14,37.75985,-118.95309,5443.0,100.0
2b8f9fdc-f812-4d72-9163-c5356d8ae04b,2016-06-20,2016-06,San Gabriel Complex (Formerly Fish & Reservoir Fires),['Los Angeles'],19,0.0,0.0,5399.0,100.0
ca1227b3-1458-44c9-b32e-2994e309f940,2016-11-14,2016-11,Marek Fire,['Los Angeles'],19,34.31,-118.335,4824.0,100.0
2dfac408-d2ab-4ff9-94aa-91be9d07bb59,2016-09-26,2016-09,Loma Fire,['Santa Clara'],43,37.10632,-121.85318,4474.0,100.0
89c304db-e288-4582-90d4-884d57fd71f9,2016-10-29,2016-10,Meadow Fire,['Tulare'],54,35.984,-118.551,4347.0,100.0
a0950d5e-6f35-4023-bb60-6737146ba7bd,2016-08-14,2016-08,Clayton Fire,['Lake'],17,38.89741,-122.60664,3929.0,100.0
55fa95e6-f09e-42c4-889b-a4b5b63dccf2,2016-05-22,2016-05,Metz Fire,['Monterey'],27,36.38123,-121.20059,3876.0,100.0
50f908c4-841a-4125-8563-5c3e1866ff8a,2016-05-18,2016-05,Roberts Fire,['San Luis Obispo'],40,0.0,0.0,3712.0,100.0
423df2bd-4464-44e0-8b8a-74f953613287,2016-07-02,2016-07,Curry Fire,['Fresno'],10,36.0749,-120.452041,2944.0,100.0
103e1cb6-0a02-4ca8-8739-4cf77b5d1c98,2016-06-07,2016-06,Pony Fire,['Siskiyou'],47,41.623,-123.557,2860.0,100.0
afa76746-3e42-48ed-bff6-e65ef40c6037,2016-08-04,2016-08,Clark Fire,['Mono'],26,0.0,0.0,2819.0,100.0
92c20948-6ff6-4a2c-b13f-32c75e71b16c,2016-09-17,2016-09,Soup Complex,['Modoc'],25,41.2649,-120.3178,2652.0,100.0
1243f711-c29f-4bc3-a7e7-c705a6fc40f2,2016-09-11,2016-09,Willard Fire,['Lassen'],18,40.3915,-120.7845,2575.0,100.0
b8cf80c7-b617-4fe4-91b0-43b40d38c7f6,2016-06-04,2016-06,Coleman Fire,['Monterey'],27,36.01542,-121.25029,2520.0,100.0
8653f541-d3ca-44b4-9edd-5a4a57349f2f,2016-06-30,2016-06,Pine Fire,['Ventura'],56,34.701,-119.144,2304.0,100.0
bd2b7bdc-0f92-451a-a3a5-03569d27c952,2016-07-30,2016-07,Goose Fire,['Fresno'],10,37.01591,-119.50507,2241.0,100.0
59084c8f-904c-42cb-9aa8-cae4a1f8c6ef,2016-10-11,2016-10,Sacata Fire,['Fresno'],10,36.94536,-119.25959,2100.0,100.0
140def53-175c-4f5d-b8e3-de0643781ff7,2016-07-01,2016-07,Deer Fire,['Kern'],15,35.20993,-118.72272,1785.0,100.0
8d9b87e4-6fdb-49e4-ba6d-be85ffd6b222,2016-09-25,2016-09,Sawmill Fire,['Sonoma'],49,38.80017,-122.82895,1547.0,100.0
944e953f-ed28-4b99-8d60-d352c702e6f9,2016-08-30,2016-08,Bogart Fire,['Riverside'],33,0.0,0.0,1470.0,100.0
ec90eb29-e776-43da-a814-0c41463ae3c9,2016-06-26,2016-06,Dinosaur Fire,['Merced'],24,37.07147,-121.20155,1246.0,100.0
78eccd24-9fe2-4ccd-90fa-a1e0fdc19b41,2016-07-21,2016-07,Roblar Fire,['San Diego'],37,33.393,-117.35093,1245.0,100.0
79b446a4-d809-4aa2-9f30-091a05ed697d,2016-07-09,2016-07,Sage Fire,['Los Angeles'],19,34.36763,-118.57245,1100.0,100.0
3a4871dc-2299-4934-8a31-b92780fe31a3,2016-09-26,2016-09,Marshes Fire,['Tuolumne'],55,37.79635,-120.32484,1080.0,100.0
c94fda40-ab7a-42d1-bfc9-ca5f39fb6e7d,2016-09-05,2016-09,Saddle Fire,['Butte'],4,39.6871,-121.571,800.0,100.0
a2a6199c-704a-4826-a51b-23e6ee123349,2016-08-24,2016-08,Grade Fire,['Siskiyou'],47,41.7813,-122.611,710.0,100.0
1bc85249-0d96-42d7-a23f-db99bdce17a4,2016-06-25,2016-06,Marina Fire,['Mono'],26,37.97,-119.14,650.0,100.0
2656ad63-b3e1-467f-9982-0229fd31c0f5,2016-08-26,2016-08,Range Fire,['Kern'],15,35.2013,-118.7212,600.0,100.0
da72b0c2-835d-42a5-8fa8-4de5442610cc,2016-08-22,2016-08,Tully Fire,['Humboldt'],12,41.28486,-123.82268,599.0,100.0
fe112320-013f-434e-b66c-101234292711,2016-07-08,2016-07,Fort Fire,['Kern'],15,34.913,118.9082,554.0,100.0
e5122d1e-2bfc-4fa6-8152-da309e02c004,2016-08-02,2016-08,99 Fire,['Butte'],4,39.6708,-121.7192,520.0,100.0
69eaa890-889e-4be9-810d-3dcee8d55981,2016-06-30,2016-06,Colyear Fire,['Tehama'],52,40.0353,-122.56939,464.0,100.0
db833182-22df-44cc-ba10-0901e74222bc,2016-08-28,2016-08,Willow Fire,['Calaveras'],5,38.1874,-120.6381,450.0,100.0
954fb899-decb-461b-a0dd-76442e3370d3,2016-08-23,2016-08,Tule Fire,['Tulare'],54,36.1648,-118.73906,395.0,100.0
822c934f-11be-48a9-8e60-f3f6802ef24d,2016-08-18,2016-08,Beale Fire,['Yuba'],58,36.16965,-121.38775,389.0,100.0
97772dc4-7fde-4412-982c-974b3316e22b,2016-09-11,2016-09,Howard Fire,['Modoc'],25,41.4657,-120.9066,380.0,100.0
5689b708-61e8-4451-8ad6-68d9684704c6,2016-06-29,2016-06,Rancho Fire,['Amador'],3,38.385,-121.003611,372.0,100.0
85832754-5848-4454-84fc-8b0a9abbff40,2016-07-12,2016-07,Pacheco Fire,['Calaveras'],5,38.08056,-120.81394,341.0,100.0
060ef833-2d3f-47d4-a1d4-146d1b9a5928,2016-09-14,2016-09,Hog Fire,['Tehama'],52,40.30594,-122.1295,321.0,100.0
902a3085-e518-4090-a2e5-20d0482b4dc2,2016-07-02,2016-07,Appaloosa Fire,['Calaveras'],5,38.02845,-120.61153,310.0,100.0
376f08dc-071a-4ef5-9035-cf61b4f2fa3b,2016-09-19,2016-09,Flat Fire,['Kern'],15,0.0,0.0,307.0,100.0
fa457abb-66d2-4f82-80fd-452e824e871f,2016-08-29,2016-08,Havilah Fire,['Kern'],15,35.4976,-118.5097,304.0,100.0
67c0a269-05bb-4b4f-af22-68a1c5ac3adf,2016-07-09,2016-07,Fiddler Fire,['Shasta'],45,40.36873,-122.72913,303.0,100.0
f669c502-b400-4ad9-ae95-bfd9c31f903c,2016-09-20,2016-09,Butte Fire,['Sutter'],51,39.188321,-121.78003,300.0,100.0
09ab0430-7679-494c-96d4-d7d938351cf4,2016-05-25,2016-05,DeWolf Fire,['Fresno'],10,36.88286,-119.654,278.0,100.0
eb0fe9ad-f9f5-4bde-ad34-527ffd647669,2016-06-26,2016-06,Creek Fire,['Yolo'],57,38.69971,-122.15457,277.0,100.0
abd0a296-217d-4a6a-9da0-5eb05f56f863,2016-09-26,2016-09,Tobin Fire,['Plumas'],32,39.92,-121.32,248.0,100.0
e84f2562-1126-4255-9df4-dd7a32460e43,2016-06-17,2016-06,King Fire ,['San Benito'],35,0.0,0.0,237.0,100.0
0dc19167-07b3-45e6-9bad-ad070934616a,2016-07-14,2016-07,Onyx Fire,['Kern'],15,35.68313,-118.21793,221.0,100.0
686e1300-65d3-4e07-8a88-e5952418649b,2016-09-22,2016-09,Washington Fire,['Santa Barbara'],42,34.75134,-120.55297,215.0,100.0
489cea9f-b3cb-4615-b412-5ac5724c3976,2016-06-26,2016-06,Reservoir Fire,['Lake'],17,39.12366,-122.50373,215.0,100.0
3822b8a2-1a89-40e8-b239-840cfcda7a1c,2016-06-25,2016-06,Grant Fire,['Alameda'],1,37.74369,-121.58677,211.0,100.0
fef2ab8a-20d7-4dc3-b5c9-363aa1debef3,2016-06-17,2016-06,Camanche Fire,['Amador'],3,38.26874,-120.90265,210.0,100.0
4cfb8712-1b45-4a2e-b0c9-6ed6ddde5657,2016-07-11,2016-07,Big Fire,['Fresno'],10,36.92244,-119.39619,188.0,100.0
81ef7517-ab3c-4d1a-8ddd-b5d69404676f,2016-10-14,2016-10,Emerald Fire,['El Dorado'],9,38.93449,-120.10744,176.0,100.0
89d10422-494e-4b60-8d52-07995447b12e,2016-07-12,2016-07,Briggs Fire,['Riverside'],33,0.0,0.0,173.0,100.0
e0de216a-9544-43ad-9b9f-bc05247f0550,2016-05-17,2016-05,Athens Fire,['Placer'],31,38.8390117,-121.3090268,169.0,100.0
63643257-f082-4928-bf0e-77a0417a4613,2016-09-03,2016-09,Sunny Fire,['Fresno'],10,36.84479,-119.34487,158.0,100.0
ace1f464-7a70-4dcc-b8c5-d64fb1021d0e,2016-05-23,2016-05,Wheatland Fire,['Los Angeles'],19,34.276,-118.354,156.0,100.0
f12c92df-003f-42bc-9cb0-a15323f4166c,2016-04-29,2016-04,Hills Fire,['Fresno'],10,0.0,0.0,151.0,100.0
f66ae0d0-837d-4ea9-a7ed-6a78d9bde940,2016-09-13,2016-09,Old Fire,['Del Norte'],8,37.75972,-120.029626,150.0,100.0
d045584a-8838-4d64-91dc-3ebfbcd8e708,2016-08-31,2016-08,Holy Fire,['Orange'],30,33.6542,-117.5221,150.0,100.0
1d76ca50-aa10-4f90-bd99-a80bcf2eacce,2016-05-10,2016-05,Shedd Fire,['San Luis Obispo'],40,35.61961,-120.39993,150.0,100.0
86166c24-3a85-42e3-a53a-ebb1d935fb8a,2016-08-20,2016-08,Bird Fire,['San Joaquin'],39,37.62215,-121.36665,147.0,100.0
e55dd16e-1712-4b97-a2f3-add0877b98cd,2016-07-05,2016-07,Frame Fire,['Fresno'],10,36.14161,-120.62048,145.0,100.0
380634ff-2fe6-48b0-a1f6-97a889551d2f,2016-08-04,2016-08,Maze Fire,['Stanislaus'],50,0.0,0.0,140.0,100.0
403e6185-c0e1-4b8f-a290-b50553a47b67,2016-06-04,2016-06,Temecula Fire,['Riverside'],33,33.476894,-117.140883,139.0,100.0
73083049-8bc2-4444-911b-f3d0812fb70c,2016-07-16,2016-07,Famoso Fire,['Kern'],15,35.60748,-118.94811,138.0,100.0
f1769b9d-c522-4a0d-92a7-f9c8321b9f1d,2016-05-15,2016-05,Avocado Fire,['Fresno'],10,36.78769,-119.38248,132.0,100.0
b4940174-75d0-4f5e-b505-4a66c17a9157,2016-09-22,2016-09,Bangor Fire,['Butte'],4,39.4403,-121.42647,130.0,100.0
a32de567-3d32-434a-9128-7947deaec3bb,2016-07-15,2016-07,Green Fire,['Fresno'],10,37.0099,-119.5792,123.0,100.0
0539e095-5108-4b9a-8736-65772440e9e8,2016-08-05,2016-08,Rock Creek Fire,['Mono'],26,0.0,0.0,122.0,100.0
648cfdd4-f3f5-4faf-8ab1-a6f2cb5d9a6c,2016-06-07,2016-06,Coe Fire,['Stanislaus'],50,37.17072,-121.42238,120.0,100.0
4c88252e-34a5-4912-a590-2c4539866c62,2016-07-31,2016-07,Sierra Fire,['Santa Clara'],43,37.41896,-121.79669,114.0,100.0
5f422963-a30c-4cda-9427-7a0e028b6039,2016-06-20,2016-06,Coal Fire,['Butte'],4,39.595,-121.6008,112.0,100.0
8e920d15-72f4-4e76-a3b4-22a364d6cf19,2016-07-04,2016-07,Broken Fire,['Madera'],20,37.25601,-119.65776,103.0,100.0
8a4c92b3-c1aa-41e0-aaed-999d73f0a418,2016-09-25,2016-09,Cow Fire,['Shasta'],45,40.0,-121.93923,100.0,100.0
40dec759-8a09-439c-8c95-14b4a248c033,2016-08-17,2016-08,Bailey Fire,['Santa Clara'],43,0.0,0.0,100.0,100.0
f645bf93-57a3-4fdf-9544-d255f8311dc9,2016-08-05,2016-08,Hart Fire,['Kern'],15,35.24504,-118.60344,100.0,100.0
e952af56-3233-4e53-b611-d437220ea750,2016-08-03,2016-08,Diablo Fire,['Stanislaus'],50,0.0,0.0,100.0,100.0
947aab39-3d8a-4841-8fc3-d129d8bbf6a3,2016-07-22,2016-07,Bradley Fire,['Monterey'],27,35.85093,-120.81081,100.0,100.0
d96a2f4f-8e4d-4534-abe2-d90530e2bbc3,2016-07-18,2016-07,Feather Fire,['San Diego'],37,32.9612,-116.7945,100.0,100.0
2a04ab08-1412-4a3d-b6b2-7e5fc48f99e5,2016-07-09,2016-07,Mercury Fire,['San Benito'],35,5487.0,-120.841536,95.0,100.0
c55cc099-43f6-4a55-81b4-59ee03618511,2016-08-26,2016-08,Santos Fire,['Butte'],4,39.79547,-121.71662,88.0,100.0
f88a7291-9122-49fa-864d-b807fa360393,2016-07-01,2016-07,Flores Fire,['Tehama'],52,40.07846,-122.2071,88.0,100.0
d570e949-a098-4af0-84a4-d70c4a0e89c9,2016-06-21,2016-06,Moore Fire,['Placer'],31,38.86804,-121.37704,88.0,100.0
fbe85bec-6399-442f-8a3f-ca4a25bb2b3b,2016-07-10,2016-07,Scott Fire,['Sacramento'],34,38.517772,-121.103642,87.0,100.0
42fbaa73-e3c8-44ac-bf83-a576be6a804f,2016-06-27,2016-06,Frazier Fire,['San Luis Obispo'],40,35.70821,-120.82266,86.0,100.0
8505d2db-7c6f-445e-9bff-407e99cac614,2016-08-04,2016-08,Grub Fire,['Madera'],20,37.3228,-119.7738,85.0,100.0
ffec404e-dea9-4175-8c50-8f2b0ca3efdd,2016-05-30,2016-05,Tulloch Fire,['Tuolumne'],55,37.927613,-120.528836,85.0,100.0
b6b6ef56-0d7f-4c97-b072-74b712aa1e65,2016-07-15,2016-07,Dunnigan Fire,['Yolo'],57,38.8866,-122.04726,84.0,100.0
a56880f1-16c0-4d23-8f5a-b9ac436694bb,2016-06-15,2016-06,Cheyenne Fire,['Calaveras'],5,0.0,0.0,83.0,100.0
fb7d6492-444e-420c-9111-0f8999d3af04,2016-06-12,2016-06,Old Fire,['San Benito'],35,36.49914,-121.04993,83.0,100.0
140161a1-ca06-448a-87f2-27e688b2d922,2016-08-04,2016-08,Baker Fire,['Tehama'],52,40.19611,-122.26736,80.0,100.0
3e9fd887-dc53-4d90-a8b4-492670fcab8f,2016-07-21,2016-07,Serpa Fire,['Madera'],20,0.0,0.0,80.0,100.0
10a8344d-e2c6-4585-8094-bbb30e48db8c,2016-06-11,2016-06,Hoag Fire,['Tehama'],52,39.7947,-121.857,80.0,100.0
69b7a19e-7be7-43c1-8779-c7110b22f552,2016-07-13,2016-07,Sherwood Fire,['Ventura'],56,36.92244,-119.39619,78.0,100.0
47ee7239-2bc9-4794-8582-982a92fdda9f,2016-09-10,2016-09,Lake Fire,['Shasta'],45,40.68192,-122.4096,75.0,100.0
2e8eb057-1d9a-41a7-ab9f-9b85ce3374c4,2016-09-23,2016-09,Newmark Fire,['Fresno'],10,36.6543,-119.5327,70.0,100.0
ae6a40fa-c0f3-460b-8e19-fbf4b5803bb8,2016-06-18,2016-06,Arroyo Fire,['Monterey'],27,36.2833,-121.3306,70.0,100.0
c88af25d-aff4-4b20-9c58-0b819c8ae99a,2016-05-31,2016-05,Pala Fire,['San Diego'],37,33.41639,-117.08829,70.0,100.0
6a75dc36-9f37-4c3a-870d-345f94a8104c,2016-07-20,2016-07,Foothill Fire,['Lake'],17,39.0863,-122.7891,69.0,100.0
3135c367-1274-4cc4-9152-661f6fd7707e,2016-10-10,2016-10,Creek Fire,['Napa'],28,38.40958,-122.43172,65.0,100.0
bae93037-2a91-4189-b256-3325cd2b6979,2016-06-11,2016-06,Cotton Fire,['Kern'],15,35.77135,-120.251,61.0,100.0
dc7637b2-fa97-47c7-bbce-c0fd1a015592,2016-07-22,2016-07,Oak Fire,['Solano'],48,38.33475,-122.02564,57.0,100.0
2dae3029-2d17-445a-9fac-e95345b179e0,2016-07-21,2016-07,Baker Fire,['Calaveras'],5,37.98171,-120.64241,57.0,100.0
89ca911c-b44f-40d4-b10e-0a7ae0ca33b7,2016-05-19,2016-05,Mill Fire,['Siskiyou'],47,0.0,0.0,56.0,100.0
61556003-7789-4b9e-8f16-5563624b4621,2016-06-24,2016-06,Lowe Fire,['Monterey'],27,36.1934,-120.9293,52.0,100.0
2a2e0af5-24d7-4903-bab4-3705f5d788fb,2016-09-10,2016-09,Ruff Fire ,['Mendocino'],23,39.7299,-123.5044,50.0,100.0
324a3c48-efcc-4385-ab87-baf0b5e29b5d,2016-09-07,2016-09,Spring Fire,['San Bernardino'],36,34.3183,-117.3189,50.0,100.0
f273dffb-e1eb-48dc-b0f9-908857e78095,2016-07-22,2016-07,Storksbill Fire,['El Dorado'],9,38.79549,-121.00299,50.0,100.0
867bead0-b6a5-4ec4-a4de-83af2e854cd1,2016-04-29,2016-04,Casitas Fire,['Ventura'],56,0.0,0.0,50.0,100.0
6b542aff-fa1b-46fc-b3da-26c1afdbc446,2016-06-21,2016-06,70 Fire,['Butte'],4,39.43351,-121.6051,49.0,100.0
1f8b3267-c3bd-43f5-9733-2b30c97d45ee,2016-09-17,2016-09,Auburn Fire,['Nevada'],29,39.20427,-121.05948,47.0,100.0
c27c5212-1891-4105-86ee-9f97016ef159,2016-06-26,2016-06,Laguna Fire,['Orange'],30,33.57872,-117.77395,47.0,100.0
0bf08653-1441-4e73-b24b-1296afb12b45,2016-09-23,2016-09,Bell Fire,['Amador'],3,38.5212,-120.8416,45.0,100.0
28b9dc5f-f9c0-41fb-81d6-8db562122f00,2016-08-10,2016-08,Kugelman Fire,['Lake'],17,36.09974,-120.51057,45.0,100.0
174608a2-14fd-4278-9811-cb7e5e5a3883,2016-07-01,2016-07,Kuehner Fire,['Ventura'],56,34.27619,-118.63264,45.0,100.0
b1b2a50c-c131-4be2-9398-8adee38c1c19,2016-06-21,2016-06,Paskenta Fire,['Tehama'],52,39.93965,-122.40142,43.0,100.0
b5699308-b26c-4e76-9954-219b58468d8e,2016-05-31,2016-05,Walker Fire,['Kern'],15,0.0,0.0,43.0,100.0
17a944b9-c8b8-4486-8d71-89d713bd538b,2016-07-30,2016-07,Dockery Fire,['Lassen'],18,0.0,0.0,42.0,100.0
2d2aa30d-5c3f-4f46-97eb-54b63bec7f3a,2016-09-11,2016-09,Boys Fire,['Sacramento'],34,38.558,-121.1309,40.0,100.0
c531ed84-0c29-4d31-94cf-f48d71d96eed,2016-08-28,2016-08,Evergreen Fire,['Riverside'],33,0.0,0.0,40.0,100.0
416155ea-f8ff-43cf-abf0-e888584bf5bc,2016-07-24,2016-07,Franklin Fire,['Contra Costa'],7,38.01264,-122.1885,40.0,100.0
af8f8070-a3d6-4ca2-8e2b-6da1049a5bea,2016-09-07,2016-09,Phoenix Fire,['Nevada'],29,39.39051,-120.51887,38.0,100.0
7066c984-1420-4c59-b175-9536da4c5d14,2016-07-30,2016-07,Fork Fire,['Madera'],20,37.24006,-119.4741,38.0,100.0
b44c3b1e-b243-455e-9ca9-9a1b5570e003,2016-08-30,2016-08,Mina Fire,['Mendocino'],23,39.8748511,-123.4267011,36.0,100.0
ef4185e8-9b3a-421f-9fae-a0b954b0b3c0,2016-08-10,2016-08,Knoxville Fire,['Lake'],17,38.68403,-122.26015,36.0,100.0
4f623d67-d74b-4e8f-92f4-ed728970e20e,2016-08-10,2016-08,Gopher Fire,['San Diego'],37,33.22558,-117.14547,35.0,100.0
93995926-26b0-4158-9f93-fec263f40b47,2016-08-09,2016-08,Mountain Fire,['Shasta'],45,40.61213,-122.47091,35.0,100.0
fe371090-80be-43fe-9d40-761fe436de7e,2016-07-28,2016-07,Neal Fire,['Butte'],4,0.0,0.0,35.0,100.0
eb9d05b5-7578-44bf-9eb1-3ddba425ff20,2016-07-12,2016-07,Stagecoach Fire,['Calaveras'],5,37.96311,-120.67335,35.0,100.0
2225d427-97d7-4d71-a83a-814f38a1c947,2016-06-28,2016-06,Campo Fire,['Calaveras'],5,38.22017,-120.8678,33.0,100.0
ed16bf52-f886-4384-b841-2e755234aa29,2016-09-12,2016-09,Moffett Fire,['Siskiyou'],47,41.6314,-122.7933,32.0,100.0
f4026428-ad5a-42c7-b68e-959554a31343,2016-07-31,2016-07,Frymire Fire,['Tuolumne'],55,37.81434,-120.69521,32.0,100.0
c5d590f0-97fe-4ac3-987d-ebceed6dbfc2,2016-06-03,2016-06,Clay Fire,['Sacramento'],34,38.3131,-121.06452,32.0,100.0
69e1a36d-21ab-4feb-b31c-dbfac4bf62d1,2016-09-17,2016-09,Old Fire,['Butte'],4,39.8851,-121.6998,30.0,100.0
6f07d935-7d64-4be8-8e96-d34384686bf8,2016-07-01,2016-07,Lone Pine Fire,['Inyo'],14,36.58972,-118.15589,30.0,100.0
a757d4f9-2aa1-44c8-b986-ac00ca2fafdd,2016-06-04,2016-06,Hidden Fire,['San Benito'],35,36.80296,-121.40304,30.0,100.0
6227f4ad-3e40-4f3b-b210-3e55483e1e84,2016-05-29,2016-05,70 Fire,['Butte'],4,39.624017,-121.595093,30.0,100.0
7106ba43-100b-41f9-acbf-9fb9e9ab9ef7,2016-04-24,2016-04,Taglio Fire,['Merced'],24,37.2171,-121.08036,30.0,100.0
6f600260-2bdb-4f53-9d1a-eab8afb3a11a,2016-11-13,2016-11,Gopher Fire,['San Diego'],37,33.254355,-117.158475,28.0,100.0
0b655a9d-94b3-4095-acfd-d40ac8347318,2016-07-22,2016-07,Rock Fire,['San Diego'],37,33.00056,-116.9571,28.0,100.0
38fe21ed-2019-4be9-abdf-bf46ac5f59e3,2016-08-05,2016-08,Deer Fire,['Amador'],3,38.2581,-120.8657,26.0,100.0
be2805af-a801-4ca9-b9e7-14f3b896097e,2016-07-19,2016-07,Bailey Fire,['Siskiyou'],47,41.96191,-122.59328,26.0,100.0
e935ecb3-5eba-43f8-ae02-624b3d5bc03a,2016-09-01,2016-09,Oak Fire,['Santa Clara'],43,37.11831,-121.69784,25.0,100.0
b82b0e22-4155-43dd-ac33-1da015b6d3d2,2016-08-12,2016-08,Oak Fire,['Santa Clara'],43,37.06531,-121.68577,25.0,100.0
d15f161e-b69d-4e4e-9e8c-da869ebc805f,2016-08-06,2016-08,Alder Fire,['El Dorado'],9,0.0,0.0,25.0,100.0
bff80dce-32ca-4aa1-a542-f1ee5b9affc1,2016-07-29,2016-07,North Branch Extension Fire,['Lake'],17,0.0,0.0,25.0,100.0
f2b5faf1-9ff0-48b7-8151-25880262bec1,2016-06-03,2016-06,Aukum Fire,['El Dorado'],9,38.64107,-120.6955,25.0,100.0
afaa2efe-d946-4ff9-93c2-459aad31b908,2016-05-12,2016-05,Bryson Fire,['Monterey'],27,35.8378273,-121.0381507,25.0,100.0
20e4887c-b772-460d-98be-d60f39171aeb,2016-06-11,2016-06,Keswick Fire,['Shasta'],45,40.61388,-122.46777,24.0,100.0
bc2fd9c2-da5c-4cd7-bbec-9daf2143a196,2016-08-11,2016-08,Stafford Fire,['Humboldt'],12,40.4572,-124.05804,23.0,100.0
5d276af0-17d5-47d5-8f0e-86756d91b5c6,2016-07-22,2016-07,Table Fire,['Siskiyou'],47,41.71847,-122.36924,23.0,100.0
861bfbd3-ce1c-46bd-a32b-2848b7399119,2016-08-13,2016-08,Summit Fire,['Humboldt'],12,40.9878,-123.77832,21.0,100.0
383c3df6-a1eb-40fd-b798-41481dff679a,2016-09-04,2016-09,Ken Fire,['San Bernardino'],36,34.25858,-117.4415,20.0,100.0
1780f987-76f9-4a82-81bd-6cb914758eec,2016-08-30,2016-08,Mockingbird Fire,['Lake'],17,39.1408865,-122.9148951,20.0,100.0
5ae9ec04-a2f4-4e18-8f6b-99c939eed64d,2016-05-12,2016-05,Edison Fire,['Ventura'],56,0.0,0.0,20.0,100.0
fa8a5b87-9f71-4b68-bd14-b751844d5676,2016-08-30,2016-08,Willow Fire,['Amador'],3,0.0,0.0,19.0,100.0
7ebdcc3e-f402-4ab7-88d4-82d99d59b019,2016-07-11,2016-07,Shelter Fire,['Ventura'],56,33.11645,-116.58542,15.0,100.0
d35cfa9a-0087-4b24-ad22-6a738e633771,2016-07-25,2016-07,Collier Fire,['Tehama'],52,0.0,0.0,11.0,100.0
0e493de0-b544-4b10-a229-ea9da56bf621,2016-05-25,2016-05,Fiddler Fire,['Shasta'],45,0.0,0.0,11.0,100.0
2458cd6c-82d6-43ef-b509-706e3af69451,2016-10-21,2016-10,Jacobson Fire,['Tulare'],54,36.217,-118.551,10.0,100.0
5823867d-c458-4673-858f-0ded99b6121f,2016-08-18,2016-08,Mokelumne Fire,['Alpine'],2,38.57554,-120.00606,0.0,100.0
bb4feaa5-4afc-47fb-82b3-c3aed84c3c31,2016-07-22,2016-07,Sand Fire,['Los Angeles'],19,0.0,0.0,0.0,100.0
5c86c26b-e6c0-4e47-90b7-bc5da3885ebe,2016-06-05,2016-06,Soda Fire,['San Luis Obispo'],40,35.01382,-119.58206,0.0,100.0
d0ffe734-daf1-4446-af7d-4f8fde2802b7,2016-06-04,2016-06,Old Fire,['Los Angeles'],19,0.0,0.0,0.0,100.0
6afa1ccf-e1b6-492b-bcaa-9189cd3487aa,2016-06-01,2016-06,Chimney Fire,['Tulare'],54,35.84883,-118.08591,0.0,100.0
2c77fa07-73e6-45fe-a527-5bd526bdef41,2016-04-19,2016-04,Gorman Fire,['Los Angeles'],19,34.6888731,-118.7892593,0.0,100.0
d28bc34e-73a8-454d-9e55-dea7bdd40bee,2017-12-05,2017-12,Thomas Fire,"['Santa Barbara', 'Ventura']","42,56",34.41521,-119.09124,281893.0,100.0
5555d1d7-0bb4-4c66-81b6-e1113987f217,2017-07-12,2017-07,Chetco Fire,[],,42.29896,-123.95405,191125.0,100.0
f7b03fae-de58-4674-9f4f-d3e9d2762d84,2017-07-11,2017-07,Long Valley Fire,['Lassen'],18,40.07045,-120.14013,83733.0,100.0
8caf9d17-d9c3-42e4-a622-30799080c4b9,2017-07-24,2017-07,Modoc July Complex,['Modoc'],25,0.0,0.0,83120.0,100.0
9feb25c4-d3ae-4f78-9fc9-a1ad2b308e42,2017-07-16,2017-07,Detwiler Fire,['Mariposa'],22,37.61757,-120.21321,81826.0,100.0
490ae25d-c3d8-4a90-9e75-0ad85e0f629f,2017-08-15,2017-08,Eclipse Complex,['Siskiyou'],47,41.841,-123.474,78698.0,100.0
676946dc-1b38-4a09-9bbe-9ce638cfed52,2017-10-10,2017-10,Atlas Fire (Southern LNU Complex),"['Napa', 'Solano']","28,48",38.39206,-122.24367,51624.0,100.0
6ee351a7-9382-48bc-a161-b417f7560ff9,2017-07-09,2017-07,Garza Fire,['Kings'],16,35.93273,-120.20014,48660.0,100.0
be79d28c-767d-4a0d-b168-e86a5842004f,2017-10-10,2017-10,Nuns / Adobe / Norrbom/ Pressley / Partrick Fires / Oakmont (Central LNU Complex),"['Napa', 'Sonoma']","28,49",38.4041,-122.5209,44573.0,100.0
d43c681d-b57e-47e6-a6ad-e3ed08de9ff7,2017-08-14,2017-08,Miller Complex,['Siskiyou'],47,42.039,-123.218,39715.0,100.0
82c2aafa-ef04-49f0-a172-0dfa8a15582e,2017-10-09,2017-10,Tubbs Fire (Central LNU Complex),"['Napa', 'Sonoma']","28,49",38.60895,-122.62879,36807.0,100.0
c8ebf0c1-e560-4e22-a946-129af8699dfb,2017-08-29,2017-08,Pier Fire,['Tulare'],54,36.15356,-118.74103,36556.0,100.0
c229ea5c-2ebd-4f80-892e-fc5da8a1eeea,2017-10-09,2017-10,Redwood Valley Fire (Mendocino Lake Complex),['Mendocino'],23,39.24873,-123.16635,36523.0,100.0
5a43b164-04d0-46ea-992e-ea5aa283305f,2017-07-06,2017-07,Alamo Fire,['San Luis Obispo'],40,35.0179,-120.3223,28687.0,100.0
51bf0e2a-7f1f-4fe1-aeaa-70510ad42d0e,2017-07-27,2017-07,Orleans Complex,['Siskiyou'],47,41.59,-123.501,27276.0,100.0
220a986e-6d2c-4893-9473-232d1e1abf0c,2017-08-31,2017-08,Helena - Fork Fire,['Trinity'],53,40.76025,-123.10003,21846.0,100.0
f2e55878-e387-412b-a067-dadc649bed43,2017-09-27,2017-09,Lion Fire,['Tulare'],54,36.27138,-118.48555,18900.0,100.0
49757269-445f-4525-8698-858d8e0a5398,2017-08-30,2017-08,R-4 Fire,['Lassen'],18,40.69573,-119.93499,18618.0,100.0
dfd1e0d9-42b5-436a-aa83-ffcbbb7a6145,2017-07-08,2017-07,Whittier Fire,['Santa Barbara'],42,34.55096,-119.9494,18430.0,100.0
0de36981-b31f-45c7-befd-1596f982e7db,2017-10-09,2017-10,Pocket Fire (Central LNU Complex),['Sonoma'],49,38.76549,-122.90939,17357.0,100.0
0624b038-7a97-4294-a7b5-074e3dfa4fb7,2017-06-24,2017-06,Schaeffer Fire,['Tulare'],54,0.0,0.0,16031.0,100.0
a245b55b-3eb7-49dd-9a5e-909d53854055,2017-12-05,2017-12,Creek Fire,['Los Angeles'],19,34.31283,-118.35863,15619.0,100.0
7cc06465-bf2a-4df2-a68d-5f330e1cea42,2017-09-13,2017-09,Buck Fire,['Trinity'],53,40.2275,-123.03583,13417.0,100.0
9989e07d-5125-472d-9601-0d7158b13073,2017-08-29,2017-08,Railroad Fire,['Madera'],20,37.44663,-119.64622,12407.0,100.0
bba484d7-5430-4d44-88b7-c85b275864a4,2017-09-13,2017-09,Northern Region Lightning Incident,[],,0.0,0.0,10000.0,100.0
65062933-27cf-48d7-8e4c-9a7ac78e65ff,2017-05-18,2017-05,Elm Fire,['Fresno'],10,36.12089,-120.37116,10000.0,100.0
608ed849-d1ec-4b0d-a477-d1b8e9c7e6dd,2017-10-09,2017-10,Cascade Fire (Wind Complex),['Yuba'],58,39.32198,-121.4021,9989.0,100.0
969c721c-5f27-41d4-9a94-ffa12e351204,2017-10-09,2017-10,Canyon 2 Fire,['Orange'],30,33.87041,-117.70975,9217.0,100.0
71ea2924-bc37-44f4-b454-47eff22e426c,2017-08-29,2017-08,Slinkard Fire,['Mono'],26,38.655,-119.55425,8925.0,100.0
adf929a5-d508-4f69-8845-8fa1df8d4f95,2017-10-09,2017-10,Cherokee Fire,['Butte'],4,39.62496,-121.52966,8500.0,100.0
36d55b1a-a2f4-4f40-b57c-48341bb2ace5,2017-10-09,2017-10,Partrick Fire (Central LNU Complex),['Napa'],28,38.31802,-122.39052,8283.0,100.0
2995e2b3-f18d-44ec-952f-9f148b8354d9,2017-08-01,2017-08,Empire Fire,['Mariposa'],22,37.644,-119.618,8094.0,100.0
3e005fd9-11a4-4145-a71f-8a4cf9a1341a,2017-08-03,2017-08,Parker 2 Fire,['Modoc'],25,41.466,-120.321,7697.0,100.0
c2bf9820-7e90-43c4-bd3d-1b26ef7ada51,2017-09-01,2017-09,La Tuna Fire ,['Los Angeles'],19,34.22957,-118.2674,7194.0,100.0
b02ec4f1-ac5c-4b22-b7fa-5834af16d807,2017-08-14,2017-08,South Fork Fire,['Mariposa'],22,37.538,-119.598,7000.0,100.0
ca0c9a5f-7a1a-4903-b790-6eb3e85e7e64,2017-06-26,2017-06,Manzanita Fire,['Riverside'],33,33.530045,-116.594422,6309.0,100.0
4ca0e06c-4e6e-4e00-a4a4-6813e3200bd5,2017-10-09,2017-10,LaPorte Fire (Wind Complex),['Butte'],4,39.39455,-121.40613,6151.0,100.0
1e11fa40-e850-45d2-b65e-05aadc9f02f1,2017-12-05,2017-12,Rye Fire,['Los Angeles'],19,34.45283,-118.58188,6049.0,100.0
b77ff66d-d8ee-49c9-bd0f-92a4350a095a,2017-08-29,2017-08,Mud Fire,['Lassen'],18,40.43962,-120.22215,6042.0,100.0
8816f0da-0818-499a-9ff6-ba4fd56ca7c8,2017-07-07,2017-07,Wall Fire,['Butte'],4,39.45352,-121.41222,6033.0,100.0
68328f20-5aed-404d-8c29-81b4b69e8439,2017-07-31,2017-07,Summit Complex,['Stanislaus'],50,38.329,-119.782,5247.0,100.0
9eb07177-e62a-4f5a-adeb-e95508e31959,2017-08-08,2017-08,Ruth Complex,['Trinity'],53,40.17598,-123.36882,4736.0,100.0
0cacf259-1ba3-4e8c-a938-feaab2655c4b,2017-04-20,2017-04,Jayne Fire,['Fresno'],10,36.07228,-120.26561,4532.0,100.0
a95302d3-8574-4900-9d2a-daa33c55b70e,2017-07-30,2017-07,Minerva Fire,['Plumas'],32,39.9034,-120.9761,4310.0,100.0
fc4fcd00-8eee-43e5-b77f-bbd0c1669744,2017-12-07,2017-12,Lilac Fire,['San Diego'],37,33.3237,-117.163,4088.0,100.0
7c9253af-4c43-41bb-b1de-44af15e0d83e,2017-08-29,2017-08,Ponderosa Fire,['Butte'],4,39.57701,-121.30209,4016.0,100.0
cfa04438-152b-4f4b-a712-4343af8c7fcf,2017-09-02,2017-09,Palmer Fire,['Riverside'],33,33.97471,-117.09984,3800.0,100.0
9a5c9879-2e18-41a4-88d6-2360203dae79,2017-10-09,2017-10,Adobe Fire (Central LNU Complex),['Sonoma'],49,0.0,0.0,3700.0,100.0
687e2987-2306-477b-bbaf-0d5465eb1e7c,2017-08-08,2017-08,Young Fire,['Siskiyou'],47,41.853,-123.676,3142.0,100.0
1652d79a-f4fc-4151-a0d1-1b7366730f47,2017-07-07,2017-07,Hawk Fire,['Kern'],15,35.77896,-118.89627,2940.0,100.0
0176a674-c102-4854-92af-7d09aa3e1430,2017-09-25,2017-09,Canyon Fire,['Orange'],30,33.8668,-117.68598,2662.0,100.0
47988f74-d4bd-4ddd-814e-22ebc2ca5ccf,2017-09-06,2017-09,Eureka Fire,['Plumas'],32,39.75312,-120.75485,2575.0,100.0
2f2a4afd-06f1-4b57-b3f2-db8e3d9ac05c,2017-08-25,2017-08,I-5 Fire,['Kings'],16,36.05187,-120.05404,2312.0,100.0
345f6faa-9946-418e-8a60-d5cb9efb3af4,2017-08-03,2017-08,Indian Fire,['Tulare'],54,36.257,-118.296,2295.0,100.0
eff9d678-293f-43aa-96af-c5cf3203b31f,2017-07-31,2017-07,Roadrunner Fire,['Tulare'],54,36.0226,-118.94252,2289.0,100.0
0f32c2db-7d28-4cf6-85b8-44b53899c8eb,2017-10-10,2017-10,Sulphur Fire (Mendocino Lake Complex),['Lake'],17,39.01387,-122.64543,2207.0,100.0
c4d0a25f-02f6-4877-a944-8f5d50bf2335,2017-05-21,2017-05,Gate Fire,['San Diego'],37,32.65597,-116.80527,2056.0,100.0
a21faf4f-3628-4e24-ac64-8471d9d12560,2017-07-09,2017-07,Parkfield Fire,"['Monterey', 'San Luis Obispo']","27,40",35.86949,-120.57894,1816.0,100.0
7f33fd28-9a93-438b-84ca-0e57e7c441f4,2017-09-03,2017-09,Creek Fire,['Stanislaus'],50,38.12,-119.941,1749.0,100.0
63a81990-8521-409d-9c22-92d1c33e0353,2017-05-12,2017-05,Wright Fire,['Merced'],24,36.96655,-120.89261,1733.0,100.0
a7509e35-3083-4306-bcce-ebf6d101b62a,2017-07-06,2017-07,Winters Fire,['Yolo'],57,38.49521,-122.0251,1700.0,100.0
fe6e94d7-7b47-4992-9a52-787e1fad8171,2017-10-09,2017-10,37 Fire,['Sonoma'],49,38.14242,-122.47301,1660.0,100.0
f44aec62-5d1d-422f-9ff9-dbef80e4e27f,2017-07-17,2017-07,Park Fire,['Fresno'],10,35.95911,-120.55579,1649.0,100.0
ea019efb-52d2-4f08-8d04-20b680e2361b,2017-07-06,2017-07,Quail Fire,['Kern'],15,35.59904,-119.08312,1626.0,100.0
81b37451-57b5-4050-a54d-e9750f84a567,2017-06-26,2017-06,Hill Fire,['San Luis Obispo'],40,35.4025,-120.4992,1626.0,100.0
e3e75be1-8dea-4022-975b-34a0f25b57c0,2017-07-03,2017-07,Derrick Fire,['Fresno'],10,36.269125,-120.620791,1562.0,100.0
1b01181e-fbcb-4dc4-86ec-cfddc864cc34,2017-06-18,2017-06,Highway Fire,['Kern'],15,35.53456,-118.66733,1522.0,100.0
b5dd68e2-ec95-47cd-a126-d5f6f0f2b49a,2017-06-19,2017-06,Holcomb Fire,['San Bernardino'],36,34.2976,-116.826,1503.0,100.0
c57ff6c2-e5df-48c5-831c-1dbad73df5ef,2017-08-13,2017-08,Blaine Fire,['Riverside'],33,33.98212,-117.30819,1500.0,100.0
d11a4f65-9523-40d8-989a-6603705e9638,2017-06-10,2017-06,Oakwood Fire,['Madera'],20,37.0825,-119.8011,1417.0,100.0
0f4499f5-846c-4791-994e-81df04fe691a,2017-07-30,2017-07,Garden Fire,['Kern'],15,35.543,-118.654,1350.0,100.0
c254df3f-a241-4983-a880-e12944a9f7b2,2017-04-30,2017-04,Opera Fire,['Riverside'],33,34.00566,-117.30693,1350.0,100.0
340e471a-a37e-47dd-90da-6c9f35b7eb3b,2017-09-01,2017-09,Caldwell Fire,['Kern'],15,35.76,-118.406,1319.0,100.0
8cf9e7dc-74b9-4b97-9a03-f523f3eff56f,2017-07-26,2017-07,Latrobe Fire,['Sacramento'],34,38.5181,-121.104,1268.0,100.0
4ac3161f-79e7-494f-88e4-72a69ef1d96b,2017-06-30,2017-06,Tarina Fire ,['Kern'],15,35.38298,-118.80123,1200.0,100.0
081c7307-b328-4b64-869a-dce8718bab11,2017-10-17,2017-10,Buffalo Fire,['San Diego'],37,33.402411,-117.402445,1088.0,100.0
27759042-9df3-4d57-951e-f5727bcf013f,2017-07-18,2017-07,Hudson Fire,['Kern'],15,34.94373,-119.44751,1083.0,100.0
297d6516-ce4f-407d-93f8-9669dc6fd392,2017-09-03,2017-09,Mission Fire,['Madera'],20,37.21616,-119.48067,1037.0,100.0
d3213d2a-4b10-4eef-b8df-bdebc5cd948f,2017-08-06,2017-08,Chilcoot Fire,['Plumas'],32,39.75371,-120.1397,1020.0,100.0
bd671dbd-dd3c-413e-b453-4002e382325d,2017-05-26,2017-05,Range Fire,['San Diego'],37,33.34988,-117.39818,1000.0,100.0
4a015862-8ac1-4c91-aa4c-c9831630b75a,2017-09-11,2017-09,Berry Fire,['Shasta'],45,40.98352,-121.81623,900.0,100.0
95cd2f17-1278-4cc9-90f4-000e4eba415a,2017-07-16,2017-07,Grade Fire,['Mendocino'],23,39.30125,-123.28825,900.0,100.0
f31a117a-572a-4956-9797-ad08e3933bb7,2017-08-20,2017-08,Beale Fire,['Yuba'],58,39.1234,-121.32957,867.0,100.0
561d4f1b-0827-48a9-8034-e783d2761945,2017-10-26,2017-10,Wildomar Fire,['Riverside'],33,33.60247,-117.34192,866.0,100.0
06664fe1-c56c-4a00-833c-f9f3f6d6d18f,2017-08-07,2017-08,Poslin Fire,['Lassen'],18,39.888,-120.066,859.0,100.0
c982daaa-a785-4dfc-a366-1950974028af,2017-06-17,2017-06,Lake Fire,['Los Angeles'],19,34.55607,-118.60703,850.0,100.0
29c37ab7-3af9-458f-b6d3-72023a8c1046,2017-10-08,2017-10,Lobo Fire (Wind Complex),['Nevada'],29,39.24549,-121.12792,821.0,100.0
e6308517-0b7c-4efb-9369-b9aa3fe3ad14,2017-08-11,2017-08,Yankee Fire,['San Luis Obispo'],40,35.7908,-120.77485,775.0,100.0
c940ef85-44ce-4684-bce3-7cbbf180cefb,2017-06-25,2017-06,Placerita Fire,['Los Angeles'],19,34.37443,-118.49343,760.0,100.0
17a7d561-bee7-454d-a0aa-ac450907f6fd,2017-04-28,2017-04,El Dorado Fire,['Fresno'],10,36.530836,-120.206592,750.0,100.0
61cc4072-7db6-4fd2-bc9a-652728780c67,2017-07-10,2017-07,Farad Fire,['Sierra'],46,39.439722,-120.027222,747.0,100.0
c7a0a280-17c9-409b-85f9-fdda301b6ede,2017-09-03,2017-09,Peak Fire,['Mariposa'],22,37.37397,-119.83556,680.0,100.0
51e42770-97b4-4204-af57-8ab56992eb71,2017-07-29,2017-07,Jacksonville Fire,['Tuolumne'],55,37.905545,-120.408135,675.0,100.0
a3159a43-d38c-4655-9acf-371bc9a6213b,2017-06-27,2017-06,Mart Fire,['San Bernardino'],36,34.14575,-117.17813,670.0,100.0
c3ad74dc-6842-463f-8808-05161a8ba570,2017-08-14,2017-08,Mias Fire,['Riverside'],33,33.95036,-116.88066,600.0,100.0
a0ba8679-406a-491b-a20b-bba55d63bc5b,2017-06-28,2017-06,Battle Fire,['Modoc'],25,41.85763,-121.29581,562.0,100.0
d36387df-af2a-4b20-a94f-589fdccf67cd,2017-06-28,2017-06,Ben Fire,['Mariposa'],22,37.3762,-119.9646,558.0,100.0
93fe220b-0458-4e26-827c-93883093681e,2017-08-06,2017-08,W-2 Fire,['Lassen'],18,41.11989,-120.74968,530.0,100.0
39967485-2cf1-4f0e-9cf1-ccfd25f6e2bf,2017-05-20,2017-05,Ming Fire,['Kern'],15,35.4605,-118.85896,506.0,100.0
b383e4bd-6815-4624-936c-be57715ce50e,2017-07-05,2017-07,Fay Fire,['Siskiyou'],47,41.3975,-122.8428,496.0,100.0
3d595f75-d59e-4453-b25c-48207b02f529,2017-05-19,2017-05,Deluz Fire,['San Diego'],37,33.3906,-117.32348,486.0,100.0
32d7eab5-d948-4be0-af69-b233e311d2b9,2017-09-18,2017-09,Eastman Fire,['Madera'],20,37.14624,-120.015509,483.0,100.0
a1554868-0f98-41d4-9132-1f0bbf10b22c,2017-08-02,2017-08,Red Fire,['San Luis Obispo'],40,35.40357,-120.28037,460.0,100.0
1348f32a-510f-4ad3-971f-b75b9cf9f0c0,2017-07-14,2017-07,Bridge Fire,['San Bernardino'],36,34.09773,-117.10567,460.0,100.0
a9d270c5-aacb-4dad-a34e-ab28a7192248,2017-06-12,2017-06,Monterey Fire,['Fresno'],10,36.616986,-120.369347,450.0,100.0
f839c34f-de3b-4e79-9b4f-e3502557d32b,2017-09-29,2017-09,Rucker Fire,['Santa Barbara'],42,34.67403,-120.4393,444.0,100.0
2725461a-6ad1-43fd-8b83-5e219df4d558,2017-10-13,2017-10,Table Fire,['El Dorado'],9,38.848,-120.287,426.0,100.0
2aad53ef-d6c3-43dc-92e6-b2f9881ff161,2017-12-06,2017-12,Skirball Fire,['Los Angeles'],19,34.09454,-118.48178,422.0,100.0
0d93e84b-8460-4d5d-946c-630ade76747d,2017-07-21,2017-07,Elephant Fire,['Tulare'],54,36.22265,-119.06598,416.0,100.0
f09f75ff-d9fe-4a25-89d0-75dc98d1fe30,2017-07-13,2017-07,Dode Fire,['Modoc'],25,41.72163,-121.30451,410.0,100.0
04b54dc3-10a2-4fdf-bfa6-60a1fe2b0f7d,2017-07-11,2017-07,Jennings Fire,['San Diego'],37,32.84796,-116.85396,400.0,100.0
eca1021e-dfea-4dec-8470-c0eb7e4d479b,2017-05-10,2017-05,Sonoma Fire,['Fresno'],10,36.45491,-120.2445,400.0,100.0
f571f91e-bc07-450c-8822-3ecc61a27863,2017-08-30,2017-08,Pleasant Fire,['Nevada'],29,39.34292,-121.12004,392.0,100.0
b3627eac-9f2f-482a-81a6-681e60b5b24a,2017-10-17,2017-10,Bear Fire,['Santa Cruz'],44,37.18356,-122.07012,391.0,100.0
31b0e75c-b0e2-4796-b8a7-efc49e4c59a5,2017-04-03,2017-04,West Fire,['Modoc'],25,41.16716,-120.58342,380.0,100.0
23353f29-33d4-4a7b-b78e-66bc761a55c8,2017-11-13,2017-11,Chris Fire,['Mono'],26,38.46111,-119.48284,370.0,100.0
2adaf964-e996-4e55-a616-ac42375ee156,2017-07-08,2017-07,Willow Fire,['Contra Costa'],7,38.02929,-122.25544,370.0,100.0
0ed54526-1296-4863-ae40-613ee456899d,2017-06-23,2017-06,Creek Fire,['Fresno'],10,36.27306,-120.65185,357.0,100.0
743b2276-742e-4d25-be9b-60364ca880f6,2017-07-09,2017-07,Stone Fire,['San Luis Obispo'],40,35.42433,-120.47322,340.0,100.0
6802ed2f-5a5a-4a38-a236-e5a688639b6f,2017-06-07,2017-06,Dinely Fire,['Tulare'],54,36.45809,-118.87676,339.0,100.0
09e74687-85e7-488f-a5c8-8a11f75ab7d8,2017-08-10,2017-08,Rose Fire,['Kern'],15,34.92907,-118.9267,338.0,100.0
093bdb67-4c14-402d-a034-3714b7125c49,2017-08-03,2017-08,Bryant Fire,['San Bernardino'],36,34.08492,-117.03826,325.0,100.0
be5275b7-1472-4423-a9c8-0f2491179150,2017-07-19,2017-07,Marble Fire,['Del Norte'],8,41.478,-123.506,319.0,100.0
e1a8e4f1-ba7c-431a-a8c4-069fa3d3d36c,2017-12-07,2017-12,Liberty Fire,['Riverside'],33,33.59257,-117.14979,300.0,100.0
0fc2a05e-689f-4c7c-b2b4-a987840b4f2c,2017-05-15,2017-05,Bravo Fire,['Kern'],15,35.41283,-118.84466,288.0,100.0
eb87224a-f7da-4432-84ca-03a706ee3bac,2017-12-05,2017-12,Little Mountain Fire,['San Bernardino'],36,34.16564,-117.33334,260.0,100.0
918e4e6c-7814-42ed-9cd5-aa11d29367da,2017-07-22,2017-07,Lost Fire,['San Diego'],37,33.34659,-116.66107,255.0,100.0
c64e288e-d258-45e0-8357-b7a7289c0b92,2017-09-20,2017-09,Huasna Fire,['San Luis Obispo'],40,35.12269,-120.39387,245.0,100.0
a8567989-a0c5-4c31-9012-82f99d76129f,2017-09-20,2017-09,Murphy Fire,['Fresno'],10,36.24653,-120.31598,237.0,100.0
fd0a69a3-91d5-422b-bab4-dc6a4b0de134,2017-07-30,2017-07,Largo Fire,['El Dorado'],9,38.538332,-121.039267,236.0,100.0
248bba19-4fdf-4285-a210-1334454ad80a,2017-07-08,2017-07,Deer Complex,['Contra Costa'],7,37.87808,-121.78677,231.0,100.0
3980fbbb-d17b-4deb-83a4-9af2290b5272,2017-07-02,2017-07,Spring Fire,['Mariposa'],22,37.4591,-119.921,225.0,100.0
048c085b-3162-4906-beef-7aa2ba1b868d,2017-05-18,2017-05,Camp Fire,['San Luis Obispo'],40,35.34541,-120.76464,225.0,100.0
5b3329f4-1e37-4b5a-9ed6-6f8d74f495c3,2017-05-15,2017-05,Arrow Fire,['San Luis Obispo'],40,35.21177,-119.87525,225.0,100.0
2ef06870-3602-4f1a-878d-962f7259ad46,2017-06-10,2017-06,Bodfish Fire,['Kern'],15,35.59804,-118.47939,206.0,100.0
60770d23-70db-46f1-a19a-a23eaa409125,2017-07-04,2017-07,Eagle Fire,['Riverside'],33,33.85323,-117.48195,205.0,100.0
089f95f8-8834-4cc6-87c7-15cb1aeca7b8,2017-09-12,2017-09,Skeleton Fire,['Lake'],17,39.44543,-122.85194,200.0,100.0
89b5d4db-ce4e-43b9-8618-f89088d35ee1,2017-08-22,2017-08,Range Fire,['Alameda'],1,37.72543,-121.90516,200.0,100.0
2f1b8cff-f7d6-4459-866b-7c84bd531dcc,2017-08-21,2017-08,Eclipse Fire,['San Diego'],37,32.65003,-116.42907,200.0,100.0
3dcf54bc-89f5-41b3-b797-5dcdf0e629e8,2017-07-31,2017-07,Rose Fire,['Riverside'],33,33.689092,-117.396404,200.0,100.0
09425074-8348-4fbc-b95d-4939750f9345,2017-10-27,2017-10,Tehama Fire,['Tehama'],52,40.02261,-121.91425,194.0,100.0
06b43461-94d0-4379-a1d6-fd26ba93ceea,2017-05-21,2017-05,Wasioja Fire,['Santa Barbara'],42,34.9465,-119.8036,190.0,100.0
3becdf3e-b110-41ab-86ce-645e041d296f,2017-08-20,2017-08,Toll Fire,['Plumas'],32,39.9864,-120.89746,186.0,100.0
a8e4aa40-5e2a-4fd8-a858-d673576cda73,2017-06-11,2017-06,Wild Fire,['Fresno'],10,36.704679,-120.405077,186.0,100.0
733028fc-bf0a-4737-878b-78a29c9ee2ee,2017-10-16,2017-10,Rolling Fire,['Kern'],15,35.3091,-118.701,184.0,100.0
ec27a3bd-959b-48f3-872e-2c87047dbae2,2017-10-12,2017-10,Quarry Fire,['Kern'],15,35.19008,-118.76152,183.0,100.0
3c61a039-cf71-40da-89e9-bcc5a62e2c1a,2017-07-18,2017-07,Laverne Fire,['Shasta'],45,40.47106,-122.43608,180.0,100.0
1d8a8aaf-f294-46e1-8224-6ea3e8c39634,2017-07-23,2017-07,High Fire,['San Bernardino'],36,34.41204,-117.03031,170.0,100.0
a1b6ff5e-0533-408c-b02a-3061f60fb263,2017-08-19,2017-08,Hills Fire,['Riverside'],33,33.87679,-117.00258,168.0,100.0
5882937b-ffce-43af-9e0a-00dcddde214a,2017-06-20,2017-06,Evans Fire,['Sierra'],46,39.71101,-120.02325,168.0,100.0
79fd7b45-381a-4819-9dc7-f80a98010809,2017-07-10,2017-07,Honcut Fire,['Butte'],4,39.37192,-121.53865,166.0,100.0
bfc6b8e4-8021-44ca-8f92-58c724682ba1,2017-08-26,2017-08,Peg Fire,['Lassen'],18,40.80968,-120.48641,157.0,100.0
f62bd692-7aae-4e46-8284-239150acced0,2017-06-08,2017-06,26 Fire,['Madera'],20,37.12759,-120.0193,157.0,100.0
19ada70e-4932-449c-8483-d65685995487,2017-09-19,2017-09,Corral Fire,['Alameda'],1,37.63358,-121.49925,155.0,100.0
e9862c12-da9f-4205-9993-91a3b1437de4,2017-07-29,2017-07,Hill Fire,['Siskiyou'],47,41.9808,-121.9741,155.0,100.0
54bad310-3a96-4019-b64d-61d00c559e6c,2017-06-18,2017-06,Smiley Fire,['Riverside'],33,33.98639,-117.21314,153.0,100.0
579d5d2a-0e51-4058-92c7-37abd7fe4aad,2017-10-09,2017-10,Honey Fire,['Butte'],4,39.74679,-121.67261,150.0,100.0
907cd7cd-cc26-4529-a9f8-cee1e1560086,2017-07-24,2017-07,Olive Fire,['San Luis Obispo'],40,35.7751,-120.23656,150.0,100.0
1c51deff-5b43-4f54-8acc-a682f830815a,2017-06-14,2017-06,Lucy Fire,['San Luis Obispo'],40,35.6871,-120.3187,150.0,100.0
9a555129-982b-486f-a333-c96b3f9c4d2e,2017-05-17,2017-05,41 Fire,['Madera'],20,36.90967,-119.79315,150.0,100.0
45699833-fa34-4eed-9520-8c8019426122,2017-04-30,2017-04,Tower Fire,['San Bernardino'],36,34.30104,-117.45646,150.0,100.0
eb8b50ba-b6bc-4668-b3f1-dcdbfbe71b17,2017-10-14,2017-10,River Fire,['Trinity'],53,40.46836,-123.51619,148.0,100.0
efa1dc61-85e3-4fb6-b6f6-04c3845d9ca6,2017-09-19,2017-09,Grape Fire,['Mendocino'],23,39.02482,-123.1362,146.0,100.0
01202971-a157-41f8-91cc-cf7c3b8f9473,2017-09-28,2017-09,Soda Fire,['Butte'],4,40.07613,-121.56858,143.0,100.0
2fd950a8-fadb-467c-ab59-88e7ea007738,2017-07-26,2017-07,Ranch Fire,['El Dorado'],9,38.559707,-120.70013,140.0,100.0
f7a51800-b219-428c-aef0-ee5fa5de4d64,2017-09-17,2017-09,French Fire,['El Dorado'],9,38.5758,-120.915,136.0,100.0
ce6fb2ba-9799-4b36-a64f-8bf02392d6ee,2017-07-28,2017-07,Gorman Fire,['Los Angeles'],19,34.792882,-118.851943,135.0,100.0
5f0c7697-7be3-49af-b98c-f5789e3ca6f9,2017-06-14,2017-06,King Fire,['Tulare'],54,35.8556,-118.74542,135.0,100.0
a2d42b3a-32a4-4b57-a8c2-91e5d046bbb6,2017-06-16,2017-06,Skyway Fire,['Butte'],4,39.69717,-121.75417,134.0,100.0
f30518d1-83ef-440c-8058-d4189bfedab7,2017-10-09,2017-10,Point Fire,['Calaveras'],5,38.40234,-120.52953,130.0,100.0
10a447c8-708f-44a3-8679-251500c761d6,2017-09-01,2017-09,Border Fire,['San Diego'],37,32.6001,-116.76997,130.0,100.0
87d7fb46-00f9-4bae-ba35-a7ef8e58a70e,2017-05-02,2017-05,Olive Fire,['San Luis Obispo'],40,35.78286,-120.22647,130.0,100.0
2b043a7e-234c-43f7-852c-21fcb9ddc200,2017-07-01,2017-07,Oak Fire,['Shasta'],45,40.69554,-122.0122,128.0,100.0
d804eebf-71de-46de-90c2-cdf0694d27e3,2017-04-30,2017-04,Tumey Fire,['Fresno'],10,36.5355,-120.6585,126.0,100.0
8779fe43-665b-4643-a730-6344c44018c7,2017-08-13,2017-08,Coronado Fire,['Mariposa'],22,37.62823,-120.30046,125.0,100.0
1f8c73d1-2cb8-4e98-bd44-d6dccd601c7e,2017-07-30,2017-07,Twist Fire,['Tuolumne'],55,37.90014,-120.36005,124.0,100.0
58d62aeb-29f5-45f5-93ac-a657b0708149,2017-08-04,2017-08,Stewart Fire,['Riverside'],33,34.009026,-117.239099,122.0,100.0
17cd878b-0d5d-49ff-b205-7e0203908f4c,2017-09-03,2017-09,Margarita Fire,['San Luis Obispo'],40,35.31886,-120.50886,120.0,100.0
45a205f4-bcd2-44bd-886b-26260c686ce7,2017-05-25,2017-05,Lamb Fire,['Riverside'],33,33.88287,-116.99651,120.0,100.0
2f9f1bf9-6188-46a2-b91f-f212cdd21528,2017-07-17,2017-07,Maria Fire,['Calaveras'],5,38.29113,-120.62177,117.0,100.0
e8c7f247-bc31-4e5b-bf71-fe903366d9e5,2017-10-17,2017-10,Fallon Fire,['Alameda'],1,37.7393,-121.85663,116.0,100.0
4b885d8c-8951-46c5-a3d1-520cfd0ac964,2017-08-11,2017-08,Canyon Fire,['Napa'],28,38.49336,-122.2483,114.0,100.0
90473f02-6572-4a9b-9451-1a18a4bee1ed,2017-08-26,2017-08,Flat Fire,['Fresno'],10,36.93332,-119.43376,111.0,100.0
1b1ba02e-9db3-4224-9d8d-06d5df529f16,2017-06-22,2017-06,Lone Fire,['Butte'],4,39.38416,-121.5786,111.0,100.0
cb3599f6-751d-4072-8db1-6e366ac603c9,2017-09-26,2017-09,Poly Fire,['San Luis Obispo'],40,35.3024,-120.65279,105.0,100.0
380df891-161a-44c7-a244-d7dda9d5fd32,2017-06-15,2017-06,Canyon Fire,['Riverside'],33,33.950382,-116.884446,105.0,100.0
510c877d-b80b-423f-b7e0-4276ce646f4a,2017-07-19,2017-07,Humboldt Fire,['Butte'],4,39.76243,-121.74121,103.0,100.0
4adae6c4-71c9-46d1-9743-e04f186b2c3e,2017-08-30,2017-08,Coalinga Fire,['Fresno'],10,36.36113,-120.32685,102.0,100.0
580ce9d9-b8dc-4dc1-9f10-11bf48df9492,2017-07-11,2017-07,Lariat Fire,['Santa Clara'],43,37.39801,-121.8179,101.0,100.0
773795d8-5801-4f7c-a2fe-3f8d0ae18f51,2017-10-21,2017-10,Church Fire,['San Diego'],37,32.64962,-116.37345,100.0,100.0
3f481060-1106-4857-8ac3-374a68763922,2017-10-15,2017-10,Oakmont Fire (Central LNU Complex),['Sonoma'],49,38.46123,-122.58152,100.0,100.0
a7ecc679-7fbc-4370-9a55-8e17bf262a2e,2017-10-14,2017-10,Long Fire,['Lake'],17,39.0199,-122.57487,100.0,100.0
03d74bbd-627c-47af-a2e9-5351e6e16f6a,2017-10-02,2017-10,Timm Fire,['Solano'],48,38.43658,-121.97233,100.0,100.0
7b02d757-4f96-4616-99d5-04e4eaa34440,2017-09-04,2017-09,Bally Fire,['Santa Clara'],43,36.99092,-121.59899,100.0,100.0
a983c540-b47c-4250-a65d-c5d3d76c9b3b,2017-09-03,2017-09,Parkfield Fire,['Fresno'],10,36.09486,-120.52189,100.0,100.0
a8ab00de-6074-45a0-9e3d-f43b090e8346,2017-08-11,2017-08,Tilton Fire,['Santa Clara'],43,37.14653,-121.68165,100.0,100.0
32a79e9b-8ce3-477e-b698-2eb16ef66aac,2017-07-31,2017-07,Mile Fire,['San Bernardino'],36,34.19076,-117.26969,100.0,100.0
666b3951-76ce-4351-abc6-3e0518d44901,2017-11-29,2017-11,Oak Fire,['San Bernardino'],36,34.035344,-116.940661,99.0,100.0
ab009bd1-6784-4fda-a931-532520742a8b,2017-08-07,2017-08,Reed Fire,['Riverside'],33,33.57139,-116.8247,92.0,100.0
89f34aa8-eaf3-4d19-8ef0-005102e82831,2017-07-05,2017-07,Auberry Fire,['Fresno'],10,36.95104,-119.65621,91.0,100.0
549222c5-1be6-4453-896a-caebd19b0bee,2017-06-06,2017-06,Wilbur Fire,['Butte'],4,39.52499,-121.64897,91.0,100.0
eeef101a-3a50-4407-8e6d-cd80d0d07599,2017-07-07,2017-07,Daulton Fire,['Madera'],20,37.09773,-120.02027,90.0,100.0
2049dbb6-1a87-4d9d-abde-092d35072934,2017-10-06,2017-10,Ridge Fire,['Lake'],17,39.15016,-122.576,87.0,100.0
fc8f89b5-988a-4a23-b9e3-333cc690363e,2017-10-24,2017-10,Vista Fire,['Ventura'],56,34.34949,-119.30918,86.0,100.0
7bc10ea0-55b4-40bd-8eca-36ec10106528,2017-08-31,2017-08,Marlborough Fire,['Riverside'],33,117.337331,34.015742,85.0,100.0
dd6c5dfb-e5f5-4c1b-ab7f-aa9f3a4f60fc,2017-08-03,2017-08,Saw Fire,['Humboldt'],12,40.11794,-123.76099,85.0,100.0
84c8a735-9e8f-4310-84ab-39079ad1ea14,2017-07-22,2017-07,Dollar Fire,['San Bernardino'],36,34.20152,-117.14466,85.0,100.0
5da65d7f-cc75-4c0c-b221-1a1e3000a120,2017-06-29,2017-06,Ranch Fire,['Santa Clara'],43,37.3344,-121.71752,85.0,100.0
e65c3e0b-08d9-43cf-b1ac-8e57d5f407fc,2017-08-08,2017-08,Country Fire,['Monterey'],27,35.86596,-120.64584,82.0,100.0
d12bbce8-5acb-43ef-a259-4fbaf90d32ff,2017-10-13,2017-10,Loma Fire,['San Diego'],37,33.38613,-117.46709,81.0,100.0
d20645f2-81b9-450f-abc1-433b81bd7fea,2017-12-29,2017-12,Holiday Fire,['El Dorado'],9,38.869036,-119.61865,80.0,100.0
ba20d998-185c-48ac-8006-15aadf4d3106,2017-09-04,2017-09,Mills File,['Plumas'],32,40.13278,-120.9204,79.0,100.0
92d70dc0-19af-4c87-ab01-8c7051caab73,2017-05-31,2017-05,Fountain Fire ,['Tulare'],54,35.89423,-119.00334,79.0,100.0
e8ebb6f2-16f5-4342-bce1-d36ff9c9422c,2017-07-23,2017-07,Castro Fire,['Santa Clara'],43,36.96607,-121.55552,78.0,100.0
80f2c7d1-d28d-43d0-97a3-ff53cc991a8c,2017-06-04,2017-06,Spring Fire ,['Tehama'],52,40.38944,-122.13088,78.0,100.0
9a2b8ac1-41f4-4f98-a4e1-9b5ddee37251,2017-10-09,2017-10,McCourtney Fire (Wind Complex),['Nevada'],29,39.19325,-121.08406,76.0,100.0
0956bfcb-8915-4163-b4ed-4f3a6ab32895,2017-06-12,2017-06,Tivy Fire,['Fresno'],10,36.8005,-119.35901,76.0,100.0
98bf51ea-bf23-40a3-b95e-4b795baced3e,2017-09-26,2017-09,Linne Fire,['San Luis Obispo'],40,35.5956,-120.56068,74.0,100.0
f75027cb-2526-4524-989f-71d0d56353ec,2017-07-08,2017-07,Axel Fire,['El Dorado'],9,38.7803,-120.97111,74.0,100.0
67c20627-e6cb-4900-9f40-01e8da154a53,2017-07-07,2017-07,Bryant Fire,['San Bernardino'],36,34.07612,-117.06765,74.0,100.0
92a8a466-061b-430a-87f9-3b5192947578,2017-10-13,2017-10,Lynch Fire,['San Luis Obispo'],40,35.78616,-120.96514,73.0,100.0
244961af-65d5-472b-972f-e02df96e9ccb,2017-07-18,2017-07,Ellis Fire,['Riverside'],33,33.75526,-117.25075,72.0,100.0
47dd7f12-4141-473e-b2c1-2e625df3b784,2017-08-02,2017-08,Camatta Fire,['San Luis Obispo'],40,35.4403,-120.2913,70.0,100.0
0726d9f7-2baa-4652-b1d6-cbab45783f64,2017-07-17,2017-07,Sand Fire,['Colusa'],6,39.01224,-122.20127,70.0,100.0
9a1a4247-479d-46ff-99cc-4251c5e333fa,2017-07-10,2017-07,Felipe Fire,['Santa Clara'],43,37.25014,-121.68562,70.0,100.0
b3fc6dff-f13a-41c4-b7f3-e9e960a941d5,2017-05-20,2017-05,Manning Fire,['Fresno'],10,36.60736,-120.5828,70.0,100.0
386b7562-fe70-490b-a92c-a3c21eece0c2,2017-08-28,2017-08,Hill Fire,['Fresno'],10,36.7279,-119.28241,69.0,100.0
bf3148c5-75dd-4f79-8b3b-c5b483065b47,2017-06-01,2017-06,Clay Fire,['Sacramento'],34,38.33707,-121.11113,68.0,100.0
b02f2513-9359-45e2-9971-08f7b1f0dc0f,2017-06-04,2017-06,River Fire,['Lassen'],18,40.03392,-120.1064,67.0,100.0
8740caa0-f86c-4103-b830-0435b9933a2b,2017-06-21,2017-06,Orange Fire,['Stanislaus'],50,37.82934,-120.68992,65.0,100.0
ee20b421-06cd-40d2-a22c-0f9e8ddeee71,2017-07-29,2017-07,Placentia Fire,['Riverside'],33,33.81976,-117.18552,63.0,100.0
1dfae538-fd95-4454-865d-3d74e4b56665,2017-06-15,2017-06,Westfall Fire,['Mariposa'],22,37.36914,-120.0088,63.0,100.0
1f8d9fe1-e644-4f53-88ae-4418cc0b4451,2017-08-26,2017-08,Montezuma Fire,['San Diego'],37,33.20988,-116.46989,62.0,100.0
21714c67-dc5a-4d86-8794-79d85f87b71b,2017-08-08,2017-08,Bottle Fire,['Lake'],17,38.94599,-122.81135,62.0,100.0
b3a6b47f-105b-4f66-b12a-76c563457a5d,2017-07-08,2017-07,Lake Fire,['Stanislaus'],50,37.64898,-120.4925,62.0,100.0
ffb57bcc-80f7-4299-bfcf-c9be3b66d5ff,2017-06-18,2017-06,Bolla Fire,['Tehama'],52,40.32063,-122.83208,60.0,100.0
80844950-65c8-44ec-b63a-7e51412fea0c,2017-07-17,2017-07,Fox Fire,['Tulare'],54,36.18815,-118.78928,59.0,100.0
6f9581fa-7c8a-45d1-988d-0a299fc15d62,2017-07-12,2017-07,Quail Fire,['Calaveras'],5,38.18303,-120.85322,59.0,100.0
46d1ec10-be8e-474a-b98f-ba7cd3521ccd,2017-10-11,2017-10,Silver Fire,['Fresno'],10,36.7528,-119.2288,58.0,100.0
ab08cb64-67c4-4e7d-8081-b5574131f755,2017-09-12,2017-09,Slides Fire,['Lake'],17,39.42604,-123.03344,58.0,100.0
7a317400-8838-4fd4-8c2f-b8c12add5d6a,2017-07-18,2017-07,Hogback Fire,['Tulare'],54,36.64404,-118.99944,58.0,100.0
effeee13-51d7-4cf2-a62f-93b47b34605a,2017-07-07,2017-07,Tower Fire,['San Luis Obispo'],40,35.346,-120.62825,58.0,100.0
a3bd6249-555a-4ee1-99c0-69333d71bdfb,2017-07-28,2017-07,Live Fire,['Tehama'],52,40.1583,-122.3209,57.0,100.0
36d953e8-265f-4b05-831e-42eb2298b208,2017-07-04,2017-07,Freedom Fire,['Fresno'],10,36.81476,-119.51592,57.0,100.0
f173524a-ae01-47f5-942d-5e90c2b96469,2017-06-18,2017-06,Bogus Fire,['Siskiyou'],47,41.93006,-122.36545,56.0,100.0
c9009967-c0c1-47d3-b2eb-47b2d7a5da0e,2017-09-23,2017-09,Estate Fire,['Solano'],48,38.4446,-122.0041,55.0,100.0
62b8a6af-700a-4c93-85d5-a9b85a30faf5,2017-08-29,2017-08,Owens Fire,['Siskiyou'],47,41.99483,-121.90077,55.0,100.0
d1ec9e43-04bd-4926-8362-5e04afe39c90,2017-06-29,2017-06,Topanga Fire,['Los Angeles'],19,34.03941,-118.58624,55.0,100.0
59fae761-fd49-4f06-a2e9-1495c00eb7e9,2017-08-29,2017-08,Bradley Fire,['Siskiyou'],47,41.222,-122.292,54.0,100.0
f8cd3b44-ec6b-4338-9edc-ebd879a8aafc,2017-08-29,2017-08,Bradley Fire,['Siskiyou'],47,41.222,-122.27499,54.0,100.0
d515cbcc-376e-4bc7-adea-189eff5a7735,2017-06-22,2017-06,Quimby Fire,['Santa Clara'],43,37.33454,-121.76323,54.0,100.0
7b95ce91-9581-4fe6-887d-ab1bf6420205,2017-07-27,2017-07,Weller Fire,['Santa Clara'],43,37.44485,-121.84108,51.0,100.0
fb042e0f-1aab-4ac4-9d09-947c9b9f14b6,2017-10-26,2017-10,Tank Fire,['Kern'],15,35.21556,-118.56578,50.0,100.0
33bf7f90-edd9-4bf7-a079-561d5dad25c9,2017-10-23,2017-10,Extension Fire,['Riverside'],33,33.8826,-117.00589,50.0,100.0
dcd7fb2e-3a4f-427e-9b13-1d2bcb0e8ac6,2017-10-17,2017-10,Wilson Fire,['Los Angeles'],19,34.22551,-118.05545,50.0,100.0
81b26bc7-7d65-4591-9d27-4e698cab4f12,2017-09-12,2017-09,Skeggs Fire,['San Mateo'],41,37.41591,-122.3001,50.0,100.0
e4834d78-fd4a-44b4-8669-52cbdc41113d,2017-08-05,2017-08,Calgary Fire,['Kern'],15,35.70639,-118.47307,50.0,100.0
a26038b9-df04-4ade-b918-0c4fb9a8dbcf,2017-07-17,2017-07,Mesa Fire,['Santa Barbara'],42,34.72379,-120.13249,50.0,100.0
5a52750e-30a0-4d26-a75b-58f79e1e24f4,2017-07-08,2017-07,West Fire,['Yuba'],58,39.06308,-121.303,50.0,100.0
f6970f10-0498-4f4c-8e0c-d4b7e4fbf888,2017-07-04,2017-07,Grade Fire,['Ventura'],56,34.20599,-118.98603,50.0,100.0
2f97537a-1333-4dfc-b7a3-b7bf9400ffdd,2017-07-03,2017-07,Lago Fire,['Riverside'],33,33.87739,-117.16215,50.0,100.0
3fc7de4e-3a0f-45e9-be1f-801f88770883,2017-06-13,2017-06,Douglas Fire,['San Diego'],37,33.23281,-117.29509,50.0,100.0
e7cb239e-7d9e-440d-ba5a-c6881406ce95,2017-09-21,2017-09,Power Fire,['Madera'],20,36.94652,-120.90462,48.0,100.0
2db503da-a7b2-47a6-92a6-697799eb63f1,2017-05-28,2017-05,Serenas Fire,['Riverside'],33,33.58577,-116.07429,48.0,100.0
c265dfe8-6217-4a0d-9ea9-37be3b38baef,2017-11-26,2017-11,Bitterwater Fire,['San Benito'],35,36.38109,-121.00391,47.0,100.0
7dd19215-986b-4365-a40d-2267b4a05de0,2017-07-20,2017-07,Zenon Fire,['San Luis Obispo'],40,35.06472,-120.5634,47.0,100.0
78754c68-2800-4c5d-aff0-ab0b399ab5ce,2017-08-27,2017-08,Canyon Fire,['Riverside'],33,33.6444,-117.3968,46.0,100.0
826b4661-020b-425d-84ec-9426c39839e7,2017-07-12,2017-07,Hidden Fire,['San Bernardino'],36,34.149,-117.189,46.0,100.0
f8b61fab-bd14-4e92-960a-d512693ea8e5,2017-06-06,2017-06,Whitepine Fire,['Siskiyou'],47,41.8721,-122.4571,46.0,100.0
e32c7957-8f4f-4ec1-a0f6-98085a2a7e89,2017-12-21,2017-12,Riverbottom Fire,['Riverside'],33,33.9885,-117.38417,45.0,100.0
f8ce12e2-e7c1-4922-b584-63e4421d0598,2017-10-09,2017-10,Pozo Fire,['San Luis Obispo'],40,35.28738,-120.44448,45.0,100.0
95960fa6-58ba-4b4e-aeb2-ada97d699908,2017-04-03,2017-04,Grace Fire,['Shasta'],45,40.48712,-121.85645,45.0,100.0
399dba2c-02c1-4756-a76d-1198d0e838ed,2017-08-28,2017-08,Mines Fire,['Alameda'],1,37.56181,-121.56425,44.0,100.0
eadd73be-51ab-4078-91cc-04784be3f17f,2017-11-02,2017-11,Roser Fire,['Tehama'],52,39.81517,-122.28165,43.0,100.0
ed4e06ba-6d17-459a-831a-9b15a9bd116e,2017-09-11,2017-09,Pine Fire,['Monterey'],27,36.17297,-120.87609,43.0,100.0
abe2311a-4ce6-4300-9716-4fb3fe538c75,2017-06-30,2017-06,Lockwood Fire,['Monterey'],27,35.96275,-121.08753,42.0,100.0
982c81ca-ebe5-4591-986d-1f3e2e4cc13c,2017-06-24,2017-06,Paskenta Fire,['Tehama'],52,40.10282,-122.27379,42.0,100.0
7967c729-4693-47a1-b1bc-1d82825ca8db,2017-06-03,2017-06,Jones Fire,['Modoc'],25,41.38247,-120.53443,42.0,100.0
f0dbf1f5-9f21-4d11-a432-d32f7f18c412,2017-08-13,2017-08,Ward Fire,['Siskiyou'],47,41.99279,-122.9401,41.0,100.0
6f2f8dc0-b930-435e-a622-d3585dcac067,2017-06-29,2017-06,Stokes Fire,['Los Angeles'],19,34.10446,-118.70294,41.0,100.0
9f416f37-a8ca-4127-a6b7-02626fd32e06,2017-05-14,2017-05,Feed Fire,['Kern'],15,35.05076,-118.90004,41.0,100.0
c425ed8d-1aab-44c8-bc03-39675ad2b0d2,2017-12-04,2017-12,Riverdale Fire,['Riverside'],33,33.96514,-117.4764,40.0,100.0
60d9b4f4-7b48-4820-9adc-5be0b4353a5c,2017-11-15,2017-11,Palm Fire,['Riverside'],33,33.90327,-116.50151,40.0,100.0
50bd55cc-7c58-462d-a919-923b4bdcca15,2017-10-24,2017-10,Freeway Fire,['San Bernardino'],36,34.13534,-117.4982,40.0,100.0
6ab80358-cb3c-4e2a-85da-0cd77003fc12,2017-10-08,2017-10,Jones Fire,['Shasta'],45,40.70627,-122.24199,40.0,100.0
62a5257e-a841-4f7a-ae19-52aa89570bd9,2017-09-29,2017-09,Lakewood Fire,['Kern'],15,35.59302,-118.46734,40.0,100.0
59d6fc84-0d58-4e29-b910-1993dba51b3a,2017-09-12,2017-09,Hole Fire,['Del Norte'],8,41.98128,-124.01168,40.0,100.0
18a2b3d6-d86e-4147-ab42-d45b8792e98a,2017-08-28,2017-08,Translator Fire,['Humboldt'],12,41.02705,-123.63721,40.0,100.0
becd0762-0e22-4c54-a1c5-3ecd3660dd70,2017-08-26,2017-08,Vestal Fire,['Tehama'],52,40.29831,-122.70449,40.0,100.0
1ba1f29a-5281-4f53-857d-106ae5e7db84,2017-07-17,2017-07,Murphy Fire,['Lake'],17,38.86056,-122.62382,40.0,100.0
13dedbc3-8b85-4f64-b3db-89ed81ed4f1d,2017-07-16,2017-07,Reservation Fire,['Monterey'],27,36.66684,-121.74826,40.0,100.0
38c666cb-6545-428f-985d-a2589dfb3700,2017-09-19,2017-09,Table Fire,['Tuolumne'],55,37.896778,-120.504134,39.0,100.0
ebcee501-5709-4382-8eab-d8595ba6606d,2017-07-24,2017-07,Spenceville Fire,['Yuba'],58,39.06522,-121.3519,39.0,100.0
949e577d-86c2-4def-b25a-c24aa014f4d9,2017-06-22,2017-06,Toll Fire,['Solano'],48,38.07481,-122.23004,39.0,100.0
243567d6-2692-4978-88f5-1bbfc7b818a6,2017-06-27,2017-06,Pine Fire,['Marin'],21,37.9775,-122.65749,38.0,100.0
5d521085-d92f-4664-b17b-732783658daa,2017-06-12,2017-06,Red Fire,['Tuolumne'],55,37.85137,-120.45268,38.0,100.0
2ca11d45-8139-4c16-8af0-880d99b21e82,2017-10-31,2017-10, Bridge Fire,['Shasta'],45,40.774,-122.309,37.0,100.0
932a3f2f-6c0e-42a6-b357-f333774b4ea8,2017-07-07,2017-07,Banderilla Fire,['Mariposa'],22,37.65963,-120.34802,36.0,100.0
49a9074c-c30b-4042-9ffd-1a10f9d9bf1d,2017-06-25,2017-06,Black Fire,['San Diego'],37,33.1683,-116.77342,36.0,100.0
58533f37-ed81-4ac4-89e9-b4088684d9e7,2017-09-30,2017-09,Melba Fire,['Riverside'],33,33.74925,-117.10301,35.0,100.0
bf2e0a34-e600-4e21-9135-168e28c2893d,2017-07-12,2017-07,Spaletta Fire,['Marin'],21,38.08055,-122.77846,35.0,100.0
252345dd-886b-4bd2-90b9-161727a2fc2d,2017-07-04,2017-07,Jurupa Fire,['Riverside'],33,33.99316,-117.48405,35.0,100.0
4f0ff7c1-7c96-4f68-87e8-be4466945c2b,2017-06-27,2017-06,Latrobe Fire,['Sacramento'],34,38.45822,-120.92162,35.0,100.0
b11adfe0-b74d-4321-b1bd-3fc0b8f0929b,2017-06-09,2017-06,Breckenridge Fire,['Kern'],15,35.37351,-118.84134,35.0,100.0
54ddf2ef-28b0-4c34-bfe0-1d084f4f57e2,2017-05-21,2017-05,Smiley Fire,['Riverside'],33,33.96419,-117.20507,35.0,100.0
c5783ba0-227e-4ff6-9d7d-61532ccd469b,2017-12-05,2017-12,Meyers Fire,['San Bernardino'],36,34.21829,-117.40625,34.0,100.0
99a7ed51-e64a-4aa9-b8ba-6a9ae4752db0,2017-09-10,2017-09,Ellie Fire,['Riverside'],33,33.73547,-117.33364,34.0,100.0
62a6c794-97db-4b57-9033-958bcf2e5a99,2017-08-31,2017-08,Miller Fire,['Humboldt'],12,40.03697,-123.64214,34.0,100.0
9668cfe5-b636-4147-bce1-da8e8b3fb5c2,2017-07-04,2017-07,Valley Fire,['San Benito'],35,36.85596,-121.30983,34.0,100.0
bc89aab5-5f30-46a2-9881-6dbae22893b6,2017-07-07,2017-07,Christmas Fire,['Riverside'],33,33.763304,-117.314994,33.0,100.0
67ba6e61-b5ca-48f4-8e56-9cedeaeb65ea,2017-06-13,2017-06,Valley Fire,['Riverside'],33,33.584036,-116.972036,33.0,100.0
46c4f0c2-6760-4e42-ac2f-ec25c2486628,2017-06-05,2017-06,Creek Fire ,['Kern'],15,35.60633,-118.4642,33.0,100.0
5ef75bbf-adba-424a-bef3-a5efed5b5e2c,2017-08-02,2017-08,Sandy Fire,['Trinity'],53,40.804,-123.375,32.0,100.0
5367822f-b489-4da5-b90e-c5b2c8abf318,2017-08-02,2017-08,Sandy Fire,['Trinity'],53,40.79902,-123.39253,32.0,100.0
bfa2d3e8-2ede-423f-b7db-f8e6f44a3c82,2017-07-13,2017-07,Washington Fire,['Riverside'],33,33.62613,-117.07975,32.0,100.0
7cae5704-9ba2-487c-a48b-bb440c95da6e,2017-06-16,2017-06,Shore Fire,['Monterey'],27,35.90092,-120.93371,32.0,100.0
f32d4562-5032-4645-ac8f-afb3fab4c704,2017-06-12,2017-06,Pleyto Fire,['Monterey'],27,35.902149,-120.983684,32.0,100.0
c58da6fd-a2e2-4706-9a2e-ee03884c714d,2017-10-15,2017-10,York Fire,['Monterey'],27,36.5858,-121.80377,31.0,100.0
83d87ff0-be6c-46fa-ab96-b9845d5d4edc,2017-08-23,2017-08,Juniper Fire,['Fresno'],10,36.099681,-120.443545,31.0,100.0
5115a26e-e8e8-42cd-9aeb-f5c41efd770a,2017-05-12,2017-05,Hub Fire,['Kern'],15,35.60001,-118.4683,31.0,100.0
1e9d7aca-8862-4dff-a8af-5f687afdfda0,2017-08-31,2017-08,Castaic Fire,['Los Angeles'],19,34.52055,-118.62882,30.0,100.0
e1582691-805c-4627-b20b-e5e8ba110f20,2017-08-03,2017-08,Blocksburg Fire,['Humboldt'],12,40.27582,-123.64281,30.0,100.0
b51d7a8d-f768-453e-abb4-665b74998b21,2017-07-04,2017-07,Timber Fire,['Riverside'],33,33.96896,-117.25411,30.0,100.0
0e9f14ae-01d5-4fbe-85a0-d0967233dc90,2017-10-10,2017-10,Ice Fire,['El Dorado'],9,38.77921,-120.46234,29.0,100.0
de1788c0-2996-40cf-9f76-2920b210d6a9,2017-07-09,2017-07,Benson Fire,['Tehama'],52,40.29118,-122.42606,29.0,100.0
cf38fe5e-29ca-498d-bc9c-d3f2fd8ff883,2017-09-25,2017-09,32 Fire,['Butte'],4,39.8255,-121.7127,28.0,100.0
5e01dba8-3d59-41a6-ba60-d78d874eba42,2017-08-30,2017-08,4-4 Fire,['Modoc'],25,41.4844,-120.36659,28.0,100.0
2c00a509-af87-418f-b888-edc8ec450f1f,2017-06-27,2017-06,Shore Fire,['Del Norte'],8,41.93323,-124.19629,28.0,100.0
57b7776f-bae7-4b14-b94c-65806e002a88,2017-06-15,2017-06,Nuevo Fire,['Riverside'],33,33.79925,-117.11659,28.0,100.0
182f71e9-0f85-4cb0-8711-ee14c0b6b8f8,2017-08-30,2017-08,4-10 Fire,['Modoc'],25,41.64469,-120.31814,27.0,100.0
b0ffe2e4-ae61-4ad9-b1cc-bf31ff254d8d,2017-06-03,2017-06,Vernon Fire,['Riverside'],33,33.82165,-116.96079,27.0,100.0
ab42234a-7930-4636-8af5-3fc11ca8b34d,2017-09-26,2017-09,Jasper Fire,['Yuba'],58,39.03168,-121.40947,26.0,100.0
bfa879b5-b526-4114-9137-51d3ea3ad336,2017-06-18,2017-06,Trellis Fire,['Riverside'],33,33.71025,-117.31924,26.0,100.0
663d291c-7ba8-415d-9cab-58d41a886cfd,2017-06-01,2017-06,Fairview Fire,['Riverside'],33,33.94788,-116.59719,26.0,100.0
d720af5d-af7c-4052-92b3-fced863cb675,2017-10-15,2017-10,Wilson Fire,['San Diego'],37,33.18716,-116.50897,25.0,100.0
92fc9725-ac49-4632-8bbf-e299483940b8,2017-09-23,2017-09,Cove Fire,['San Luis Obispo'],40,35.76343,-121.04445,25.0,100.0
d0b51e42-5558-47c9-8617-34f6f977ab79,2017-09-07,2017-09,Border 9 Fire,['San Diego'],37,32.59252,-116.61609,25.0,100.0
406e30d2-2ac0-4c0b-998c-761adde20177,2017-09-01,2017-09,Hopper Fire,['Shasta'],45,40.71923,-122.02525,25.0,100.0
7696644d-0908-4149-8d6e-aa50c1233d67,2017-06-27,2017-06,Sloane Fire,['San Diego'],37,32.7789,-116.8516,25.0,100.0
b3695ebc-e761-4577-8439-6330bed36594,2017-06-18,2017-06,Road Fire,['Madera'],20,37.02081,-119.95136,25.0,100.0
14e249f0-f21c-4d2f-bc5f-68d5d177e849,2017-06-03,2017-06,5 Fire,['Los Angeles'],19,34.29931,-118.37539,25.0,100.0
9b9bf8b4-8378-46e5-a760-67e89e2279e2,2017-05-24,2017-05,Ribbonwood Fire,['San Diego'],37,32.679,-116.29296,25.0,100.0
61e9a1f4-a263-47a0-93ee-64b52ebd92a9,2017-10-10,2017-10,Portola Fire,['Riverside'],33,33.50488,-117.02132,23.0,100.0
c4f61042-d1ef-4d00-956d-785368ee34ca,2017-09-26,2017-09,Edwards Fire,['Alameda'],1,37.77982,-122.169,22.0,100.0
7d77d3d1-40b5-40ab-8a53-2550f2001094,2017-07-05,2017-07,Gold Fire,['Calaveras'],5,38.20176,-120.67848,22.0,100.0
7d9de7fd-f95d-4edb-bda6-804b734eedc8,2017-06-13,2017-06,Refuge Fire,['Napa'],28,38.68347,-122.2654,22.0,100.0
494792db-3107-4323-b176-fde4c58cd647,2017-10-20,2017-10,Soda Fire,['San Luis Obispo'],40,35.41112,-120.00353,21.0,100.0
180ea977-b5c2-483d-b9f4-c2f8b8b05ebe,2017-09-05,2017-09,Mule Fire,['Lake'],17,39.01748,-122.49327,21.0,100.0
0a664214-c090-4889-8439-06836f89d830,2017-07-05,2017-07,Globe Fire,['Tulare'],54,36.10858,-118.81979,21.0,100.0
981484d0-711c-4a7b-9adc-23c9b29f9fae,2017-06-22,2017-06,Highway Fire,['Butte'],4,39.364,-121.4143,21.0,100.0
2d09e106-116c-4a9f-a3de-dae03df6de6a,2017-06-13,2017-06,Platina Fire,['Shasta'],45,0.0,0.0,21.0,100.0
f5ef2d0f-66a7-4d75-a9e8-03c42524d723,2017-05-22,2017-05,Bitterwater Fire,['San Benito'],35,36.35578,-120.99552,21.0,100.0
e2c1718a-40e5-4139-a379-011c77f021bd,2017-10-08,2017-10,Blue Fire,['Humboldt'],12,40.88516,-123.96844,20.0,100.0
fc87e089-36dc-4314-8321-7d91e7eead21,2017-10-08,2017-10,Fort Fire,['Sonoma'],49,38.51937,-123.24713,20.0,100.0
bc12dbf6-db36-4dcf-86d6-84d3beb14cad,2017-10-03,2017-10,36 Fire,['Tehama'],52,40.20077,-122.24731,20.0,100.0
09f55a45-f261-492f-b496-8744d878ef57,2017-08-01,2017-08,Falls Fire,['Tuolumne'],55,37.65986,-120.31157,20.0,100.0
a441e39a-1be1-4be5-8c07-b32bc6f07df0,2017-07-22,2017-07,Seine Fire,['San Bernardino'],36,34.139,-117.199,20.0,100.0
7f742021-ea49-4de5-89a2-f5b9d05d6bbb,2017-07-17,2017-07,Range Fire,['Mendocino'],23,39.13207,-123.10227,20.0,100.0
338af3e2-098b-4d1b-8f98-6020b212b68f,2017-06-14,2017-06,Reed Fire,['Riverside'],33,33.52584,-116.85226,20.0,100.0
304c7c4c-140e-40f4-ac9f-36926c07e5fc,2017-06-05,2017-06,Fish Fire,['Contra Costa'],7,37.86549,-122.2102,20.0,100.0
3fce8146-ff21-4399-9a94-f37124b34331,2017-05-18,2017-05,City Fire,['Kings'],16,35.983,-119.91508,20.0,100.0
1423af4f-16d5-4f19-a01d-fc3ebc124201,2017-05-14,2017-05,Nacimiento Fire,['Monterey'],27,35.77082,-120.92482,20.0,100.0
d3f8db86-9947-4a4e-9113-0d7e4806417f,2017-12-13,2017-12,Longhorn Fire,['Riverside'],33,33.88994,-116.91023,19.0,100.0
11392e98-1571-4405-8f9c-d347caca28ce,2017-10-10,2017-10,Garden Fire,['Nevada'],29,39.06414,-121.13737,19.0,100.0
bae69034-3bf6-48c3-a642-d0242cf090f9,2017-08-13,2017-08,Nuevo Fire,['Riverside'],33,33.797216,-117.124538,19.0,100.0
82689e99-9158-4403-b8c5-bababc3c81f6,2017-08-01,2017-08,Sway Fire,['Humboldt'],12,40.39799,-123.57562,19.0,100.0
1eef0c21-122b-4522-80d1-edf08c82c777,2017-07-19,2017-07,Willms Fire,['Stanislaus'],50,37.81827,-120.65764,19.0,100.0
91d07ea9-cf5f-489c-aa4f-97fa6c0fb8a4,2017-06-26,2017-06,King Fire,['Siskiyou'],47,40.703775,-122.645079,19.0,100.0
f5237d47-f15b-4f4b-8b1c-6f11235f954d,2017-05-01,2017-05,Fay Fire,['Kern'],15,35.71704,-118.30601,19.0,100.0
d83bfb8a-f1e6-4213-b514-89fc16d2eb72,2017-08-27,2017-08,Bodega Fire,['Sonoma'],49,38.26294,-122.71998,18.0,100.0
6ae3d56e-0258-49f5-9e71-5b5abe141479,2017-07-04,2017-07,Lakeland Fire,['Butte'],4,39.53944,-121.54722,18.0,100.0
21e9f99a-35a5-41cd-a44b-92363fbf5081,2017-05-28,2017-05,Panoche Fire,['Fresno'],10,36.61332,-120.7109,18.0,100.0
75bb079a-1de8-4824-a933-e19f69948438,2017-05-16,2017-05,Pine Fire,['Monterey'],27,36.1727,-120.86682,18.0,100.0
273d1f78-c432-46c0-8969-26c3f936cc65,2017-10-03,2017-10,Ramblin Fire,['Mariposa'],22,37.41231,-119.87465,17.0,100.0
1b49e4e3-7506-4bf4-b86f-fd3ca93fd85b,2017-08-17,2017-08,Corner Fire,['Shasta'],45,40.92602,-121.5935,17.0,100.0
00a13d84-415e-4106-aa31-2e664ed9eabf,2017-07-30,2017-07,Sky Fire,['Shasta'],45,40.69259,-122.17384,17.0,100.0
fbc11fc4-573b-465f-a9ac-a879ee2cdda2,2017-05-20,2017-05,Rocky Fire,['San Luis Obispo'],40,35.556667,-120.474,17.0,100.0
2d12b95c-3f4e-41bc-a771-8ae2cb80b99e,2017-05-17,2017-05,Lonoak Fire,['Monterey'],27,36.2771,-120.94328,17.0,100.0
48c4b519-eaf5-4ae8-9470-31e8770a70ac,2017-05-14,2017-05,Canyon Fire,['Riverside'],33,33.88466,-116.99229,17.0,100.0
adf741f6-5416-41c5-af26-01240cc361cf,2017-06-03,2017-06,Elk Fire,['Kern'],15,35.188,-119.2877,16.0,100.0
524b1e23-8921-4195-812d-7ec8ee5020b7,2017-05-29,2017-05,Matz Fire,['San Bernardino'],36,34.04412,-116.55326,16.0,100.0
7272decf-0ae8-47aa-b46c-00fc4cd04816,2017-05-28,2017-05,Rusty Fire,['Fresno'],10,36.96642,-119.58292,16.0,100.0
a43d0b54-a91e-40ba-b121-2e0f067201b6,2017-08-11,2017-08,Paskenta Fire ,['Tehama'],52,39.87983,-122.5415,15.0,100.0
77ab4672-c61f-488f-a165-acb40eeac713,2017-07-27,2017-07,Greenhorn Fire,['Nevada'],29,39.16826,-120.95498,15.0,100.0
f568b94d-f388-4231-8aac-ac2572ca872d,2017-07-17,2017-07,Centerville Fire,['Modoc'],25,41.45589,-120.56933,15.0,100.0
c171dc75-9d35-4c58-b787-032067b16ae7,2017-06-28,2017-06,Alvarado Fire,['Monterey'],27,35.947,-120.87492,15.0,100.0
42f21a81-e0a3-4b4d-b837-2e6e2efd75a4,2017-05-28,2017-05,Lombardi Fire,['Calaveras'],5,38.19906,-120.83484,15.0,100.0
b12ae71e-c6c8-4eab-9aab-d17d1879a639,2017-04-13,2017-04,66 Fire,['Riverside'],33,33.56777,-116.08003,15.0,100.0
64779f92-8353-4187-ae56-2b83eb66d7ca,2017-12-16,2017-12,Drum Fire,['Santa Barbara'],42,34.71796,-120.27077,14.0,100.0
2fa6f5ce-1c5b-4147-9f1f-9beb01c499af,2017-12-14,2017-12,Coast Fire,['Santa Barbara'],42,34.605358,-120.414875,14.0,100.0
97d63e17-e546-49ae-add6-e3b5fa71cb4c,2017-07-02,2017-07,Desabla Fire,['Butte'],4,39.8629,-121.6268,14.0,100.0
b9142a59-e3dd-4797-b6ed-c5c847b16f67,2017-06-09,2017-06,Hog Fire,['Monterey'],27,35.80375,-120.52508,14.0,100.0
9348a031-c7b3-4165-890a-37a7eb7405db,2017-05-19,2017-05,Moraga Fire,['Riverside'],33,33.97155,-117.44148,14.0,100.0
6418a3f5-8f76-4b47-9a46-64af91838857,2017-10-18,2017-10,Milton Fire,['Stanislaus'],50,37.89532,-120.84748,13.0,100.0
855e28e2-753b-4c36-bf39-27ace518776d,2017-07-25,2017-07,Woodland Fire,['El Dorado'],9,38.69775,-120.73757,13.0,100.0
fd82cbd0-ec25-461c-aef1-4c0c92060348,2017-07-12,2017-07,Rosado Fire,['El Dorado'],9,38.67474,-121.06088,13.0,100.0
ed40ce35-7338-4f8b-a5ab-e94af6fa7e55,2017-07-04,2017-07,Silver Fire,['San Bernardino'],36,34.304722,-117.3125,13.0,100.0
ea832344-b0c6-4443-b5f0-457c462d911c,2017-09-13,2017-09,Pacific Fire,['Butte'],4,39.44257,-121.60683,12.0,100.0
07cb7d4c-a40e-4265-86df-9f3c3c1d6764,2017-06-04,2017-06,Dehesa Fire,['San Diego'],37,0.0,0.0,12.0,100.0
c7e3bcbf-1065-4e45-a4a3-bf0b5ac6aa23,2017-05-07,2017-05,Shandon Fire,['San Luis Obispo'],40,35.6879,-120.3317,12.0,100.0
7fc71135-ee3b-443c-a859-90672936e0c1,2017-05-01,2017-05,Jameson Fire,['Riverside'],33,33.7866,-117.5048,12.0,100.0
75fb489f-1e3e-4929-a6fb-a288416b96e0,2017-08-01,2017-08,Independence Fire,['Sonoma'],49,38.70289,-122.90217,11.0,100.0
64ef64a3-c8b0-48f1-8fec-9cacf8dfcd34,2017-07-02,2017-07,Lisa Fire,['Riverside'],33,33.913089,-117.096233,11.0,100.0
e3ed6829-5211-436a-8e32-ec617c3ebc83,2017-10-08,2017-10,Freeway Fire,['Tehama'],52,40.24789,-122.255,10.0,100.0
04b4caff-a62d-465b-b9a7-81986f91c0c3,2017-09-20,2017-09,Dexter Fire,['Mariposa'],22,37.76888,-120.15846,10.0,100.0
e1a5b757-2bc1-440f-b3d1-06cd41171775,2017-09-11,2017-09,Shaver Fire,['Fresno'],10,37.10067,-119.32109,10.0,100.0
f3c1f59e-b0d5-4c14-976f-ae6c583b2224,2017-08-29,2017-08,Sandra Fire,['Amador'],3,38.34421,-120.72274,10.0,100.0
9705ad0d-5bf1-4221-a7c3-3af6d99be3d0,2017-08-03,2017-08,Rincon Fire,['Los Angeles'],19,34.23925,-117.85182,10.0,100.0
d9f83833-30c4-448d-b2ca-c5a63791b83d,2017-07-21,2017-07,Grizzly Fire,['Nevada'],29,39.36902,-120.97586,10.0,100.0
2ec4e814-477b-47e7-a36b-4da26f94e277,2017-07-16,2017-07,North Fire,['Shasta'],45,40.48972,-122.38619,10.0,100.0
e6626b0a-428c-442f-9ec5-591effef172d,2017-07-13,2017-07,Navajo Fire,['Riverside'],33,33.77896,-117.24091,10.0,100.0
1be14ce2-5e9c-4cc2-89bf-f36cb1d1ccbd,2017-07-12,2017-07,Rebie Fire,['Butte'],4,39.50475,-121.33785,10.0,100.0
d4f1fc5e-b877-41ee-b491-8e92ded4984f,2017-07-03,2017-07,Canyon Fire,['Riverside'],33,33.91806,-116.99321,10.0,100.0
c99fe9af-6d6b-435a-9084-2248905ad251,2017-07-02,2017-07,Brewer Fire,['Nevada'],29,39.08382,-121.06656,10.0,100.0
294c531a-3299-4038-baa8-c2a92d38d10a,2017-06-18,2017-06,Lambs Fire,['Riverside'],33,33.90965,-116.9669,10.0,100.0
0089929d-0b52-46fe-8982-b096b7616f30,2017-06-16,2017-06,Springs Fire,['Riverside'],33,117.138741,33.939428,10.0,100.0
8bba8daf-8d47-43e7-8593-fdfa2dea5228,2017-06-05,2017-06,Pine Fire,['Kern'],15,35.564124,-118.796513,10.0,100.0
7ea6269d-6ba3-41e1-aff6-b4da1c6611d1,2017-06-04,2017-06,Shirleon Fire ,['Riverside'],33,33.87107,-116.88097,10.0,100.0
67d31514-620f-49d1-b4bd-a3a92efd48ca,2017-05-29,2017-05,Twenty Fire,['Yuba'],58,39.23205,-121.376,10.0,100.0
6fa64139-e5d1-4134-b012-5c1b272ac89a,2017-05-28,2017-05,Champagne Fire,['Kern'],15,34.87128,-118.35296,10.0,100.0
fccf2545-cab8-452e-829c-8379054831f0,2017-05-23,2017-05,Moreno Fire,['Riverside'],33,33.94673,-117.17773,10.0,100.0
b8bdbd12-e3a2-49e0-8d65-7c18b8d584bf,2017-04-24,2017-04,Soledad Fire,['Monterey'],27,36.44141,-121.34695,10.0,100.0
15b21d31-eadf-47bb-a030-20c531b3077b,2017-10-09,2017-10,Pressley Fire (Central LNU Complex),['Sonoma'],49,38.36685,-122.64001,0.0,100.0
e21384c7-8060-4336-9a71-a006330d9939,2017-09-07,2017-09,Rattlesnake Fire,['Mariposa'],22,37.73596,-119.78256,0.0,100.0
5948001c-9c7b-4722-9fa4-9f0323886bc0,2017-07-25,2017-07,Clear Complex (merged into Eclipse Complex),['Siskiyou'],47,41.702,-123.508,0.0,100.0
42f93f6b-0ada-4267-8e6e-4674055ed9c8,2017-07-23,2017-07,Warner Mountain Lightning,['Modoc'],25,41.338,-120.304,0.0,100.0
47c9e99d-ad11-497f-8238-cfd815423262,2017-07-20,2017-07,Creek Fire,['Glenn'],11,39.75425,-122.17657,0.0,100.0
b4eb0b95-1a93-46a5-91f4-5c2b4c7b943c,2017-07-06,2017-07,Antelope Fire,['Lassen'],18,40.6361,-120.9643,0.0,100.0
1be87788-1bd9-4e97-b92a-63b41fe8abf1,2017-07-04,2017-07,Klamath Fire,['Siskiyou'],47,41.86609,-122.73031,0.0,100.0
47e76098-389e-4747-9e89-7ebdc963a485,2017-06-29,2017-06, Cristianitos Fire,['San Diego'],37,33.43513,-117.58252,0.0,100.0
c35027fa-3bc5-423f-a32e-e03b134a102e,2017-06-26,2017-06,Salmon-August Complex ,['Siskiyou'],47,41.841,-123.474,0.0,100.0
e1fdc15a-5737-4c69-ab9a-7f43d6b4aab8,2017-06-24,2017-06,King Incident,['Tulare'],54,36.51912,-119.50606,0.0,100.0
b52a8c70-e431-4fce-abcd-98f892262b2f,2017-06-09,2017-06,Island Fire,[],,32.779139,-114.578415,0.0,100.0
5bfc7c8f-0d7f-4b14-903b-00014014c14b,2017-05-19,2017-05,Range Fire,['San Luis Obispo'],40,35.85253,-120.80411,0.0,100.0
afb8c00c-ef91-4544-90ce-54722be124af,2017-02-07,2017-02,Oroville Spillway ,['Butte'],4,39.51158,-121.55633,0.0,100.0
90b0daf7-5d84-42d9-bb35-bb78d4faf950,2018-07-27,2018-07,Ranch Fire (Mendocino Complex),"['Colusa', 'Mendocino', 'Glenn', 'Lake']","6,23,11,17",39.243283,-123.103367,410203.0,100.0
240b1f55-0f4e-448d-a4ce-3ecfec7a6c9d,2018-07-23,2018-07,Carr Fire,"['Shasta', 'Trinity']","45,53",40.65428,-122.62357,229651.0,100.0
75dafe80-f18a-4a4a-9a37-4b564c5f6014,2018-11-08,2018-11,Camp Fire,['Butte'],4,39.8134,-121.4347,153336.0,100.0
92d7aeea-7abf-47a4-bf76-a4fe0fac65c6,2018-11-08,2018-11,Woolsey Fire,"['Los Angeles', 'Ventura']","19,56",34.235,-118.70128,96949.0,100.0
29d15973-a999-409e-adf4-486854df44ed,2018-07-14,2018-07,Ferguson Fire,['Mariposa'],22,37.6549,-119.88581,96901.0,100.0
97ff14e8-6d08-4214-ad3b-847fa3a0e84a,2018-06-30,2018-06,County Fire,"['Napa', 'Yolo']","28,57",38.80583,-122.18183,90000.0,100.0
ba818380-4001-46a2-ac04-d5f322cdf3b9,2018-09-05,2018-09,Delta Fire,"['Shasta', 'Trinity']","45,53",40.9425,-122.43,63311.0,100.0
af30fe23-6cfd-4fd6-b2d9-91648eeae814,2018-07-27,2018-07,River Fire (Mendocino Complex),"['Colusa', 'Lake', 'Mendocino']","6,17,23",39.04786,-123.11971,48920.0,100.0
cb647b06-1772-4d65-8087-0b841fcfb502,2018-08-09,2018-08,Hirz Fire,['Shasta'],45,40.896,-122.219,46150.0,100.0
58e6dde2-eeae-4a9e-be1e-bfd654d4405b,2018-08-16,2018-08,Stone Fire,['Modoc'],25,41.38544,-121.04386,39387.0,100.0
9bc283c4-6011-4488-b8ec-a85db51dc137,2018-07-16,2018-07,Natchez Fire,[],,41.95113,-123.54642,38134.0,100.0
d7e7eaca-5716-48b3-bd34-37acea282634,2018-07-05,2018-07,Klamathon Fire,['Siskiyou'],47,41.893332,-122.534655,38008.0,100.0
c62fc5e2-2340-49b7-b3d8-b883a266827f,2018-08-02,2018-08,Donnell Fire,['Tuolumne'],55,38.349,-119.929,36450.0,100.0
9ba60ba1-127f-4558-9de8-60da7f2dac80,2018-07-16,2018-07,Garner Complex,[],,0.0,0.0,29016.0,100.0
5b9e5ea7-1f63-46dd-aabd-8cf407c6f4ba,2018-08-06,2018-08,Holy Fire,['Orange'],30,33.69888,-117.52055,23136.0,100.0
684ded31-5a60-4c05-bbdb-2fb913ca0041,2018-07-27,2018-07,Whaleback Fire,['Lassen'],18,40.633536,-120.868091,18703.0,100.0
25574325-cf1d-4191-bc3d-c50ed0a15f9c,2018-06-24,2018-06,Pawnee Fire,['Lake'],17,39.0674,-122.59848,15180.0,100.0
999bb931-4f26-4234-bb47-2f0d5b5f6263,2018-07-25,2018-07,Cranston Fire,['Riverside'],33,0.0,0.0,13139.0,100.0
4efc7855-ecbf-4507-8435-399e23a91fef,2018-06-29,2018-06,Waverly Fire,['San Joaquin'],39,38.052055,-120.945482,11789.0,100.0
a81f5149-5ac2-48de-a189-609e46f5fad8,2018-09-04,2018-09,Boot Fire,['Mono'],26,38.347395,-119.45186,6974.0,100.0
3de50f18-061e-40f4-8ee4-8a3d3ef25fb1,2018-06-15,2018-06,Planada Fire,['Merced'],24,37.39339,-120.34207,4563.0,100.0
0f754948-aba7-4423-b8f6-079f68d4d294,2018-10-07,2018-10,Branscombe Fire,['Solano'],48,0.0,0.0,4500.0,100.0
bc95da49-28a0-4e56-88d9-72e7455063c0,2018-11-08,2018-11,Hill Fire,['Ventura'],56,34.22685,-118.93444,4381.0,100.0
b17eb5bf-c44a-4e13-99d0-bbdf5e8f8f67,2018-06-11,2018-06,Lions Fire,['Madera'],20,37.571,-119.118,4064.0,100.0
8f633ae7-b5f0-455f-a60e-13d9566e5844,2018-10-07,2018-10,Sun Fire,['Tehama'],52,40.22027778,-122.18,3889.0,100.0
d3ead5e1-12bb-4d27-8c1d-c723c0747265,2018-08-16,2018-08,Mill Creek 1 Fire,['Humboldt'],12,41.07944,-123.688056,3674.0,100.0
299d84d9-ff65-4669-bcd7-cb5abb191c75,2018-06-23,2018-06,Lane Fire,['Tehama'],52,40.35068,-121.77867,3392.0,100.0
4fa2e1e0-a920-4991-beb6-3c080b6c1500,2018-09-22,2018-09,Charlie Fire,['Los Angeles'],19,34.48229,-118.60858,3380.0,100.0
676aa48b-d962-4026-a354-db047f14233f,2018-08-03,2018-08,Tarina Fire,['Kern'],15,35.37444,-118.83556,3156.0,100.0
0ba9a90d-6615-4fa8-9a10-3efb660437ca,2018-08-07,2018-08,Five Fire,['Kings'],16,35.97896,-119.98329,2995.0,100.0
22fc8e84-ae8e-4a10-a9f3-828464616253,2018-06-09,2018-06,Apple Fire,['Tehama'],52,39.94355,-122.3571,2956.0,100.0
09395db0-1c76-43c3-a3db-d18081b31a35,2018-07-08,2018-07,Georges Fire,['Inyo'],14,36.6734,-118.21881,2883.0,100.0
db2344ac-f195-4f94-8999-e8c8ebb4a7a2,2018-09-08,2018-09,Snell Fire,['Napa'],28,38.69601,-122.44468,2490.0,100.0
1d926fc4-0f23-47dd-a750-5e7fac4ad416,2018-06-09,2018-06,Chrome Fire,['Glenn'],11,39.64978,-122.58218,2290.0,100.0
c7152819-8f07-489c-a219-b58bed82733e,2018-08-06,2018-08,Turkey Fire,['Monterey'],27,35.847778,-120.343056,2225.0,100.0
2ce8de99-7e66-4de8-9426-48a4fc8500ac,2018-08-10,2018-08,Nelson Fire,['Solano'],48,38.431278,-122.043747,2162.0,100.0
656c37d9-6876-47ba-bf8e-ec6c351c3595,2018-07-14,2018-07,Eagle Fire,['Modoc'],25,41.29363,-120.11461,2100.0,100.0
3d866877-330a-4a14-b5bd-48675955af64,2018-02-18,2018-02,Pleasant Fire,['Inyo'],14,37.40208,-118.50235,2070.0,100.0
ce93c72c-eb9c-4176-a2b6-7750a4a6bb20,2018-08-09,2018-08,Hat Fire,['Shasta'],45,40.99344,-121.52225,1900.0,100.0
92c441f3-4729-4ba5-890f-fb7693725275,2018-05-02,2018-05,Nees Fire,['Merced'],24,36.85156,-120.77206,1756.0,100.0
3506eaf5-e815-4a7f-9c52-816fe5eee7d5,2018-09-04,2018-09,Kerlin Fire,['Trinity'],53,40.616251,-123.52019,1751.0,100.0
b900fe52-8900-4578-9745-58036920a1ab,2018-06-24,2018-06,Creek Fire,['Shasta'],45,40.50318,-122.42308,1678.0,100.0
b8fe54be-15a8-4088-b0bb-16992df93a7e,2018-11-08,2018-11,Nurse Fire,['Solano'],48,38.21396,-121.9424,1500.0,100.0
d963ff00-9c98-4bc6-a3b3-4856d8192e87,2018-06-21,2018-06,Yankee Fire,['San Luis Obispo'],40,35.73629,-120.75593,1500.0,100.0
5340807b-1be1-4894-b446-c81c46456641,2018-06-04,2018-06,Stone Fire,['Los Angeles'],19,34.5486,-118.31138,1352.0,100.0
b90be7b6-e9ec-4a18-a910-957f700c6ed6,2018-07-06,2018-07,Valley Fire,['San Bernardino'],36,34.095568,-116.958806,1350.0,100.0
df2538f9-20c9-4d40-9a64-9d6334b6f7d6,2018-06-05,2018-06,Airline Fire,['San Benito'],35,36.40755,-120.99322,1314.0,100.0
693a86e6-8985-4e70-8ba8-869786ff538b,2018-05-17,2018-05,Patterson Fire,['Riverside'],33,33.62924,-117.05992,1261.0,100.0
bd149eaf-5a3e-4eac-9973-243e78862b35,2018-06-17,2018-06,Upper Colony Fire,[],,38.834395,-119.416746,1202.0,100.0
ea58640a-7837-4d93-a145-96e48b7df8ee,2018-08-01,2018-08,Butte Fire,['Sutter'],51,39.186144,-121.792885,1200.0,100.0
d8235a76-7b43-4e23-8f60-dc308c250fab,2018-09-03,2018-09,North Fire,['Placer'],31,39.268611,-120.658333,1120.0,100.0
a339b368-ec58-463e-9a26-9af37c938f49,2018-04-19,2018-04,Moffat Fire,['Inyo'],14,36.71537,-118.08449,1065.0,100.0
8dd81979-48ba-48db-bb24-e4f1bf85d262,2018-08-19,2018-08,Front Fire,['Santa Barbara'],42,35.11416667,-120.09222222,1014.0,100.0
53a9be88-6d10-483e-8dc7-59cb84326ab8,2018-07-27,2018-07,Breckenridge Fire,['Kern'],15,35.387408,-118.817934,993.0,100.0
fa745e18-be7a-42e0-b3c7-30333ddcf3aa,2018-07-31,2018-07,Eel Fire,['Mendocino'],23,39.82877,-123.08489,972.0,100.0
3c17be70-66f8-4df2-97be-873fe924d99c,2018-07-13,2018-07,Stoney Fire,['Butte'],4,39.77124,-121.76859,962.0,100.0
3b576efa-90b7-4b87-983d-b38630e10576,2018-07-10,2018-07,Dale Fire,['Tehama'],52,40.33682,-121.93908,856.0,100.0
be804253-e994-4f40-9e07-5c215533231c,2018-07-06,2018-07,Irish Fire,['Amador'],3,38.42623,-120.95408,825.0,100.0
e51ff5f0-09d5-42f3-8bed-c1c6eb85d245,2018-07-18,2018-07,Eighty Eight Fire,['Yolo'],57,38.59694444,-121.99388889,822.0,100.0
3bb731cc-eb21-421f-b5f5-4949346dc316,2018-08-11,2018-08,Gulch Fire,['Monterey'],27,36.00912,-120.82226,700.0,100.0
4f3f4f66-871c-4d50-bd3f-f641210552c9,2018-08-01,2018-08,Sunset Fire,['Placer'],31,38.82426,-121.451307,695.0,100.0
b307b3b5-529a-4dd0-ad30-e678180a6174,2018-06-15,2018-06,Tumbleweed Fire,['Lassen'],18,40.3768,-120.36403,646.0,100.0
849ad1a0-472b-4cc6-a513-030491fa1ffb,2018-09-08,2018-09,Tulloch Fire,['Tuolumne'],55,37.83388,-120.61746,573.0,100.0
7ee82e4f-f5e8-4278-b4e7-e82c390b395e,2018-10-30,2018-10,June Fire,['Butte'],4,39.36529,-121.51707,550.0,100.0
5228fabc-64f6-4ccf-aedc-dc1e781277a6,2018-06-05,2018-06,Eastern Fire,['San Benito'],35,36.378333,-120.901167,513.0,100.0
2a1c14d1-2a88-4564-bd09-585e09ffc9a7,2018-07-07,2018-07,West Fire,['San Diego'],37,32.833674,-116.7311,504.0,100.0
b83feee5-a799-4481-bd25-1d4cc3befd7d,2018-08-16,2018-08,River Fire,['Tulare'],54,35.79012,-118.7393,496.0,100.0
503cf916-4f56-4be7-8083-730122f686dc,2018-05-30,2018-05,Grant Fire,['Alameda'],1,37.75375,-121.57918,484.0,100.0
d0e1cdc0-9dea-467a-8ae8-040e0f94178d,2018-07-09,2018-07,Grant Fire,['Alameda'],1,37.75646,-121.60646,480.0,100.0
a3ba8fc0-37f7-4c1a-9386-627d3369a03e,2018-06-26,2018-06,Shippee Fire,['Butte'],4,39.59872,-121.78208,460.0,100.0
7fc0b9c8-dec7-430d-9790-1bbebae404eb,2018-09-13,2018-09,Metz Fire,['Monterey'],27,36.35502,-121.1563,411.0,100.0
218619b5-ad0c-4238-8e31-ab6d98932a73,2018-06-27,2018-06,Hyatt Fire,['Lassen'],18,40.316137,-120.45053,383.0,100.0
8811a5f8-b99a-454a-9af5-6753579c8d45,2018-06-26,2018-06,San Ardo,['Monterey'],27,35.95515,-120.86256,375.0,100.0
5eab06a3-5deb-4934-98a7-7c42eb86cbf9,2018-08-18,2018-08,Call Fire,['Kern'],15,35.51777778,-118.6525,367.0,100.0
2b56b06d-46d6-43f2-b474-2598dd163e82,2018-07-27,2018-07,Pasqual Fire,['San Diego'],37,33.07892,-116.91845,365.0,100.0
6b6dff76-8fab-4852-a71c-e735f87bd6fa,2018-09-22,2018-09,Oak Fire,['Madera'],20,37.38789,-119.68912,360.0,100.0
574b0b35-4c66-44ac-8797-3eadf09e495d,2018-07-31,2018-07,Owens Fire,['Inyo'],14,37.735461,-118.970443,338.0,100.0
9fe34773-10d3-419a-a6f5-4ddb2d43a145,2018-06-23,2018-06,Bascom Fire,['Shasta'],45,40.52909,-122.17457,328.0,100.0
0dd9bca6-35b9-4a75-8f3b-a5e57e1b90e7,2018-07-22,2018-07,Country Fire,['Santa Clara'],43,37.449425,-121.88807,320.0,100.0
29a5f777-bea5-411e-9139-fe0d094616b0,2018-07-05,2018-07,Shingle Fire,['El Dorado'],9,38.539806,-121.059979,316.0,100.0
70ff3ebc-0d1f-43eb-ab56-1ff13fe9c9e3,2018-06-29,2018-06,Flat Fire,['Trinity'],53,40.60402,-122.9144,300.0,100.0
9662b158-b17f-4386-867a-3afa5ea28929,2018-06-05,2018-06,ONeals Fire,['Madera'],20,37.10181,-119.623981,300.0,100.0
32708961-025a-4bf7-88c1-8cd91bbc3cce,2018-05-04,2018-05,Alpha Fire,['San Diego'],37,33.389425,-117.502405,300.0,100.0
82aa9789-b558-46a0-ae5d-683e18423b17,2018-05-16,2018-05,Twisselman Fire,['Kern'],15,0.0,0.0,293.0,100.0
a1e73f5c-68e2-4109-b741-046eb7349265,2018-08-06,2018-08,South Fire,['Calaveras'],5,38.061298,-120.872244,290.0,100.0
eeb859ef-dc44-48e2-a2d7-dce44bc47d01,2018-08-23,2018-08,Eastman Fire,['Madera'],20,37.197039,-120.002619,289.0,100.0
022bee6b-1559-4792-a2d2-014d3adfecad,2018-07-20,2018-07,Skyline Fire,['Riverside'],33,33.836101,-117.607577,282.0,100.0
a9386b8b-8d40-44ea-ab84-1593ced5f9fb,2018-07-09,2018-07,James Loop Fire,[],,39.05391,-119.82242,280.0,100.0
68957772-711e-4874-99f2-2b9267dbe725,2018-07-11,2018-07,Panoche Fire,['San Benito'],35,36.65351,-121.0454,278.0,100.0
53770321-4d20-4db9-bfad-754f9eeabc2b,2018-06-29,2018-06,Valley Fire,['Contra Costa'],7,37.94714,-121.9921,268.0,100.0
72999057-198b-4cd2-a316-2e854ef9a7f8,2018-06-23,2018-06,Stoll Fire,['Tehama'],52,40.18395,-122.27574,268.0,100.0
9ededdf0-b250-49ec-999d-eb988dab08a9,2018-06-06,2018-06,Recycle Fire,['San Diego'],37,32.63046,-116.46674,265.0,100.0
d0ae0a7f-dd7b-4cb1-8f4a-2a784a17d6d4,2018-09-28,2018-09,Wilson Fire,['Tehama'],52,40.34256,-121.43025,261.0,100.0
91b94b02-cd05-471a-a4e7-5168d56c46ba,2018-06-26,2018-06,Fox Fire,['San Luis Obispo'],40,35.33916,-120.71488,260.0,100.0
f87005f7-c31b-4135-989a-ee5611626b3c,2018-03-27,2018-03,Santa Cruz Fire,['Santa Barbara'],42,34.0232,-119.76576,258.0,100.0
8dddf572-84de-4b20-b740-f5c7847cec3b,2018-08-09,2018-08,Rangeland Fire,['San Diego'],37,33.076239,-116.902985,250.0,100.0
df681456-a50e-4400-a95a-77533a0978ba,2018-07-25,2018-07,Marsh Fire,['Contra Costa'],7,37.89612,-121.85847,247.0,100.0
052acbfd-0552-47ac-8be7-6f79b4aecf0e,2018-07-15,2018-07,Steamboat Fire,['Siskiyou'],47,41.70877,-122.47293,224.0,100.0
6103c099-a3eb-481e-8a76-1296f5fdb25d,2018-07-02,2018-07,Petersburg Fire,['Siskiyou'],47,41.085,-123.051,215.0,100.0
b3ab43c4-6f73-4ccc-a3ca-f2c54959f8b1,2018-06-12,2018-06,Beaver Fire,['San Benito'],35,36.37532,-120.862579,215.0,100.0
e3406861-3e7f-4a4b-b16d-6004f3edc5e6,2018-07-28,2018-07,Rock Fire,['San Diego'],37,33.41476,-117.24044,207.0,100.0
1f942827-c242-49a1-bccd-f2375be91ad9,2018-07-26,2018-07,Ribbon Fire,['Riverside'],33,33.571763,-116.500058,205.0,100.0
f694c74c-adad-459c-b357-4cd2f10f16df,2018-09-12,2018-09,Water Fire,['Kern'],15,34.91482,-118.92485,200.0,100.0
cdd46073-0336-4003-8a06-161947985987,2018-06-08,2018-06,Bear Fire,['Merced'],24,37.33924,-120.24315,200.0,100.0
cbf84797-7cc2-40a4-8157-d74c89792e9e,2018-07-04,2018-07,Par Fire,['Butte'],4,39.491737,-121.637759,191.0,100.0
c3b66e33-ef00-4874-a29b-b36640c16122,2018-11-12,2018-11,Peak Fire,['Ventura'],56,34.26734825,-118.64381589,186.0,100.0
fc911680-49a8-454b-be0f-d78cd957bd29,2018-06-17,2018-06,Dinosaur Fire,['Merced'],24,37.05876,-121.176354,185.0,100.0
d6d4d085-1c3b-4ee5-bd2a-dd3779797e97,2018-06-09,2018-06,South Fire,['Los Angeles'],19,37.97638,-122.5275,175.0,100.0
105b65f3-7e99-4cd6-8b0a-f78004c041eb,2018-06-02,2018-06,Aliso Fire,['Orange'],30,33.55132,-117.72044,175.0,100.0
c9001401-a2b0-4cae-9e03-e60509342a53,2018-09-01,2018-09,Ogilvy Fire,['Santa Barbara'],42,34.576944,-119.61416,172.0,100.0
75ad696c-b094-4919-89e3-f879361f5151,2018-06-23,2018-06,Sierra Fire,['Tehama'],52,40.12791,-122.19792,170.0,100.0
8a79c31d-0df0-4448-a855-b04cfc384825,2018-10-13,2018-10,Priest Fire,['Monterey'],27,36.18401,-120.69955,167.0,100.0
a18ed51c-1083-4f48-ab1b-6ae0c5454073,2018-07-24,2018-07,Roxie Fire (Formerly 1-1 Fire),['Lassen'],18,40.34822,-120.82497,167.0,100.0
9bffc947-2f15-4486-98df-9a632b2038a7,2018-09-09,2018-09,Fork Fire,['Los Angeles'],19,34.2325,-117.846111,166.0,100.0
28d55249-7c63-4213-a7b4-c0796dbb18ca,2018-06-24,2018-06,Flat Fire,['Tuolumne'],55,37.80785,-120.30187,163.0,100.0
e9c8c0aa-4d21-4f09-9858-890ea163d580,2018-10-12,2018-10,Winters Fire,['Solano'],48,38.45673,-121.94658,160.0,100.0
5dbbbc9f-deec-4c33-a172-19614492d860,2018-08-19,2018-08,Gorge Fire,['Shasta'],45,40.36888889,-122.89055556,155.0,100.0
96781eb8-6146-4b96-a5cb-7457defea461,2018-06-12,2018-06,Santiago Fire,['Orange'],30,33.787838,-117.746625,155.0,100.0
e1c9dae5-a2d8-4c97-8e6d-65937ade5e79,2018-06-12,2018-06,Euclid Fire,['Riverside'],33,33.925862,-117.654299,154.0,100.0
65689d5f-910c-4e00-9bf3-e5626cd1361c,2018-09-11,2018-09,Irving Fire,['Marin'],21,38.02447,-122.727,152.0,100.0
c003df4f-d19c-4e21-a90f-81d3f14aaf99,2018-11-15,2018-11,Briggs Fire,['Ventura'],56,34.30166667,-119.09916667,150.0,100.0
9d69b6cb-1dee-43df-83ca-b2b5485006d7,2018-10-02,2018-10,Nacimiento Fire,['Monterey'],27,35.97677,-121.24898,150.0,100.0
94e0a869-04f6-4265-9c1f-c53fbdde98ad,2018-09-04,2018-09,Sliger Fire,['El Dorado'],9,38.94388,-120.92611,150.0,100.0
d18da394-5ed4-4004-8dea-600e15d398e4,2018-11-13,2018-11,Sierra Fire,['San Bernardino'],36,34.18075,-117.43184,147.0,100.0
190306eb-357b-40d2-9871-92cdd8784332,2018-08-05,2018-08,Parrots Fire,['Calaveras'],5,38.08424,-120.46078,136.0,100.0
2410754e-b988-4f4f-b7ee-21f954c2bbf2,2018-07-28,2018-07,Steele Fire,['Napa'],28,38.51943,-122.18353,135.0,100.0
6e0b516c-9da1-4ff7-a0ce-3251b2cbabb9,2018-07-23,2018-07,Pico Fire,['Los Angeles'],19,34.38039,-118.60441,128.0,100.0
3db90629-694f-43d7-b46a-6378f6bc1472,2018-06-01,2018-06,Open Fire,['Glenn'],11,39.46543,-122.65582,127.0,100.0
e84f2881-743c-4e36-863d-ddb37c2540d3,2018-05-10,2018-05,Shastina Fire,['Siskiyou'],47,41.65935,-122.48556,127.0,100.0
0683b4a7-6a8c-4339-abc1-dfbe64dcb5a1,2018-09-01,2018-09,Sterling,['San Bernardino'],36,34.15475,-117.244366,125.0,100.0
87760805-5b1a-486e-91c4-590557929182,2018-10-24,2018-10,Market Fire,['Tulare'],54,36.47766,-119.10433,120.0,100.0
b9f703f7-18bb-4845-a480-ce7d63b5f57a,2018-08-07,2018-08,Murphy Fire,['Plumas'],32,39.996944,-121.27,117.0,100.0
a0b16523-d6f9-4a21-809d-4f2bdbc2bea7,2018-07-12,2018-07,Idria Fire,['San Benito'],35,36.59036,-120.82355,116.0,100.0
8d5856ff-4cd4-4b88-afb0-c6df08f548a8,2018-07-06,2018-07,Bridle Fire,['Santa Clara'],43,37.06367,-121.53586,116.0,100.0
8f98a50c-fac6-4dcd-844f-76c49891f0f6,2018-06-18,2018-06,Wheeler Fire,['Mariposa'],22,37.707234,-120.199162,115.0,100.0
471980a3-9ffb-4b1f-8e51-eabb9736b51b,2018-08-16,2018-08,Pine Fire,['Kern'],15,35.56888889,-118.80138889,114.0,100.0
76725105-a814-4e8d-bd5b-d0f2f1879dae,2018-07-07,2018-07,Holiday Fire,['Santa Barbara'],42,34.463889,-119.831389,113.0,100.0
389e3075-51b9-45a8-ab9a-a75b03225c8d,2018-07-20,2018-07,Windmill Fire,['Santa Barbara'],42,34.62412,-120.22298,110.0,100.0
737f9bb2-5a43-4730-94c1-4031bce6d626,2018-05-26,2018-05,Cobble Fire,['Fresno'],10,36.75581,-119.42172,108.0,100.0
9d63cbd8-7dbf-4b2d-918d-036e3a282d2d,2018-08-01,2018-08,Western Fire,['Mendocino'],23,38.8802,-123.0496,106.0,100.0
ef9c8f82-8607-4c53-9bdd-5196e6a1071c,2018-08-27,2018-08,Cache Fire,['Lake'],17,39.02017,-122.57496,103.0,100.0
e1ab6577-7ce9-4b19-bb29-68b5bdd699b6,2018-05-18,2018-05,Jelly Fire,['Tehama'],52,40.31759,-122.21032,103.0,100.0
791a3a00-2c51-4679-b4b7-27cc77ec699d,2018-08-13,2018-08,Cloverdale Fire,['San Diego'],37,33.0971179,-117.0242529,100.0,100.0
e775e724-0a1b-4156-a477-623031c09b0e,2018-07-27,2018-07,Balch Fire,['Tulare'],54,36.21634,-118.82989,100.0,100.0
1a4aeaa6-7f90-420f-ad6b-6942658a7fee,2018-07-06,2018-07,Box Fire,['San Bernardino'],36,34.22526,-117.40967,100.0,100.0
31c47bb9-1913-463e-95e4-86e48fadfda6,2018-05-24,2018-05,Water Fire,['San Luis Obispo'],40,35.56922,-120.12441,100.0,100.0
63e41793-2c9c-4dda-98e0-62b5069514a7,2018-06-09,2018-06,Sam Fire,['Monterey'],27,35.9352,-121.11936,96.0,100.0
d7365a2a-a113-4693-92d3-152f52b0d743,2018-06-30,2018-06,Sheep Fire,['Kern'],15,35.1234,-118.72905,95.0,100.0
eabc7fc2-d02b-480a-9472-7c7677e812cb,2018-07-05,2018-07,Peach Fire ,['Mendocino'],23,39.038859,-123.38493,90.0,100.0
62b14189-aea8-4dcb-8702-a1dfc11abda7,2018-07-16,2018-07,3-16 Fire,['Lassen'],18,40.94666,-121.27049,89.0,100.0
79968306-21a9-465e-acbe-4ea715c70ab5,2018-11-08,2018-11,Horn Fire,['Lassen'],18,40.83116,-120.19336,88.0,100.0
f6555118-f01e-4524-a14d-e01303a482db,2018-08-28,2018-08,Redinger Fire,['Madera'],20,37.179167,-119.431667,88.0,100.0
d77a050b-9928-49bf-92de-1159edddd07c,2018-05-20,2018-05,Plaza Fire,['Merced'],24,37.056944,-121.01638,88.0,100.0
9c03d484-e442-4eaa-8a7b-99d6c769750a,2018-09-29,2018-09,Shandon Fire,['San Luis Obispo'],40,-120.258,-120.258,80.0,100.0
78eabcbb-32b9-4438-ab84-8eb65c044db7,2018-07-09,2018-07,Spring 2 Fire,['Lake'],17,39.06715,-122.59789,80.0,100.0
f2d02439-f682-47e7-b6e9-6e51ca068c86,2018-06-24,2018-06,Horse Fire,['Calaveras'],5,37.95766,-120.68902,80.0,100.0
756cceab-80e1-47af-8c85-9e650352b48e,2018-07-18,2018-07,Cruces Fire,['Santa Barbara'],42,34.54305556,-120.31805556,77.0,100.0
b181e69a-5864-44c1-b5b4-f4c5832a4539,2018-09-28,2018-09,Silver Fire,['Shasta'],45,40.5939,-122.17173,76.0,100.0
595f6f52-a55b-40e7-8aa6-b409ff9a7a5b,2018-06-27,2018-06,Anchor Fire,['Fresno'],10,36.696879,-119.304499,76.0,100.0
b4377461-c17b-41b1-8dc2-9722f8ead519,2018-07-04,2018-07,Stony Fire,['Colusa'],6,39.2976,-122.512012,75.0,100.0
09f22e57-6058-4a87-972a-ece08f4527d4,2018-05-29,2018-05,Chrome Fire,['Glenn'],11,39.65578,-122.58666,75.0,100.0
8e840df1-b34b-44fd-8ade-0350a0113a81,2018-04-28,2018-04,Main Fire,['Riverside'],33,33.67815,-117.32281,73.0,100.0
01018620-8f10-4de0-a7e6-78cc9a77cc9a,2018-07-10,2018-07,Curie Fire,['Santa Clara'],43,37.22545,-121.79189,70.0,100.0
a4d4923c-cf9e-43a9-b62e-dc9c04f0ec24,2018-06-30,2018-06,Tesla Fire,['Santa Clara'],43,37.66074,-121.67144,70.0,100.0
994876ff-2369-4a13-9642-d2dfbd372ac9,2018-06-14,2018-06,Spring Fire,['Tehama'],52,40.394073,-122.135924,70.0,100.0
57ef80d4-4674-4a3a-9fd6-3f1d792a1953,2018-05-04,2018-05,Tornado Fire,['Riverside'],33,33.504964,-117.148204,70.0,100.0
bda69d0e-716e-439e-9a18-49f44d449086,2018-06-24,2018-06,Romero Fire,['Merced'],24,37.08529,-121.09354,68.0,100.0
d8de1c4a-9b2c-46ad-aab4-3b2012571e4a,2018-08-01,2018-08,Bumper Fire,['El Dorado'],9,38.645,-120.874167,67.0,100.0
fb7f7795-ede7-40cc-acf6-3ee6e761d0a9,2018-07-21,2018-07,Heart Fire,['Mendocino'],23,39.279833,-123.258319,67.0,100.0
6e4ecf7a-2864-4fc6-85cb-9b2a0ac324df,2018-08-01,2018-08,Omega Fire,['El Dorado'],9,38.82128,-121.03918,66.0,100.0
9f926d66-2cfa-4e3d-b4a3-4ea3b4b23698,2018-06-05,2018-06,Panoche Fire,['San Benito'],35,36.64832,-121.03253,64.0,100.0
f19a49b4-9d0f-4c61-83ea-9b4a741b0bef,2018-10-07,2018-10,Park Fire,['Santa Clara'],43,37.1769444,-121.68694444,63.0,100.0
9626db35-9c2a-4431-8c91-00e0bba794fa,2018-07-20,2018-07,Highland Fire,['Shasta'],45,40.741186,-122.649626,63.0,100.0
28599f05-c64d-49a5-be59-23879eecb980,2018-07-04,2018-07,Benton Fire,['Riverside'],33,33.56349,-116.732032,63.0,100.0
5aa13874-fb24-44f0-969a-d12dbc7edca8,2018-06-28,2018-06,Cherry Fire,['Siskiyou'],47,41.83359,-122.99272,63.0,100.0
e596a67e-177f-4db9-a2d6-dda7da1678fb,2018-05-29,2018-05,Stuhr Fire,['Stanislaus'],50,37.32744,-121.10903,63.0,100.0
22171870-baaf-480f-902a-45ec9282df35,2018-07-08,2018-07,Lebec Fire,['Kern'],15,34.86022,-118.87881,62.0,100.0
c8c8905e-4ff4-4563-8ad8-3838a8d0a3bb,2018-06-24,2018-06,Canyon Fire,['Los Angeles'],19,34.53765,-118.75495,62.0,100.0
7278467f-ca4a-47f1-b876-a6722b546f30,2018-06-11,2018-06,Liberty Fire,['San Joaquin'],39,38.24033,-121.09199,62.0,100.0
8030a870-0453-48e0-b243-86dbae075434,2018-11-05,2018-11,Adams Fire,['Tehama'],52,40.346652,-122.308479,60.0,100.0
c203606a-d2eb-4ba2-97cc-2ee7403432b1,2018-08-30,2018-08,Grade Fire,['Lake'],17,38.8275,-122.3625,60.0,100.0
06ccdd6b-fd15-4cba-a9ed-6cb7c70327d9,2018-06-15,2018-06,Raymond Fire,['Madera'],20,37.14663,-119.91223,60.0,100.0
f3d3e61e-4ab4-4155-a882-4e27de976659,2018-06-15,2018-06,Creston FIre,['San Luis Obispo'],40,35.58354,-120.624135,60.0,100.0
d886d8aa-00b7-41d7-b48f-665f5c6cf01e,2018-06-13,2018-06,Vista Fire,['San Luis Obispo'],40,35.663607,-120.670311,60.0,100.0
1a08a7d9-47b2-42ba-94c1-a2e15415b887,2018-05-17,2018-05,Happy Fire,['Santa Barbara'],42,34.74245,-120.18236,60.0,100.0
b9cd9a90-1983-4a0a-aad4-9c286382f158,2018-05-22,2018-05,Agua Fire,['San Diego'],37,33.35505,-117.03134,59.0,100.0
a728d915-1c00-43b6-bd5b-228be34a38fe,2018-10-19,2018-10,Camino Fire,['San Luis Obispo'],40,35.17693,-120.48861,58.0,100.0
8d7302b1-605f-404d-9641-a890720e8657,2018-07-15,2018-07,3-10 Fire,['Lassen'],18,40.95234,-121.21597,56.0,100.0
7e24911d-5dc9-4449-ba08-f718c094ac9e,2018-07-08,2018-07,Bruce Fire,['Contra Costa'],7,37.79718,-121.85311,56.0,100.0
f163aa10-1dd9-4fd0-9e5b-fda78ef5bcc6,2018-05-23,2018-05,Experimental Fire,['Madera'],20,37.0979,-119.75307,56.0,100.0
2c41731e-1e13-494c-b7f7-928b89bb7d32,2018-09-26,2018-09,Keenbrook Fire,['San Bernardino'],36,34.24138,-117.42431,53.0,100.0
b9d64431-d96d-413f-84df-ef3b381d3002,2018-09-22,2018-09,Copper Fire,['Lassen'],18,40.33642,-120.93005,53.0,100.0
42bd7e44-5bfa-4e25-961d-941a18bc00d0,2018-06-15,2018-06,Boyer Fire,['Mariposa'],22,37.47677,-119.84299,53.0,100.0
20495cc8-cb22-4fd1-9bc3-0b9c654d12a0,2018-07-15,2018-07,Kelley Fire,['Modoc'],25,41.50105,-120.61108,52.0,100.0
6832f18a-6515-4436-bf3b-553bf6302de4,2018-09-16,2018-09,Reservoir Fire,['San Luis Obispo'],40,35.30151,-120.64398,51.0,100.0
2fdf2c14-77b4-458c-96fc-bd883dec3ad3,2018-07-24,2018-07,Crestline Fire,['Shasta'],45,40.824,-121.90215,51.0,100.0
a125058d-abfe-4593-bd53-503ceea3f4f0,2018-07-10,2018-07,Hale Fire,['Santa Clara'],43,37.163594,-121.702547,51.0,100.0
d7745759-07bd-40a7-a66c-003b174851b2,2018-07-21,2018-07,Carder Fire,['Lake'],17,38.91152,-122.86854,50.0,100.0
02ebd2cc-c4da-4508-92f6-30446d041ae9,2018-07-16,2018-07,Tuscan Fire,['Tehama'],52,40.27754,-122.11375,50.0,100.0
9d0be6f9-d61b-467d-be68-c8a48c0cf930,2018-02-07,2018-02,Haycamp Fire,['Monterey'],27,35.96689,-121.28185,50.0,100.0
a2fbfcae-d658-41f4-88c6-98239d08ff29,2018-08-26,2018-08,Castro Fire,['Alameda'],1,37.69926,-122.02805,48.0,100.0
f7bacdf4-ba33-436a-ad94-549395286fc2,2018-07-02,2018-07,Buckingham Fire,['Contra Costa'],7,37.86339,-122.12351,45.0,100.0
d56aeb11-09a3-4854-b422-9a1e41f18a51,2018-07-19,2018-07,Simmons Fire,['Butte'],4,39.57202,-121.43131,43.0,100.0
e18c9556-706f-4bb7-b908-e7b44293923d,2018-07-23,2018-07,Martinez Fire,['Riverside'],33,33.56921,-116.154398,40.0,100.0
e4c8aa24-e396-46d1-ae6e-bc9c7889967a,2018-07-19,2018-07,Ben Fire,['Mariposa'],22,37.28365,-119.97546,40.0,100.0
2bee561f-fd8f-44ad-9c25-ccdc671029bc,2018-06-19,2018-06,Iron Fire,['Contra Costa'],7,37.779209,-121.908976,40.0,100.0
9b6b1707-4342-4b38-b4a2-1056c202a32a,2018-06-16,2018-06,Oregon Fire,['Butte'],4,39.549167,-121.521111,40.0,100.0
708b3dde-3f1a-4813-8501-8a52bf3b1d9c,2018-07-25,2018-07,Hidden Fire,['San Benito'],35,36.796,-121.40604,39.0,100.0
83c539f5-64c1-4156-86e5-ac6cf4c947d5,2018-10-14,2018-10,Masonic Fire,['Shasta'],45,40.60866,-122.38366,38.0,100.0
8efb9edc-dbe7-4824-9027-22993569f794,2018-06-03,2018-06,Adobe Fire,['San Diego'],37,32.78031,-117.06782,38.0,100.0
a710f41c-aa03-41e1-813f-a98812aea01b,2018-07-21,2018-07,Mustang Fire,['San Luis Obispo'],40,35.64917,-120.71907,37.0,100.0
a9d772ae-90d9-4f8e-9fe7-342b4266dd52,2018-06-03,2018-06,Martin Fire,['Siskiyou'],47,41.58233,-122.33769,37.0,100.0
9b9b6d81-9590-48a0-a750-fc7da05bfecc,2018-09-02,2018-09,Ridge Fire,['Lake'],17,38.981389,-122.97222,36.0,100.0
e69be637-e9e9-4964-96ed-4d6a1a1c159d,2018-08-27,2018-08,Winchester Fire,['Riverside'],33,33.640051,-117.085354,36.0,100.0
10d67079-faa9-4034-a4d7-8346b450e7de,2018-11-08,2018-11,Brushy Fire,['Mendocino'],23,39.62194,-123.28774,35.0,100.0
dd114f40-6fcb-487b-931e-7a9107371daa,2018-08-06,2018-08,Terra Fire,['Riverside'],33,33.759722,-117.460278,35.0,100.0
46f35b6b-9c64-41e3-a7e2-f76dc6719145,2018-07-29,2018-07,Corner Fire,['Shasta'],45,40.95673,-121.6002,35.0,100.0
39ace715-e375-4083-a05c-7fb7448e17b9,2018-06-03,2018-06,Fairview Fire,['San Benito'],35,36.83036,-121.36446,35.0,100.0
b03ec37e-8596-4e7e-8826-729957a794f8,2018-08-18,2018-08,Marcel Fire,['Kern'],15,35.17156,-118.51651,34.0,100.0
f306893c-d6b5-4d68-a2a3-4a306822e041,2018-07-25,2018-07,Patterson Fire,['Alameda'],1,37.71173,-121.55604,34.0,100.0
f6693336-817b-4424-8aea-1c966fae5e23,2018-07-19,2018-07,Horse Creek Fire,['Tulare'],54,36.42638,-118.70443,34.0,100.0
9856efb8-4d41-4276-9d4e-a5b29d912996,2018-09-24,2018-09,Nimshew Fire,['Butte'],4,39.84151,-121.62168,33.0,100.0
15d8c9e7-7029-4027-85d8-95f308f83790,2018-07-15,2018-07,Lariat Fire,['Tehama'],52,40.00293,-122.44008,33.0,100.0
d4618db6-e417-4590-8c1f-9b5ace341bb3,2018-06-30,2018-06,Creek Fire,['San Bernardino'],36,34.17711,-117.15381,33.0,100.0
485eb9e1-80a1-4b95-a71e-8e43ccb1dd80,2018-02-18,2018-02,Wilcox Fire,['Tulare'],54,0.0,0.0,33.0,100.0
8c4b830f-be4f-4469-9448-f0e98ea1d189,2018-10-02,2018-10,Eagle Fire,['Fresno'],10,36.938674,-119.3127769,32.0,100.0
2bdeaf01-fe98-4f63-b2e8-4857815bc87c,2018-08-25,2018-08,Country Fire,['Riverside'],33,33.97902,-117.20534,32.0,100.0
f141dba0-ae4b-4972-b926-81d1595d0917,2018-07-15,2018-07,3-18 Fire,['Lassen'],18,41.08583,-121.05722,32.0,100.0
af251be5-4fa6-4ced-954c-a0e0aa34a517,2018-06-16,2018-06,Creek Fire,['Lake'],17,38.886518,-122.476381,32.0,100.0
9636bdf4-8754-4745-80c8-90a5fcd90ec2,2018-07-08,2018-07,Vista Fire,['Shasta'],45,40.62693,-122.23449,31.0,100.0
04100255-b014-4a69-92c2-5388c7f9b9d6,2018-09-23,2018-09,Quimby Fire,['Santa Clara'],43,37.33563,-121.75815,30.0,100.0
f012f0ea-4102-47dc-9c6d-609ebac85142,2018-08-18,2018-08,Alhambra Fire,['Contra Costa'],7,37.99618,-122.14097,30.0,100.0
6bc7ef6f-2d81-4bdc-ab41-9db6af9d4abb,2018-08-05,2018-08,Creek Fire,['Alameda'],1,37.533026,-121.79733,30.0,100.0
45845135-0abc-4964-9038-db1e26fa9b22,2018-07-28,2018-07,Sobrante Fire,['Riverside'],33,33.85852,-117.43521,30.0,100.0
5b5274df-2cb7-402e-b002-778cce00ac1d,2018-07-21,2018-07,Rock Fire,['San Luis Obispo'],40,35.68539,-120.95157,30.0,100.0
c8060137-4a83-479b-9f36-429a698aac06,2018-06-29,2018-06,Grant Fire,['Sacramento'],34,38.595865,-121.17693,30.0,100.0
a97e2077-2013-459a-baa7-276781503e3c,2018-04-12,2018-04,Aqueduct Fire,['Fresno'],10,35.92436,-119.94083,30.0,100.0
1dad019f-12c1-47a0-a20c-2408d942f1c4,2018-07-17,2018-07,Border Fire,['San Diego'],37,32.557566,-116.8663,28.0,100.0
454ed7a0-3e17-47a6-9ff1-7a629471df5c,2018-05-19,2018-05,Ager Fire,['Siskiyou'],47,41.791859,-122.513883,27.0,100.0
0d030a31-8531-4172-88f1-08ac34c3d805,2018-05-18,2018-05,White Fire,['Tulare'],54,35.826333,-118.9821,26.0,100.0
d5885e9d-1310-4f84-a658-d972d17ecad9,2018-09-15,2018-09,Soboba Fire,['Riverside'],33,33.80406,-116.93188,25.0,100.0
0ffbb118-8070-4220-95a7-cdef27b0a7ae,2018-06-16,2018-06,Willow Fire,['Contra Costa'],7,38.015323,-121.998967,25.0,100.0
4b641aa9-e8b4-492e-a181-f1bad47c4d6d,2018-05-29,2018-05,Vineyard Fire,['San Luis Obispo'],40,35.71859,-120.64028,25.0,100.0
1a3ccacd-e743-4a0b-97ab-4d99a133654e,2018-09-03,2018-09,Kelsey Fire,['Lake'],17,38.91842,-122.85276,24.0,100.0
f81830b2-ece2-4f59-87c7-fd43193bd996,2018-08-22,2018-08,Land Fire,['Riverside'],33,33.946896,-117.066643,23.0,100.0
abe0e447-8977-406f-9e13-5514f4e954bc,2018-06-02,2018-06,Glen Fire,['Contra Costa'],7,37.99113,-121.86473,23.0,100.0
b48e83d3-eb05-47df-a198-185912d8190e,2018-06-01,2018-06,Plymire Fire,['Tehama'],52,40.201826,-122.29388,23.0,100.0
deb9364c-ab73-4661-b287-2ffc1797296e,2018-08-04,2018-08,Wagner Fire,['Mariposa'],22,37.69965,-120.0545,22.0,100.0
9a49cf24-0e41-4817-b0d0-966e7b5c7e77,2018-04-10,2018-04,Meadow Fire,['Riverside'],33,33.86439,-117.48144,21.0,100.0
e83e7346-5b83-4e3a-845c-867fd84d17f0,2018-11-15,2018-11,Morgan Fire,['Contra Costa'],7,37.81111,-121.7944,20.0,100.0
03f49769-b928-44a5-be82-236d3d341eba,2018-11-14,2018-11,Niles Fire,['Alameda'],1,37.61158,-121.94182,20.0,100.0
655b2bde-09c6-43b8-9cdb-43096bcf1155,2018-07-25,2018-07,Church Fire,['Santa Clara'],43,37.07793,-121.600023,20.0,100.0
1f49d4b1-f08f-4fce-8b55-48ff0e521a2f,2018-06-17,2018-06,Vallecitos Fire,['Alameda'],1,37.627119,-121.806775,20.0,100.0
764b9aac-411e-442d-a045-1bd02ec773c2,2018-06-15,2018-06,Bridle Fire,['Riverside'],33,33.524412,-116.821724,20.0,100.0
59b452f4-04fe-4251-8cf9-70dfc53ada0c,2018-06-14,2018-06,70 Fire,['Butte'],4,39.602703,-121.617698,20.0,100.0
7307857b-b127-4b3a-bf11-ee19d07e0736,2018-06-12,2018-06,Portola Fire ,['Los Angeles'],19,34.110516,-118.427886,20.0,100.0
508b3f52-3a8e-4572-99a9-73c28bbdfbef,2018-04-26,2018-04,French Fire,['Plumas'],32,39.89075,-120.18499,20.0,100.0
f96cf1fb-78d6-4763-a754-23aac25a3b96,2018-05-10,2018-05,Jacques Fire,['San Diego'],37,33.40178,-117.27467,18.0,100.0
fb8c9354-384c-45ab-b209-4a0f6d234516,2018-04-22,2018-04,Lago Fire,['Riverside'],33,33.88744,-117.16232,18.0,100.0
7d1f523d-6940-4b64-bc5a-7ecb5a63538a,2018-11-04,2018-11,Rincon Fire,['Santa Cruz'],44,37.0125,-122.046,17.0,100.0
43d24c96-7841-423f-9e14-bc9a7ff49416,2018-06-17,2018-06,China Fire,['Amador'],3,38.265645,-120.892404,17.0,100.0
368fb83d-2660-4d9f-b6ad-0a2ef5de1e52,2018-06-03,2018-06,Ethanac Fire,['Riverside'],33,33.742,-117.28189,17.0,100.0
b2695350-87ea-49f4-a579-ce0c4cf7f926,2018-08-12,2018-08,Oak Fire,['Nevada'],29,39.10494,-121.07039,16.0,100.0
8c94a8f0-1d63-4ea7-88af-52fee196a9a6,2018-07-15,2018-07,Johnson Fire,['Humboldt'],12,41.34453,-123.85404,16.0,100.0
7f775329-242f-4211-b564-92f90062c227,2018-05-28,2018-05,Keeler Fire,['Santa Clara'],43,37.21803,-121.76828,16.0,100.0
28725d54-51bc-41f9-99ed-aca0396be12a,2018-10-11,2018-10,Iron Gate Fire,['Siskiyou'],47,41.94046,-122.43933,15.0,100.0
e9d48e43-940e-4151-9ffb-20881d03c151,2018-09-02,2018-09,Essex Fire,['Modoc'],25,41.52123,-120.72362,15.0,100.0
08a9481d-8742-4256-a419-2a59196e0a8d,2018-05-05,2018-05,Woodchuck Fire,['Riverside'],33,33.467999,-117.003829,15.0,100.0
8b34406c-93b7-4a40-a832-2fc525876e59,2018-04-15,2018-04,Tyler Fire,['Riverside'],33,33.711263,-116.164058,15.0,100.0
775494c3-ae61-40aa-82b0-667a3ddcbdcc,2018-08-06,2018-08,Casner Fire,['San Diego'],37,33.05737,-116.77154,14.0,100.0
0194a44a-0c12-4e47-a053-f3b9b2382858,2018-07-17,2018-07,Camp Fire,['San Luis Obispo'],40,35.70086,-120.97339,14.0,100.0
b89ae0bb-4b8b-47f6-b7c6-5e689a265288,2018-07-14,2018-07,3-2 Fire,['Lassen'],18,39.99309,-120.02137,14.0,100.0
4235f934-ed24-425d-821c-46363dcb16e8,2018-06-01,2018-06,Madison FIre,['Yolo'],57,38.64953,-122.01762,14.0,100.0
20b57ee7-b0b7-47db-8a12-e5fcdb114459,2018-09-04,2018-09,Ranchera Fire,['Shasta'],45,40.678889,-122.400556,13.0,100.0
05fb81ea-7e85-4d0d-9587-64c907a45561,2018-07-20,2018-07,Cinnamon Fire,['San Diego'],37,33.04898,-116.78928,13.0,100.0
af8fe898-e4a6-4b9f-86a5-e6fc3226832b,2018-06-02,2018-06,Coldwell Fire,['Fresno'],10,36.10499,-120.55324,13.0,100.0
a8f54d41-fc8c-476c-9122-f1357aa166a0,2018-10-14,2018-10,Tower Fire,['Shasta'],45,40.49618,-122.51597,12.0,100.0
9ea41d38-ee7c-4394-9ea8-cbf33e788f13,2018-09-20,2018-09,Meyers Fire,['El Dorado'],9,38.7448,-120.65672,12.0,100.0
8ff78ab4-378d-4e1b-9ba0-b90d8be07a06,2018-07-13,2018-07,Gray Fire,['San Bernardino'],36,34.171786,-117.35606,12.0,100.0
f5d14543-5d98-41ca-99f5-09c1197161b2,2018-07-11,2018-07,School Fire,['Madera'],20,37.22791,-119.50461,12.0,100.0
5adaf6fa-0c4a-43e4-bd32-baa089a7f0b2,2018-06-09,2018-06,Mission Fire,['Marin'],21,37.97638,-122.5275,12.0,100.0
a43a2839-d85f-4152-ac07-4a29c31723cf,2018-06-05,2018-06,Vista Fire,['San Diego'],37,33.40769,-117.22974,12.0,100.0
c48eaae5-afb4-472c-be65-7dfbb3c82f4d,2018-06-04,2018-06,Meamber Fire,['Siskiyou'],47,41.64805,-122.98442,12.0,100.0
0fd4a4af-b243-4e88-b983-648d0c127f47,2018-06-03,2018-06,Resort Fire,['San Luis Obispo'],40,35.75737,-120.91793,12.0,100.0
03b0e3c2-7b65-4a7b-b061-d297ebd267f4,2018-05-21,2018-05,Bellagio Fire,['Napa'],28,38.16303,-122.23059,12.0,100.0
f78b2acd-fff2-413a-93d6-8479e138120b,2018-05-14,2018-05,Grant Fire,['Alameda'],1,37.73835,-121.6039,12.0,100.0
81cf4d22-336d-4035-b2c3-5b5a8cf2fcc2,2018-05-11,2018-05,Volcan Fire,['San Diego'],37,33.12213,-116.58759,12.0,100.0
c2dc8734-e165-4fa1-9a1a-f393516bd5a5,2018-07-10,2018-07,Dark Fire,['Butte'],4,39.66492,-121.51772,11.0,100.0
dc55524d-c29f-4990-8f73-2974348c7fc7,2018-07-10,2018-07,Cornerstone Fire,['Madera'],20,37.19817,-119.80414,11.0,100.0
a0b7fa30-74d0-419f-927b-de29b0d00018,2018-06-03,2018-06,Grande Fire,['Riverside'],33,33.47413,-117.31468,11.0,100.0
958c8ac0-6111-4d29-b5ac-8ca0e7a2f484,2018-03-27,2018-03,Rock Fire,['Shasta'],45,40.4635,-121.77419,11.0,100.0
b6fb27e6-073c-4092-b8a8-51e96be987a4,2018-11-16,2018-11,Bear Fire ,['Santa Cruz'],44,37.12857,-122.12036,10.0,100.0
116fabb6-7440-4d6d-aa89-668989c028db,2018-11-13,2018-11,Green Hill Fire,['Humboldt'],12,40.888785,-124.001849,10.0,100.0
b8dc21be-0807-4434-9536-45a4a660ed83,2018-10-15,2018-10,Powellton Fire,['Butte'],4,39.93427,-121.54103,10.0,100.0
23f8d2d9-0e9e-4f07-b830-8c02cf74b5d0,2018-08-19,2018-08,Keller Fire,['Riverside'],33,33.627006,-117.171731,10.0,100.0
1bdf7030-adc6-442f-ab31-d182e53b4a73,2018-08-09,2018-08,Syar Fire,['Napa'],28,38.27229,-122.26389,10.0,100.0
14207c18-f9a3-4a69-9f3a-d778d2f6960f,2018-07-18,2018-07,Lott Fire,['Siskiyou'],47,41.632373,-122.37985,10.0,100.0
59c697e4-5083-4f45-b03a-ef580f6618dd,2018-07-06,2018-07,Building Fire,['San Diego'],37,32.619855,-116.764733,10.0,100.0
465ed1e1-89be-4556-b616-834b65746005,2018-06-29,2018-06,Llano Fire,['Butte'],4,39.6139,-121.954098,10.0,100.0
d752892a-9bdf-4b91-83f0-2d3f94c3f370,2018-06-21,2018-06,Creek Fire,['San Luis Obispo'],40,35.05747,-120.39295,10.0,100.0
b2adde70-a40e-4b81-9f5f-8f6b96042af2,2018-06-19,2018-06,Ranchita Fire,['Monterey'],27,35.77017,-120.57833,10.0,100.0
6eed6c93-14f3-450a-80c8-65c5450a8cbd,2018-06-05,2018-06,Pallet Fire,['Sonoma'],49,38.245151,-122.44408,10.0,100.0
60041942-db7c-4c3d-8a94-151addbd9d20,2018-06-04,2018-06,Green Fire,['San Diego'],37,32.75072,-116.92404,10.0,100.0
2d27a570-a8b0-4332-a40a-3afb8f2a575c,2018-06-03,2018-06,Black Fire,['Tehama'],52,39.80827,-122.3307,10.0,100.0
c88bdcbd-2592-44d2-b44d-1c5a37593ffb,2018-06-02,2018-06,Jardin Fire,['Riverside'],33,33.45014,-117.22215,10.0,100.0
79dee087-3393-473f-aaa9-5d253cc5e1fa,2018-05-28,2018-05,70th Fire,['Riverside'],33,33.53924,-116.10231,10.0,100.0
e6b8af54-15fb-42bb-8be9-f323c9d5cc78,2018-11-30,2018-11,Honey Flooding,['Butte'],4,39.71217,-121.77385,0.0,100.0
d6753341-5c6f-4530-9c02-25974496ddc8,2018-04-24,2018-04,Grape Fire,['Humboldt'],12,40.70258,-123.55012,0.0,100.0
23cbd274-ded3-43ea-9174-b5615eac3244,2018-01-09,2018-01,Montecito Flooding / Mudflows,"['Santa Barbara', 'Ventura']","42,56",0.0,0.0,0.0,100.0
00e6d6d5-f168-45fa-817a-f7758a5170b7,2019-10-30,2019-10,Easy Fire,['Ventura'],56,34.282179,-118.803389,2375.0,100.0
547b7d19-9b75-4c11-8b88-56adb6460a3c,2019-08-16,2019-08,Gaines Fire,['Mariposa'],22,37.536069,-120.177018,1300.0,100.0
7ff84b11-c3fb-4f5c-8a00-07243d4a4e33,2019-10-10,2019-10,Sandalwood Fire,['Riverside'],33,33.9925,-117.059167,1011.0,100.0
8f23653c-1a4c-4609-bfb3-72b1665eab69,2019-10-31,2019-10,Hill Fire ,['Riverside'],33,34.01778,-117.4625,628.0,100.0
828b2492-fc44-4fc0-97fa-f0b439e6fa0d,2019-10-27,2019-10,Rawson Fire,['Tehama'],52,40.00171,-122.25421,605.0,100.0
77d64e4c-a50f-4f4d-a750-e6a6f0ddadc9,2019-11-25,2019-11,Foothills Fire,['Placer'],31,38.838992,-121.325842,308.0,100.0
207f72f7-1453-40dc-919e-3551f7041b22,2019-10-09,2019-10,Cross Fire,"['Monterey', 'San Luis Obispo']","27,40",35.79069,-120.73102,289.0,100.0
f8a2fd4a-286e-4688-8a5c-fa2ad98751ab,2019-07-21,2019-07,Valley Fire,['Mariposa'],22,37.241427,-120.027731,149.0,100.0
ff8701f0-a12a-4b40-baa9-b58c4e2e31f3,2019-10-18,2019-10,Mud Fire ,['Fresno'],10,36.319291,-120.460189,137.0,100.0
9a9bc21f-36f5-4092-b98e-c0d584d198db,2019-08-08,2019-08,3-2 Willow (Previously H-1 Fire),['Lassen'],18,40.900458,-121.320838,107.0,100.0
d37acb3f-94c8-47ef-b3da-6eb0d7353aa7,2019-10-11,2019-10,Wolf Fire,['Riverside'],33,33.8615,-116.897333,75.0,100.0
19578ef2-6101-45b0-a82e-db3004c3a8a5,2019-10-10,2019-10,Merrill Fire,['Contra Costa'],7,37.828267,-122.103867,40.0,100.0
7ff229e4-be94-4319-8916-19eb43753843,2019-10-25,2019-10,Miller Fire,['San Diego'],37,33.259861,-117.027333,37.0,100.0
87404846-bc30-41b8-82fe-31c9aedb9ef7,2019-10-25,2019-10,Mines Fire,['Alameda'],1,37.62782,-121.68598,35.0,100.0
900997e0-f30a-48bf-9358-971ca2afa1d6,2019-07-18,2019-07,Rains Fire,['Stanislaus'],50,37.420988,-121.371276,35.0,100.0
ab6d9c8e-5fbb-4a0d-a206-30e83ab51877,2019-07-13,2019-07,Horse Fire,['Shasta'],45,40.463936,-122.435492,30.0,100.0
17596a7a-31fc-4270-8aaf-efe1df3ba848,2019-07-19,2019-07,Whiskey Fire,['Calaveras'],5,38.115224,-120.78068,27.0,100.0
4433d477-a962-4ad9-a306-71f0f79fff65,2019-08-04,2019-08,La Barisa Fire,['San Bernardino'],36,34.202883,-116.4449,26.0,100.0
06fa2750-afea-4f88-b1c4-48b9bc21f4eb,2019-07-18,2019-07,Vista Fire,['San Diego'],37,32.794768,-116.839743,25.0,100.0
48f89096-4641-42cc-8ec4-9cba635e79a1,2019-09-30,2019-09,Chaparral Fire,['El Dorado'],9,38.538467,-120.965105,22.0,100.0
3fc9ae75-8844-43a5-8330-6956cdb6e3a7,2019-07-13,2019-07,Mid Fire,['Alameda'],1,37.093243,-121.586846,22.0,100.0
0baff961-3ce3-45ec-80f1-a72957f2f3f4,2019-10-15,2019-10,Nustar Fire,['Contra Costa'],7,38.045866,-122.245186,15.0,100.0
faf6064e-fc50-4289-8486-1235f20289d7,2019-08-27,2019-08,Sage Fire,['Riverside'],33,33.463991,-116.914799,12.0,100.0
1dd6f339-956d-4ec5-bac5-713ba3cd53d4,2019-10-05,2019-10,Wilson Fire,['Mendocino'],23,39.613783,-123.458782,10.0,100.0
23f65de3-bf4d-4edf-a5eb-b21299195b0f,2019-09-03,2019-09,Deer Fire,['Santa Cruz'],44,37.178353,-122.07743,10.0,100.0
809d101c-8aa3-4a53-bf20-f38ae7ec7941,2019-10-24,2019-10,Kincade Fire,['Sonoma'],49,38.792458,-122.780053,77758.0,100.0
3a48b649-8714-433d-9952-ff2bf9e8c90a,2019-09-04,2019-09,Walker Fire,['Plumas'],32,40.061389,-120.680556,54612.0,100.0
2939928b-0308-4d76-b232-246f064ddd11,2019-07-28,2019-07,Tucker Fire,['Modoc'],25,41.79591,-121.260305,14217.0,100.0
e7ea56c5-4290-4406-b0a5-c9d1718e9700,2019-09-06,2019-09,Taboose Fire,['Inyo'],14,37.034,-118.345,10296.0,100.0
31852a71-e639-496f-9e7d-0968d1c218b3,2019-11-01,2019-11,Maria Fire ,['Ventura'],56,34.302212,-118.997115,9999.0,100.0
14ad161c-bfc6-41ae-af84-a464084a4142,2019-09-05,2019-09,Red Bank Fire,['Tehama'],52,40.12,-122.64,8836.0,100.0
c52717d6-0297-4c5b-a0f1-f17abcd7ac27,2019-10-11,2019-10,Saddle Ridge Fire,['Los Angeles'],19,34.32988,-118.48161,8799.0,100.0
81977367-45ad-4962-92f3-ae30f22ef723,2019-09-06,2019-09,Lone Fire,['Modoc'],25,41.748,-121.056,5737.0,100.0
e7aeb204-15af-4a2a-8f2a-bfd2c8dbe411,2019-10-06,2019-10,Briceburg Fire,['Mariposa'],22,37.604638,-119.96606,5563.0,100.0
38d46a2f-d1f6-4ed8-a502-e57e393844ea,2019-09-06,2019-09,South Fire,['Tehama'],52,40.109,-122.789,5332.0,100.0
226da8c8-26c0-49d7-b5ef-952cd969f918,2019-09-06,2019-09,Springs Fire,['Mono'],26,37.826,-118.872,4840.0,100.0
020310d3-7834-4f57-a125-eff0eb3f54e5,2019-10-24,2019-10,Tick Fire,['Los Angeles'],19,34.472778,-118.368056,4615.0,100.0
451c3012-2831-44c1-8fc7-146fd02d2ce0,2019-10-11,2019-10,Caples Fire,['El Dorado'],9,38.724,-120.145,3435.0,100.0
4ee8f023-1c92-4266-bb79-d41fdb3a5826,2019-08-29,2019-08,R-1 Fire,['Lassen'],18,40.593,-120.581,3380.0,100.0
7555692b-f672-4660-8f15-d0dab068a193,2019-11-26,2019-11,Cave Fire,['Santa Barbara'],42,34.5025,-119.785,3126.0,100.0
35ba5eb8-520f-4660-af60-9e0e00e7b42b,2019-06-25,2019-06,Lonoak Fire,['Monterey'],27,36.28426,-120.94771,2546.0,100.0
69d98a94-4980-4dc0-b388-61c37c635f32,2019-11-03,2019-11,Ranch Fire,['Tehama'],52,40.036379,-122.637837,2534.0,100.0
6f329208-5aa0-45fc-a4ec-db9caf865ca7,2019-05-07,2019-05,Refuge Fire,['Kern'],15,35.72057,-119.62762,2500.0,100.0
2ce810c9-88f1-4efe-9254-8cbd339d2397,2019-08-25,2019-08,Long Valley Fire ,['Lassen'],18,39.892222,-120.029722,2438.0,100.0
4edb5c7c-08d6-4ae0-b8b3-7bb471e26d8e,2019-06-25,2019-06,Rock Fire,['Stanislaus'],50,37.46577,-121.28312,2420.0,100.0
1760d7f8-57a2-4a04-b7e5-0861cc0ee963,2019-06-08,2019-06,Sand Fire,['Yolo'],57,38.88978,-122.23922,2220.0,100.0
c3b236b9-3a1d-481d-b1eb-b0aa77c5b462,2019-09-06,2019-09,Cow Fire,['Inyo'],14,36.284,-118.228,1975.0,100.0
f68808fb-a705-4083-a136-1a45c61c7f74,2019-09-04,2019-09,Tenaja,['Riverside'],33,33.528469,-117.273157,1926.0,100.0
5c74d3fc-eaeb-4a75-9a07-5f8af961237b,2019-09-07,2019-09,Lime Fire,['Siskiyou'],47,41.862237,-122.662258,1872.0,100.0
88a285bc-0dc7-4c51-a35a-5026850b0a6d,2019-06-12,2019-06,McMillan Fire,['San Luis Obispo'],40,35.66318,-120.41128,1763.0,100.0
eb975e90-a689-40fc-8f44-b13c774de0e8,2019-08-13,2019-08,West Fire ,['Los Angeles'],19,34.91,-118.254,1575.0,100.0
74b94fe9-3524-40ce-ac18-ee637bf66f15,2019-08-16,2019-08,Border 8 Fire,['Mexico'],62,32.573437,-116.658735,1507.0,100.0
23cee99c-662f-4409-80d0-b9eb3a6287b3,2019-06-08,2019-06,West Butte Fire,['Sutter'],51,39.28926,-121.85906,1350.0,100.0
e3d66b1b-3b3b-40a3-96ec-574c1a27cbe9,2019-08-10,2019-08,Ward Fire,['State of Oregon'],61,42.033,-122.175,1301.0,100.0
3086ac2b-bbb3-4321-81e3-3cfdb9e571e9,2019-07-14,2019-07,Jasper Fire,['State of Nevada'],59,39.631945,-119.769881,1165.0,100.0
107dd529-31b8-4b5f-ab09-4aa79c770d4b,2019-06-05,2019-06,Boulder Fire,['San Luis Obispo'],40,35.343761,-119.913717,1075.0,100.0
94cdd032-ea04-4713-b54a-dc3476635684,2019-08-09,2019-08,W1 McDonald Fire,['Lassen'],18,40.943799,-120.275298,1020.0,100.0
1fd11e53-a132-4b89-bc8f-f7061f685ad3,2019-07-08,2019-07,Gillis Fire,['San Luis Obispo'],40,35.6311111,-120.2691666,1010.0,100.0
e2d77e59-b831-4267-a50b-89ede499a885,2019-05-30,2019-05,Belmont Fire,['San Luis Obispo'],40,35.30759,-119.96498,835.0,100.0
8faaa845-634f-4f94-b25e-f5ae78703da6,2019-08-31,2019-08,Creek Fire,['Tulare'],54,36.40193,-119.030621,756.0,100.0
e693477a-37d2-4aba-9e73-a63421a2b3a6,2019-10-28,2019-10,Getty Fire ,['Los Angeles'],19,34.098191,-118.478717,745.0,100.0
9cc1af36-29f2-4af5-afa7-23b9ce17630e,2019-10-27,2019-10,Burris Fire,['Mendocino'],23,39.22431,-123.12887,703.0,100.0
ebc468e3-c2ec-43ff-95e9-c319a7ec3d40,2019-09-20,2019-09,Baseline Fire ,['Placer'],31,38.751648,-121.432636,640.0,100.0
1bf3e829-5fb3-43d2-9179-6c337709df19,2019-08-22,2019-08,Mountain Fire,['Shasta'],45,40.715556,-122.241944,600.0,100.0
8edf51ea-1e4f-4e73-8e04-e168417ed39b,2019-06-07,2019-06,Stuhr Fire,['Stanislaus'],50,37.25988,-121.09375,581.0,100.0
74c3d01f-8809-40bc-a0e2-b1cc24bf1a7d,2019-10-06,2019-10,American Fire,['Napa'],28,38.165873,-122.211671,526.0,100.0
c9327432-b3d3-4ea1-b810-d339dc9e25c3,2019-09-15,2019-09,Horseshoe Fire ,['Riverside'],33,33.4853,-117.043723,503.0,100.0
8c666963-1f9d-43c6-bc3a-cab623d81f27,2019-06-21,2019-06,Jerry Fire,['Riverside'],33,33.919507,-117.103765,500.0,100.0
63a43984-64ce-40aa-bbc3-98330a46353f,2019-09-07,2019-09,Swedes Fire,['Butte'],4,39.45296,-121.412619,496.0,100.0
ca65fae0-e6d7-4600-890c-62da03753131,2019-08-01,2019-08,Caliente Fire,['San Diego'],37,32.575556,-117.026667,448.0,100.0
1f0d1a35-bf41-45d8-b3b8-26cca8d2d83e,2019-08-01,2019-08,Mesa Fire ,['Kern'],15,35.60989,-118.41204,448.0,100.0
852f3058-ccaa-4877-8e8e-f5b8a9649936,2019-08-15,2019-08,Hunter Fire,['Mariposa'],22,37.532028,-120.208019,433.0,100.0
baa2a51c-40bc-420c-9f88-db4783872d65,2019-10-17,2019-10,Real Fire,['Santa Barbara'],42,34.484722,-120.190833,420.0,100.0
737ef617-abaa-44a1-9bbc-f46240468b8f,2019-09-06,2019-09,Broder Fire,['Tulare'],54,36.151,-118.185,381.0,100.0
8739a46c-9d9b-464c-87d0-31738601d96f,2019-10-10,2019-10,Reche Fire,['Riverside'],33,33.975405,-117.207068,350.0,100.0
1f576988-2ad0-4a7b-afed-f650caafc579,2019-08-03,2019-08,Marsh Complex,['Contra Costa'],7,37.908362,-121.872941,340.0,100.0
e59fa47f-0f47-49a9-a2c5-092cfaf68ed5,2019-10-31,2019-10,46 Fire,['Riverside'],33,33.985972,-117.414111,328.0,100.0
540b19a4-b84c-4d9c-9cb3-746b53a094b7,2019-07-29,2019-07,Lake Fire,['Monterey'],27,35.908333,-120.984167,306.0,100.0
b8e5a940-0fb5-4c63-93ab-a855cfdc4e0c,2019-09-29,2019-09,Hwy Fire,['Butte'],4,39.622137,-121.693472,300.0,100.0
89db8bb4-6e3b-4de7-b7d9-287c1a9032c0,2019-07-03,2019-07,Hollow Fire,['San Joaquin'],39,37.63206,-121.538382,283.0,100.0
b24dc89c-632d-46a1-8984-2ce037e37834,2019-09-07,2019-09,Rams Horn Fire,['Trinity'],53,41.150392,-122.634108,280.0,100.0
233708cc-ed2d-4b85-ba8c-60cf71c912c8,2019-07-30,2019-07,Mill Fire,['Monterey'],27,36.008889,-121.466944,280.0,100.0
1b6cdbc8-4ab9-49e9-b6ed-e38d55e263cc,2019-09-02,2019-09,Snail Fire,['Ventura'],56,34.71011,-119.3547,279.0,100.0
0f965f2f-3977-4ba5-bf7c-29feef27ee82,2019-07-05,2019-07,Snowstorm Fire,['Lassen'],18,40.679318,-120.392768,263.0,100.0
393edada-d2bf-4a33-94f2-2d2123357015,2019-09-06,2019-09,R-6 Fire,['Lassen'],18,44.734,-120.606,260.0,100.0
11e0324e-e8ff-4591-b592-9e704ade60d6,2019-06-02,2019-06,Citrus Fire,['Tulare'],54,36.18479,-118.99229,257.0,100.0
a14c1f49-8e49-4709-a21b-6c06471a1002,2019-09-08,2019-09,Sycamore Fire,['Riverside'],33,33.9369,-117.3063,250.0,100.0
791059a2-b50f-4ab0-924a-bfdac001e4b9,2019-09-05,2019-09,Henthorne Fire,['Trinity'],53,40.062304,-123.222196,244.0,100.0
6be8378d-9a89-40a3-bc66-4fc0ab22ebc2,2019-07-08,2019-07,Lake Fire,['Mariposa'],22,37.524378,-120.296551,244.0,100.0
4affde91-31a9-4588-bf14-7201fc5c548b,2019-08-09,2019-08,Harte Fire,['Alameda'],1,37.708743,-121.841879,240.0,100.0
69b0cca6-c0c6-4a96-8f61-07ebb0ff9dc7,2019-09-07,2019-09,Kidder 2 Fire,['Siskiyou'],47,41.4929742,-123.2129356,227.0,100.0
c8f94c30-d0ee-450a-8501-30678aa37c0f,2019-08-13,2019-08,Moose Fire,['Mendocino'],23,39.005262,-123.195306,225.0,100.0
840010ca-aef0-4f91-b771-3bf196317d03,2019-09-21,2019-09,Lopez Fire,['San Luis Obispo'],40,35.214364,-120.455883,220.0,100.0
24d9c2ae-8b11-4536-9b9c-5f4e0d476af0,2019-06-29,2019-06,Wolf Fire ,['Riverside'],33,33.911,-116.980528,214.0,100.0
f2629bc3-1c8c-4a97-95fa-7d08566dc246,2019-07-16,2019-07,Madera Fire ,['Madera'],20,37.016944,-119.934167,213.0,100.0
cc06431a-5153-4f66-8ada-07af53c175c3,2019-06-29,2019-06,Merced Fire ,['Merced'],24,37.312877,-120.242411,210.0,100.0
6f509c42-9d2b-45df-b705-02dcb9147dde,2019-06-09,2019-06,Malech Fire,['Santa Clara'],43,37.21638,-121.70768,210.0,100.0
49dbe286-1cfe-4e03-a872-13185aae767a,2019-07-21,2019-07,Tejon Fire,['Kern'],15,34.9008333,-118.9183333,208.0,100.0
48d3b3c4-fcf5-47d9-920f-3b3c1b0f6fb1,2019-06-18,2019-06,Lumgrey Fire,['Siskiyou'],47,39.28926,-121.85906,207.0,100.0
a03c52ec-7366-43c5-965e-52e2b73df452,2019-07-15,2019-07,Milton Fire ,['Stanislaus'],50,37.944751,-120.84372,202.0,100.0
dfc32e06-b88e-4d30-ae3d-22bc18792f5e,2019-10-31,2019-10,Hillside Fire,['San Bernardino'],36,34.183,-117.285,200.0,100.0
d299dec7-b09f-47f7-80c9-859ddd1ecef3,2019-10-27,2019-10,Cypress Complex,['Contra Costa'],7,37.99136,-121.64118,200.0,100.0
02e6023e-d306-4a67-a09c-b9224b98661e,2019-10-11,2019-10,Olivas Fire,['Ventura'],56,34.23955,-119.20187,200.0,100.0
94cd8534-defa-4a82-b1be-42a2704c13d2,2019-09-24,2019-09,Dehesa Fire ,['San Diego'],37,32.787656,-116.806941,200.0,100.0
4cebaf5a-70a7-4262-864b-fb3fe3b1d84d,2019-09-10,2019-09,McMurray Fire,['Santa Barbara'],42,34.630919,-120.187368,200.0,100.0
0ab090de-1ec9-41db-b6cf-c7acd370626a,2019-07-14,2019-07,Doyle Fire,['Lassen'],18,40.072739,-120.158273,193.0,100.0
8f6c8f60-1daf-4c04-8507-dcc81656b8c5,2019-09-11,2019-09,Stuhr Fire ,['Stanislaus'],50,37.32585,-121.110146,190.0,100.0
f32eaf92-82dc-4c31-8a05-76c21845f078,2019-07-10,2019-07,Sargent Fire,['Monterey'],27,35.95191,-120.8092,190.0,100.0
f0577ec6-5504-4460-83ce-d9bd91624e0a,2019-07-24,2019-07,Marshview Fire,['Solano'],48,38.158333,-122.118889,183.0,100.0
ee290ec6-3815-4c44-a96a-edb331fcc925,2019-05-03,2019-05,Vulcan Fire,['Kern'],15,35.03855,-119.19454,172.0,100.0
980c4c7d-dcc9-45b3-b5c1-181c1cd445e9,2019-09-16,2019-09,Bautista Fire,['Riverside'],33,33.635,-116.801111,167.0,100.0
ebdceb89-fa30-486a-94f8-3eff8eedbd67,2019-09-02,2019-09,Antelope Fire,['San Benito'],35,36.600167,-120.8405,167.0,100.0
85bdd89a-4ce5-4539-a274-23fa2b030e7d,2019-04-29,2019-04,York Fire,['Kings'],16,35.81778,-120.09715,161.0,100.0
2443f637-15d7-4cf9-a405-133cf1748300,2019-08-15,2019-08,Cottage Fire,['Shasta'],45,40.484329,-122.159393,156.0,100.0
ed5e111d-e34a-42c0-9ce7-818270037c2c,2019-08-04,2019-08,Five Fire,['Los Angeles'],19,34.677864,-118.752395,156.0,100.0
d79e71f2-d827-465d-95a8-d80b6e54456e,2019-07-28,2019-07,Star Fire,['San Bernardino'],36,33.997528,-117.769766,156.0,100.0
812a492e-35cb-4bb0-9e5a-1ec181d8b97e,2019-06-01,2019-06,Spruce Fire,['Tulare'],54,36.28001,-119.10974,155.0,100.0
64104ca2-a187-4b11-bb43-e22253bbcb52,2019-10-27,2019-10,Sky Fire ,['Contra Costa'],7,38.03545,-122.2241,150.0,100.0
5a633180-7b70-4fb6-b859-b5826775b5fc,2019-07-29,2019-07,Dehesa Fire,['San Diego'],37,32.767649,-116.796032,150.0,100.0
ac723863-413e-43f8-b4b6-2311e81e36ae,2019-06-27,2019-06,Dyer Fire,['Placer'],31,38.73817,-121.39419,148.0,100.0
956f8cd5-f4fb-43d7-8a34-1bb5db551995,2019-10-24,2019-10,Old Water Fire,['San Bernardino'],36,34.183624,-117.274276,145.0,100.0
329ac0b8-a2c1-4a72-bd09-dd86c477162b,2019-05-30,2019-05,Canyon Fire,['Santa Clara'],43,37.45899,-121.22093,144.0,100.0
c9f9ded3-170f-4b04-a50e-2c03153c663f,2019-10-27,2019-10,Glencove Fire ,['Solano'],48,38.07205,-122.22463,140.0,100.0
d35fa87b-0f19-4dd8-8739-4bdbc92d1361,2019-08-22,2019-08,Patterson Fire,['Alameda'],1,37.71734,-121.55867,139.0,100.0
97c4d72f-c1e9-425e-9dcf-44150047af92,2019-08-24,2019-08,Horse Fire,['Lassen'],18,40.562,-120.544,131.0,100.0
c1574fd4-92ca-400f-84cb-b10f18ebb4bd,2019-07-14,2019-07,South Fire ,['Ventura'],56,34.366111,-118.96,131.0,100.0
5f7b19a6-5f22-49ac-bf0e-ecef96385d37,2019-08-08,2019-08,R-1 Fire,['Lassen'],18,40.886677,-120.336977,130.0,100.0
5edb4ec4-615c-45fb-a236-9a4225eedaff,2019-07-28,2019-07,Usal Fire,['Mendocino'],23,39.831762,-123.846013,130.0,100.0
e98603d2-f44e-4a9e-b83d-5e9f94766b53,2019-05-19,2019-05,Shady Fire,['Riverside'],33,33.650237,-116.172534,130.0,100.0
3934f762-ba99-471a-b1d9-dc064276c383,2019-09-21,2019-09,Reservoir Fire,['Santa Clara'],43,37.467744,-121.842751,128.0,100.0
d5ebf295-49d5-4a6a-ae13-47a921355e19,2019-07-17,2019-07,Goose 2 Fire,['Modoc'],25,41.909,-120.306,128.0,100.0
72cb3684-c194-4180-bdfe-22775f86a594,2019-05-30,2019-05,Hill Fire,['Fresno'],10,36.66909,-119.3046,121.0,100.0
779c4b9a-19bf-487f-ba65-6589aea27420,2019-06-20,2019-06,Weisgarber Fire,['San Diego'],37,33.39684,-117.29665,120.0,100.0
e1e4dad4-7ea6-48ec-b34d-3128cf55cc43,2019-06-10,2019-06,Bitter Fire ,['San Luis Obispo'],40,35.57376,-120.11738,120.0,100.0
d3beabf6-63e9-4cad-a17c-58bb36abd7ac,2019-05-01,2019-05,Woody Fire,['Kern'],15,35.65189,-118.92545,115.0,100.0
2f735b66-c275-4557-a8ad-0ff60e0552f3,2019-08-02,2019-08,Meadow Fire (Not a CAL FIRE incident),['Modoc'],25,41.43783,-120.23976,103.0,100.0
bc2edb86-fb4b-4dba-a9e0-5339f27d9bce,2019-07-29,2019-07,Range Fire,['Santa Barbara'],42,34.665699,-119.94974,100.0,100.0
8c46fde6-7a1c-482b-97cc-afff1bc5d27c,2019-07-12,2019-07,Border Fire,['San Diego'],37,32.566389,-116.7525,100.0,100.0
7b283f4f-c613-4840-aa90-1f6e9fa1573a,2019-09-22,2019-09,Kennedy Fire,['Riverside'],33,33.900994,-117.170588,98.0,100.0
a6701bb9-7086-4dbc-ac5f-8c98eeb0279a,2019-10-25,2019-10,Sawday Fire ,['San Diego'],37,33.055124,-116.742508,97.0,100.0
777caabb-3850-4db2-ba02-2d95fda38db6,2019-07-13,2019-07,Orange fire,['Riverside'],33,33.8128372,-117.1228851,96.0,100.0
63b69be6-bd39-4bb4-aee1-7b59dbf7c360,2019-07-25,2019-07,Thompson Fire ,['San Luis Obispo'],40,35.004722,-120.435278,95.0,100.0
0089d3c4-c554-46e1-8eb9-af95e4dfae0c,2019-08-05,2019-08,Toro Fire ,['Riverside'],33,33.740219,-117.333728,94.0,100.0
fd21c9dc-a89f-4a29-990b-33b95ae2adc9,2019-10-11,2019-10,Wendy Fire,['Ventura'],56,34.156389,-118.950833,91.0,100.0
8b4a5b95-3f51-4038-a7ea-b5ed3c73c2e5,2019-09-15,2019-09,Bar Fire,['Siskiyou'],47,41.749667,-123.000833,91.0,100.0
12528e0f-03e0-4598-8df0-e3017fa7382a,2019-07-17,2019-07,Whiskey Fire,['San Joaquin'],39,37.962557,-121.468074,90.0,100.0
2f3e47bb-8595-4c9f-bfa6-6fd76e465c12,2019-06-26,2019-06,Trinity Fire,['Shasta'],45,40.41404,-122.66779,90.0,100.0
89008310-149d-480f-946f-4ce5a2a71c3f,2019-09-03,2019-09,Country Fire,['El Dorado'],9,38.898915,-120.946657,85.0,100.0
12e44df4-d425-4f09-96b9-25256ffbdcb2,2019-08-02,2019-08,Browns Fire,['Sacramento'],34,38.3525,-121.123611,84.0,100.0
e7910549-a5ca-4712-bd04-349c49c1ba15,2019-09-23,2019-09,Tulloch Fire,['Tuolumne'],55,37.838333,-120.625556,83.0,100.0
4ba68199-b45d-49da-91e8-bee9921b621b,2019-07-27,2019-07,Tree Fire,['Siskiyou'],47,41.834366,-122.656569,83.0,100.0
ce97fe6d-a635-45f1-bc18-cdd1698673c2,2019-08-13,2019-08,Timm Fire ,['Solano'],48,38.455,-121.969167,81.0,100.0
9e6b72f0-5f8a-41fe-a60d-40d7bc2f5637,2019-07-23,2019-07,Milpas Fire,['San Bernardino'],36,34.42386,-117.10318,81.0,100.0
72384606-035c-4d00-8887-84a9da7d0e57,2019-07-16,2019-07,Meadow Fire,['Riverside'],33,33.514658,-116.7884,81.0,100.0
6890469e-78d7-4dac-b162-6c23498fabcc,2019-10-24,2019-10,Nelson Fire ,['Butte'],4,39.551423,-121.800538,80.0,100.0
cb87a6f4-a560-41a5-81c0-1064d0c368b6,2019-08-25,2019-08,Ivy Fire,['Riverside'],33,33.77777348,-117.487578,80.0,100.0
e094035d-ac9c-4ea9-a23b-bb55321a64d6,2019-08-15,2019-08,Border 9 Fire,['San Diego'],37,32.57394,-116.760465,80.0,100.0
a8c2bf1e-bb0f-4eec-a435-36d7723dfda6,2019-07-25,2019-07,Sweigert Fire ,['Santa Clara'],43,37.433192,-121.807258,80.0,100.0
6311a921-f8e9-45c1-b10d-fee8be8dae29,2019-07-13,2019-07,Lincoln Fire,['Riverside'],33,33.56938,-116.07896,80.0,100.0
31cbc968-6d9d-412b-8bc3-6846ca398fe2,2019-06-25,2019-06,Scott Fire,['Yuba'],58,39.24678,-121.32399,80.0,100.0
937f9f26-8d23-4ee7-a0f3-61313dcc63f3,2019-06-24,2019-06,Scott Fire,['Yuba'],58,39.24678,-121.32399,80.0,100.0
600d608d-6279-435d-bc9b-99aacaa5e80f,2019-11-05,2019-11,Eagle Fire,['Lake'],17,39.100408,-122.496548,75.0,100.0
8bf75401-999f-42bd-8c0a-8db508591545,2019-10-14,2019-10,Johnson Fire ,['Riverside'],33,33.45148,-116.05898,75.0,100.0
be4489fb-f51f-4109-8132-c7a28e0d9995,2019-07-02,2019-07,Coyote Fire,['Santa Clara'],43,37.18904,-121.694968,74.0,100.0
3fd43a39-4e82-4b7e-a642-be86b5c73522,2019-06-08,2019-06,Levee Fire,['Yuba'],58,39.15641,-121.56363,70.0,100.0
18fe1e24-799d-4aa9-a7ec-fa8e331ae3e9,2019-10-09,2019-10,Corning Fire ,['Tehama'],52,39.847708,-122.1604,68.0,100.0
16b1921b-f753-4a36-85bc-d903555f0af4,2019-10-24,2019-10,Muir Fire,['Marin'],21,37.896231,-122.636471,67.0,100.0
9fc12331-47f4-4d79-bffe-914f13658993,2019-09-23,2019-09,Lynette Fire,['Calaveras'],5,38.20177,-120.827386,67.0,100.0
954bfbe7-424c-49e0-9611-23e9f7a475a2,2019-09-01,2019-09,Jolon Fire,['Monterey'],27,35.906482,-120.992914,66.0,100.0
0888bb9d-0d9b-4a49-bf3d-a55a7c40a707,2019-05-10,2019-05,Sugar Fire,['Placer'],31,39.11536,-120.76088,65.0,100.0
26676376-4e61-4d68-a28f-5fd8b4501acd,2019-07-22,2019-07,Canyon Fire,['Napa'],28,38.481258,-122.143942,64.0,100.0
082bd2d3-457b-496b-a469-0d2550aac7ef,2019-10-04,2019-10,Elk Fire,['Glenn'],11,41.70611111,-123.4375,63.0,100.0
aed86291-4631-4d79-ba5f-6b2c8ca399c9,2019-05-20,2019-05,Paskenta Fire,['Tehama'],52,39.98097,-122.30737,63.0,100.0
ab8109fd-e8eb-4690-9f5c-3a8c9c47ff48,2019-10-25,2019-10,Cabrillo Fire,['San Mateo'],41,37.166674,-122.361112,62.0,100.0
0deca389-4481-4d91-8765-40caba3ea31c,2019-08-15,2019-08,Bayliss Fire,['Santa Clara'],43,37.219717,-121.761974,60.0,100.0
2de3ab6b-60c5-4400-9bff-74c79ed7d553,2019-09-06,2019-09,Forbestown Fire,['Butte'],4,39.470333,-121.412333,58.0,100.0
e338f506-b9fa-44c0-ae64-324ed0e590d4,2019-08-07,2019-08,Sellers Fire,['Contra Costa'],7,37.968494,-121.678172,58.0,100.0
72c6a0db-a014-4cd9-9788-926707ef839c,2019-10-13,2019-10,Horse Fire,['Lassen'],18,40.387772,-120.304341,55.0,100.0
b4616173-5807-4c04-a416-5374139f3fcc,2019-05-30,2019-05,66 Fire,['Riverside'],33,33.57039,-116.1466,55.0,100.0
25e65946-2e28-453b-bcb4-617b623be750,2019-09-07,2019-09,Oak Fire,['Lake'],17,38.955024,-122.833831,53.0,100.0
e2a0252b-2da9-4967-ba33-7abe3ced1efa,2019-10-02,2019-10,Ranch Fire,['San Luis Obispo'],40,35.189783,-120.1755,52.0,100.0
abdb011f-15d8-475b-b08e-4df583700411,2019-09-25,2019-09,Willow Fire,['San Diego'],37,32.87833333,-116.88,52.0,100.0
e471b23c-f00c-44bc-afc1-6ab02b0af4c3,2019-10-31,2019-10,Copper Fire,['San Diego'],37,32.564583,-116.834583,50.0,100.0
b36ed23e-a3de-4aff-bdbc-d6ebf8d8f077,2019-10-28,2019-10,Forest Fire,['Contra Costa'],7,37.97911,-122.11092,50.0,100.0
a0d95805-48db-467e-8dd5-db761eb5ae74,2019-08-02,2019-08,Prairie Fire ,['Sacramento'],34,38.622058,-121.114095,50.0,100.0
78c1dacb-653a-42fe-b025-ab80ec4996bd,2019-06-08,2019-06,Ink Fire,['Napa'],28,38.63047,-122.47282,50.0,100.0
398bb669-190d-4dbf-9af0-6ccb27817c13,2019-05-01,2019-05,Meridian Fire,['Butte'],4,39.85484,-121.905,50.0,100.0
42dab7c3-458f-4838-b70f-d5bb3d0f0b80,2019-07-15,2019-07,Aborn Fire,['Santa Clara'],43,37.32555556,-121.76444444,47.0,100.0
b671965d-2369-4107-98fe-432eab6ffdc0,2019-06-11,2019-06,Springs Fire,['Tulare'],54,35.89593,-118.94106,47.0,100.0
618ca03c-28fd-4d66-abf3-d065d72d8cb4,2019-08-12,2019-08,Lower Fire,['Shasta'],45,40.46968,-122.54364,46.0,100.0
50328016-5e03-4e90-bff0-95d36942728f,2019-06-22,2019-06,Paskenta Fire,['Tehama'],52,39.97083,-122.48277,46.0,100.0
e354cde8-d0e6-4150-9f6b-1c12045e77d0,2019-05-30,2019-05,Diversion Fire,['Riverside'],33,33.69078,-114.57265,45.0,100.0
3d4c2809-cd37-4f07-b86e-68dcd52c7434,2019-09-05,2019-09,Flood Fire ,['San Joaquin'],39,38.017138,-120.945044,44.0,100.0
20ccd7ec-de69-4967-9877-db5e143fe99a,2019-06-13,2019-06,Ardo Fire,['Monterey'],27,35.97059,-120.88241,43.0,100.0
24eb323e-b97f-4087-886b-7efae8937bae,2019-10-21,2019-10,Palisades Fire,['Los Angeles'],19,34.055768,-118.554091,42.0,100.0
f20ba27e-4c6c-4ca9-a356-ef88c4f788bb,2019-10-10,2019-10,Plains Fire,['Shasta'],45,40.4988,-122.19911,42.0,100.0
2d3b577c-7b58-4ee3-9e21-cbec5abd8ce4,2019-07-07,2019-07,Far Fire,['Yuba'],58,39.06066,-121.35014,38.0,100.0
19343958-2921-41d2-a3f8-501badcd0bee,2019-08-25,2019-08,Jamieson Fire,['Santa Clara'],43,37.034183,-121.45597,35.0,100.0
2760040b-e17b-430f-b581-a81694b450ac,2019-08-16,2019-08,Patterson Fire,['El Dorado'],9,38.652475,-120.826165,35.0,100.0
ee681e0b-54a3-48ad-900c-8037eeb88159,2019-07-27,2019-07,Community Fire,['Siskiyou'],47,41.838,-122.845,35.0,100.0
0cd5a369-2f91-4786-9df1-98ece3e9e78c,2019-06-10,2019-06,Calaveras Fire ,['Santa Clara'],43,37.44422,-121.84082,35.0,100.0
b277af3b-3785-44c1-bdfb-c5a5ba766d2b,2019-09-13,2019-09,Redwood Fire,['Riverside'],33,33.854597,-117.270144,34.0,100.0
46896a04-8502-403c-b362-e4adc9e7ad4d,2019-08-23,2019-08,Yucca Fire,['Riverside'],33,33.4506,-116.857817,34.0,100.0
f044a406-06ab-457d-8a93-c52bb1930604,2019-08-11,2019-08,Heavy Range Fire,['Yolo'],57,39.171091,-121.423281,33.0,100.0
db2a5b4c-260b-4888-aeb3-663b8bf41106,2019-06-03,2019-06,Yokohl Fire,['Tulare'],54,36.23012,-118.85712,33.0,100.0
fd1bc30a-4377-45f6-ba2b-b4e1c7e65ee7,2019-10-11,2019-10,Bitter Fire,['San Luis Obispo'],40,35.709176,-120.312856,30.0,100.0
178b2af3-340c-409d-80e6-21ac119969f0,2019-09-26,2019-09,Mare Fire,['Solano'],48,38.07944444,-122.25611111,30.0,100.0
0f3326bd-4a0f-4351-b978-38eb29f4d490,2019-08-05,2019-08,Gilbert Fire,['Shasta'],45,40.55924,-122.25409,30.0,100.0
65330473-c21f-446b-a6f4-7bd76bf0ebdc,2019-07-05,2019-07,Ranch Fire,['Shasta'],45,40.41741,-122.767256,30.0,100.0
bc5d73ab-3100-4117-9978-a99b8e3daf5c,2019-06-21,2019-06,Mountain Fire,['Alameda'],1,37.75427,-121.57382,30.0,100.0
3b5c5d57-f61d-4c7d-a966-9d522c77e8fc,2019-04-10,2019-04,Girasol Fire,['Riverside'],33,0.0,0.0,30.0,100.0
6004d3e5-66f8-487a-80a4-689d3852378c,2019-01-01,2019-01,Pilot Fire,['Humboldt'],12,40.61805556,-123.67555556,30.0,100.0
fbe088d0-2a17-4d04-aac7-0e32ac8a1ef7,2019-08-05,2019-08,Caliente Fire,['Kern'],15,35.287373,-118.623651,29.0,100.0
da7fa4d6-cbf3-4cf9-babf-1cc79aa2f536,2019-09-04,2019-09,Glass Fire,['Lake'],17,38.910498,-122.642572,28.0,100.0
c51a2db5-6d0b-4b4a-8692-a6d73714829f,2019-06-29,2019-06,Otay Fire,['San Diego'],37,32.62305556,-116.91416667,28.0,100.0
24997ef5-a558-4ea6-8a96-b3cdff79fe2b,2019-06-07,2019-06,Watt Fire,['Placer'],31,38.75263,-121.39259,27.0,100.0
9d7c5ad0-6682-430a-b4d1-d39cfea73a29,2019-05-20,2019-05,Foothill Fire,['Riverside'],33,33.81678,-117.18194,26.0,100.0
df7805d1-682e-4a3d-b917-1bbab5e078ef,2019-10-18,2019-10,Grove Fire,['Lake'],17,38.88913,-122.604425,25.0,100.0
05b9432b-a5cf-4a8f-bf0e-9b95a04bbdde,2019-10-01,2019-10,Frame Fire,['Fresno'],10,36.154184,-120.634179,25.0,100.0
808c34bb-4e64-4eb5-9c3e-2a1e58195074,2019-08-25,2019-08,Border 10 Fire,"['Mexico', 'San Diego']","62,37",32.557546,-116.873955,25.0,100.0
e1f34f39-beea-4a6d-9ba6-64b6b55ff567,2019-06-03,2019-06,Bear Fire,['Tulare'],54,36.14246,-118.80582,25.0,100.0
bc3e7037-5022-4e6a-8a1f-925c7e9aafc8,2019-07-05,2019-07,Fellow Fire,['Contra Costa'],7,37.99837,-122.16201,24.0,100.0
b433dceb-f5b4-4b46-8eb3-2aae9fc2d45a,2019-06-07,2019-06,Nelson Fire ,['Solano'],48,38.21416,-122.12214,24.0,100.0
2e71d51a-49f1-4e86-82e2-054637efd1a5,2019-06-06,2019-06,Willow Fire,['Contra Costa'],7,38.02503,-121.9763,23.0,100.0
a81e03a3-de18-48e4-93bf-f8da83a17927,2019-05-14,2019-05,Border Fire,['San Diego'],37,32.557566,-116.8663,22.0,100.0
3e020c0d-e35b-4e01-96b7-a3c8e40fd281,2019-08-08,2019-08,Preston Fire,['Tuolumne'],55,37.949747,-120.420058,21.0,100.0
f2a78d1c-66be-40f8-a2d8-5756eb265162,2019-08-14,2019-08,Spring Fire ,['Colusa'],6,39.088333,-122.309167,20.0,100.0
073d3328-3d8c-459a-8ac8-5dc6095511ec,2019-08-12,2019-08,Radio Fire,['Riverside'],33,33.909792,-117.004667,20.0,100.0
280f9652-7843-4275-9016-b95296fbf571,2019-08-08,2019-08,Golf Fire,['Lake'],17,38.99174,-122.7751,20.0,100.0
6564081d-5ce7-4330-8ad7-2d1d976d778a,2019-07-11,2019-07,Gibbel Fire ,['Riverside'],33,33.69055556,-116.953889,20.0,100.0
c6e38284-336a-4435-a3a1-b2b91ee84a91,2019-06-27,2019-06,Nuevo Fire,['Riverside'],33,33.80493,-117.15738,20.0,100.0
305f30f5-622d-4c55-8813-45ffbc15aed0,2019-11-01,2019-11,Sobrante Fire ,['Riverside'],33,33.849906,-117.461363,19.0,100.0
1e85b2a3-0d55-4c3a-9fbb-5208d615cccd,2019-09-30,2019-09,Warren Fire,['Riverside'],33,33.703546,-117.033598,19.0,100.0
40ce99a7-fbca-4b41-b3bf-e2f863fdcc7e,2019-08-31,2019-08,Carroll Fire,['Alameda'],1,37.718636,-121.657011,19.0,100.0
2e4017ba-5c18-4de6-8098-54b2a6caf5bd,2019-10-03,2019-10,Del Fire,['Stanislaus'],50,37.429506,-121.336465,18.0,100.0
d8c705d2-2820-43d2-bee4-8335354bcab0,2019-09-05,2019-09,Foster Fire ,['San Benito'],35,36.732866,-121.39478,17.0,100.0
7a0029c7-64c8-442d-8c7a-080a553e2b8e,2019-06-27,2019-06,Mines Fire,['Santa Clara'],43,37.494136,-121.534827,17.0,100.0
921a69d2-ddde-4fd8-a874-f5ba15a4edd2,2019-06-15,2019-06,32 Fire,['Butte'],4,39.76242,-121.73659,17.0,100.0
45cad03f-97e7-4301-92e2-e63a0040913a,2019-06-14,2019-06,Rocky Fire,['Siskiyou'],47,41.64895,-122.35962,17.0,100.0
f24e0e23-63ee-4038-a04d-41fe70cac747,2019-09-24,2019-09,Cow Fire,['Shasta'],45,40.612556,-122.039167,16.0,100.0
22c3cb30-55b1-4fcd-9606-6a0dcedce4ef,2019-08-14,2019-08,Greenstone Fire ,['El Dorado'],9,38.703889,-120.890556,16.0,100.0
efba4d61-2027-4b05-8506-04d9858154ca,2019-09-08,2019-09,Duzel Fire,['Siskiyou'],47,41.512917,-122.740333,15.0,100.0
a5331bf6-d695-4309-a846-96808e41d757,2019-09-03,2019-09,Telephone Fire,['San Bernardino'],36,34.353667,-117.343833,15.0,100.0
77671ac0-0868-4cc9-a699-26f0131cd493,2019-06-10,2019-06,Pauma Fire,['San Diego'],37,33.30267,-116.97772,15.0,100.0
6ac64fee-1420-420c-bff1-1d4908b059be,2019-07-31,2019-07,Carson Fire,['El Dorado'],9,38.757636,-120.75664,13.0,100.0
a87ab8be-3da9-4cb0-a72c-5125acc001ef,2019-10-09,2019-10,Little Fire,['Alameda'],1,37.606,-121.853,12.0,100.0
42e2b6f0-2d63-4fbf-bbb4-4fc2eda4805d,2019-06-30,2019-06,Mayberry Fire ,['Butte'],4,39.32889,-121.23431,12.0,100.0
6ad5dc4a-bd52-4cb4-9664-2ab606289d21,2019-10-21,2019-10,Beaumont Fire,['San Bernardino'],36,34.033117,-117.21545,11.0,100.0
a8b79d35-dab7-4513-ac65-25fd99541662,2019-09-14,2019-09,Bridge Fire,['Stanislaus'],50,37.492002,-120.401028,11.0,100.0
de9cacb4-0be2-47d1-8cf2-7a25aabacfae,2019-09-02,2019-09,Mines Fire,['Alameda'],1,37.545167,-121.596667,11.0,100.0
2a516d14-36ce-43b0-b34c-7483759a9c84,2019-10-16,2019-10,Fairmont Fire,['San Diego'],37,32.762706,-117.097441,10.0,100.0
755df0b3-ad02-406b-af5d-738b67d8c755,2019-09-25,2019-09,Electra Fire,['Amador'],3,38.332083,-120.67131,10.0,100.0
5a4639e4-0d1d-4cee-8215-0aa1d53a5160,2019-09-10,2019-09,Bailey Fire,['Riverside'],33,33.496633,-116.631106,10.0,100.0
7955a367-99da-4047-9f69-cc60ad3208e6,2019-07-23,2019-07,Moms Fire ,['Butte'],4,39.423833,-121.579738,10.0,100.0
fe63d965-9069-4a96-b9da-99d5fefdaa19,2019-06-17,2019-06,IronGate Fire,['Siskiyou'],47,41.94622,-122.40157,10.0,100.0
34abbc65-5bbe-474b-85c8-16d07bb5b503,2019-04-30,2019-04,Cana Fire,['Butte'],4,39.83958,-121.957,10.0,100.0
6e93b252-99a3-4214-9921-238373b17535,2019-10-10,2019-10,Eagle Fire,['Riverside'],33,33.827979,-117.499619,9.0,100.0
b38c0563-b321-431b-9174-6336c5a0d449,2019-06-28,2019-06,Long Fire,['Nevada'],29,39.40972222,-121.00055556,2.0,100.0
9c26f915-1b33-422d-b30a-9eb4da6fd729,2019-11-25,2019-11,Cashe Fire ,['Yolo'],57,38.734634,-121.729691,,
7264a106-e0f4-41de-8fd0-3f9110431e28,2019-10-23,2019-10,Oak Fire,['San Diego'],37,33.351145,-117.403719,,
d19ac7c7-c899-4600-82c9-fe24dc29f3c9,2020-08-16,2020-08,CZU Lightning Complex (Including Warnella Fire) ,"['Santa Cruz', 'San Mateo']","44,41",37.17162,-122.22275,86509.0,100.0
ff4d7735-a5d6-452f-8775-3b208eb046b2,2020-08-16,2020-08,River Fire,['Monterey'],27,36.60239,-121.62161,48088.0,100.0
ef5e4d08-bf3f-4df1-90b7-92e4e2a2fc91,2020-07-13,2020-07,Mineral Fire,['Fresno'],10,36.09493,-120.52193,29667.0,100.0
6edfd658-def5-451c-86bd-83cb2280e34f,2020-08-23,2020-08,Sheep Fire ,['Plumas'],32,40.274,-120.757,29570.0,100.0
06f4e066-b0d2-4af9-91a3-518aef4d0197,2020-08-18,2020-08,Carmel Fire,['Monterey'],27,36.4463,-121.68181,6901.0,100.0
5f88019a-39cf-43ff-921f-d5442e47f98d,2020-08-02,2020-08,Pond Fire,['San Luis Obispo'],40,35.43128,-120.47346,2005.0,100.0
03459423-a538-4952-ba0c-c020face9151,2020-07-15,2020-07,Coyote Fire,['San Benito'],35,36.653,-121.04401,1485.0,100.0
1eadad68-344e-4728-8390-b0d31b96333d,2020-08-19,2020-08,Creek Fire,['Mendocino'],23,39.8174372,-123.2111007,820.0,100.0
2190e4db-2b64-4d98-a5f9-00cc6221eec8,2020-06-16,2020-06,Bitter Fire ,['San Benito'],35,36.3011,-120.92925,813.0,100.0
b19c7e40-eac0-4c33-9414-590752f5c100,2020-06-14,2020-06,Drum Fire,['Santa Barbara'],42,34.63309,-120.28867,696.0,100.0
a47ae21e-d488-4978-ade9-aeed0db63fa6,2020-06-01,2020-06,Amoruso Fire,['Placer'],31,38.824371,-121.390862,670.0,100.0
90f61641-f44c-4180-bb82-9238b1effeb7,2020-07-05,2020-07,Lake Fire,['San Luis Obispo'],40,35.351065,-120.00485,583.0,100.0
5258de73-6c10-44ac-99e0-88602a8a83f5,2020-08-14,2020-08,Meiss Fire,['Sacramento'],34,38.474502,-121.172572,512.0,100.0
eef565af-d64a-4c72-a4a2-6a9d13e6211c,2020-09-29,2020-09,Candy Fire,['Riverside'],33,33.764357,-117.374419,454.0,100.0
7f3042f1-3e76-4c3e-82c9-a0761c1c8b90,2020-07-04,2020-07,Park Fire,['Santa Clara'],43,37.166733,-121.567505,353.0,100.0
cf392ebe-9c69-4a28-b52b-3772c06b493c,2020-06-22,2020-06,Rico Fire ,['Monterey'],27,35.9789,-120.87858,348.0,100.0
d10cd103-f627-497d-a338-6430438ed7fb,2020-06-26,2020-06,Bend Fire,['San Luis Obispo'],40,35.30742,-119.88048,263.0,100.0
8ad07f5d-c8eb-43c3-94d5-547ee9c0e5cd,2020-06-01,2020-06,Acres Fire,['Madera'],20,37.11806,-119.93221,237.0,100.0
04013e6f-d207-4043-8d3d-00aa5d332d85,2020-07-30,2020-07,Sheep Fire,['Kern'],15,35.14357,-118.7933,233.0,100.0
0413caad-a48e-447b-8ed8-1c8933360f21,2020-06-19,2020-06,Springs Fire,['Tulare'],54,35.89133,-118.8613,217.0,100.0
9247b89a-38f0-4e14-ac4a-59386cf867b4,2020-06-07,2020-06,Bitterwater Fire,['Monterey'],27,36.2644,-121.0781,211.0,100.0
ad9ab6b9-53ed-417c-a490-6b594974f110,2020-02-25,2020-02,Baseball Fire,"['Glenn', 'Mendocino']","11,23",39.75638899,-122.94111111,211.0,100.0
44bf7479-689e-4203-9f38-8b05917db66b,2020-06-13,2020-06,Cornetts Fire,['Mariposa'],22,37.40827,-120.08522,191.0,100.0
e1298aaa-1337-412e-ba09-7b29e87dad8b,2020-03-03,2020-03,Mann Fire,['Riverside'],33,33.96957,-117.51793,180.0,100.0
405d5f3f-66c9-4b69-8660-82780fa582b5,2020-03-02,2020-03,Grizzly Fire,['Glenn'],11,39.774968,-122.384532,154.0,100.0
ce7dddd1-7a79-4aa4-b6bc-f4181aa2ac05,2020-07-06,2020-07,Patterson Fire,['San Joaquin'],39,37.71984,-121.53524,150.0,100.0
22bb346a-660e-46cb-8c54-dbcda18fc4d6,2020-07-25,2020-07,Jack Fire,['Riverside'],33,33.93327,-117.033124,145.0,100.0
db5ad2e7-dc3d-41f2-91b4-4019857ee51e,2020-06-05,2020-06,Lakeville Fire,['Sonoma'],49,38.224849,-122.549816,141.0,100.0
0364a8dd-0971-4f24-a020-6f4e97ccbace,2020-07-25,2020-07,Hill Fire,['Colusa'],6,39.013591,-122.359663,138.0,100.0
0fc1bc5b-7ac5-4a2c-8048-9ed74623b838,2020-06-19,2020-06,Fork Fire,['Tulare'],54,36.37085,-118.845123,130.0,100.0
3837f75a-208d-41d0-8d89-5719a11912ef,2020-06-05,2020-06,Colleen Fire,['Santa Clara'],43,37.229703,-121.851895,126.0,100.0
0707e044-ba48-42eb-9263-6e2aff583b33,2020-08-15,2020-08,Clark Fire,['Butte'],4,39.647686,-121.633994,110.0,100.0
43289809-2636-4d90-8ed2-0012575d9e1d,2020-07-04,2020-07,Sheridan Fire,['Alameda'],1,37.536015,-121.876277,108.0,100.0
e3e89516-4647-44bf-bd24-3293303f0776,2020-06-06,2020-06,Gulch Fire,['Sonoma'],49,38.216134,-122.536406,107.0,100.0
36e3b13b-c2d3-44f5-ba9f-23c1e9f73878,2020-06-11,2020-06,Skyline Fire,['San Diego'],37,32.73044,-116.7862,100.0,100.0
b5527f83-ebbe-4b09-a701-4b4fe6d37b45,2020-06-07,2020-06,Willow Fire ,['Contra Costa'],7,37.994368,-122.002811,100.0,100.0
fc3411f0-f9e0-4d0c-86a3-71afbac23f4a,2020-06-17,2020-06,Nelson Fire ,['Butte'],4,39.52408,-121.60037,95.0,100.0
203115aa-8ef9-436c-9d18-32613f9fa286,2020-06-11,2020-06,Border 7 Fire,['San Diego'],37,32.580882,-116.690712,90.0,100.0
f6e7a62d-4796-452d-8e41-66ed1aef6d63,2020-02-23,2020-02,Beegum Fire,['Tehama'],52,40.33583333,-122.84722222,75.0,100.0
5a06793f-5f95-411b-9cce-b340ddd72061,2020-06-17,2020-06,Gyle Fire,['Tehama'],52,40.000132,-122.205628,68.0,100.0
c387f9ae-a783-4dab-b9b7-12866c8a6a34,2020-08-18,2020-08,3-19 Fire,['Mendocino'],23,39.276,-123.013667,62.0,100.0
4b1b0f5b-a4f9-4965-ad6a-029c9d89c68c,2020-04-25,2020-04,Bar Fire,['Trinity'],53,40.63442,-122.97693,55.0,100.0
d0e31652-2b1e-4316-a1e0-c18ecb4ddbd7,2020-06-22,2020-06,Stage Fire,['Monterey'],27,36.69845,-121.57407,52.0,100.0
8ffb7148-7668-452a-8fbc-3a2b49b753ea,2020-09-11,2020-09,Shackleford Fire,['Siskiyou'],47,41.575549,-123.021635,50.0,100.0
c5b45f76-3b72-4f3d-b651-7c7bb0f156b7,2020-11-17,2020-11,257 Fire,[],,41.4435,-120.87054,49.0,100.0
79575aba-0ca4-446e-a28e-39bafbad368e,2020-07-15,2020-07,Ben Fire,['Mariposa'],22,37.42319,-119.95807,48.0,100.0
2cdf609e-de06-4e0b-a2bc-527ffde51064,2020-09-09,2020-09,Schoolhouse Fire,['Siskiyou'],47,41.68229,-122.84057,45.0,100.0
a7f3e6f3-3e15-4350-a0f7-2a5392e0708d,2020-09-09,2020-09,Sperry Fire,['Stanislaus'],50,37.46377,-121.18018,45.0,100.0
57a6f6b7-eba1-4ed7-ba7b-6b078b06731d,2020-06-05,2020-06,Karchner Fire,['Placer'],31,38.98487,-121.340239,39.0,100.0
2aa93d4d-809e-42ed-8025-7449711f667d,2020-06-14,2020-06,Hopland Fire,['Mendocino'],23,39.14783,-80.49163,34.0,100.0
adbbc326-9f9a-434d-b18b-67a44f3906e5,2020-05-22,2020-05,Spanish Fire ,['Napa'],28,38.697834,-122.403634,20.0,100.0
58a3d354-a532-440e-bfa8-aca414cf4cd0,2020-06-29,2020-06,Muck Fire ,['Lassen'],18,41.0336731,-121.2199939,12.0,100.0
5b8b9b63-9cc6-4d55-9502-87009d75732c,2020-06-25,2020-06,58 Fire,['Riverside'],33,33.27665,-115.96594,12.0,100.0
d7f02c71-a8b5-440a-b4a8-b8e011e214e3,2020-06-21,2020-06,East Fire,['Modoc'],25,41.5017,-120.54161,11.0,100.0
8856e738-79bf-4a21-8926-f1abbbac3a6f,2020-09-01,2020-09,Hobo Fire ,['Trinity'],53,40.82126,-123.12461,,
354f212b-e177-45dd-920c-9f427afdb740,2020-08-23,2020-08,W-5 Cold Springs,['Lassen'],18,41.028611,-120.281389,,
b8f267be-9911-44ee-8a73-7a0537fbd6fa,2020-08-17,2020-08,August Complex (includes Doe Fire),"['Mendocino', 'Humboldt', 'Trinity', 'Tehama', 'Glenn', 'Lake', 'Colusa']","23,12,53,52,11,17,6",39.776,-122.673,1032648.0,100.0
22c6ea3c-304c-4b3b-bfba-7c9dfc63d9da,2020-08-16,2020-08,SCU Lightning Complex,"['Santa Clara', 'San Joaquin', 'Contra Costa', 'Alameda', 'Stanislaus']","43,39,7,1,50",37.439437,-121.30435,396624.0,100.0
7e359448-0344-4407-a289-e4fb7823ac3c,2020-09-05,2020-09,Creek Fire,"['Fresno', 'Madera']","10,20",37.19147,-119.261175,379895.0,100.0
9645c55f-2b11-40ab-9ae7-df424d685a2d,2020-08-17,2020-08,LNU Lightning Complex,"['Napa', 'Solano', 'Lake', 'Sonoma', 'Yolo']","28,48,17,49,57",38.48193,-122.14864,363220.0,100.0
c002a55a-95ef-4286-b358-daa8fd3ad086,2020-07-24,2020-07,July Complex,"['Siskiyou', 'Modoc']","47,25",41.699,-121.477,83261.0,100.0
d6b00a56-682d-4908-bf07-45eef54c9198,2020-09-27,2020-09,Glass Fire,"['Napa', 'Sonoma']","28,49",38.56295,-122.49745,67484.0,100.0
f0a3f022-0d5a-4d47-93c7-2a73cb081740,2020-09-27,2020-09,Zogg Fire,"['Shasta', 'Tehama']","45,52",40.53927,-122.56656,56338.0,100.0
ab24840f-90e8-460c-bc88-d25091d7b61f,2020-08-15,2020-08,Loyalton Fire,['Sierra'],46,39.702438,-120.143473,47029.0,100.0
8b9ae457-96ea-4041-912c-6b33e8498d98,2020-08-01,2020-08,Apple Fire,['Riverside'],33,33.99139,-116.9617,33424.0,100.0
49ef4e59-6a57-4219-a29b-d75f1297e356,2020-08-13,2020-08,Lake Fire,['Los Angeles'],19,34.679,-118.452,31089.0,100.0
5367d20e-b24c-40ef-acd1-93c05e4b73b9,2020-09-05,2020-09,El Dorado Fire,"['San Bernardino', 'Riverside']","36,33",34.08056,-116.98669,22744.0,100.0
9d4f56ae-b319-49b0-9a77-10088a2defda,2020-07-20,2020-07,Gold Fire,['Lassen'],18,41.11037,-120.923293,22614.0,100.0
f6aba342-3b28-460b-a88a-96ccbdcb3c14,2020-08-17,2020-08,Butte/Tehama/Glenn Lightning Complex (Tehama/Glenn Zone) ,"['Tehama', 'Glenn']","52,11",40.09571,-122.4393,19609.0,100.0
9277ab02-734d-4b01-ac35-c27ba62c2af3,2020-09-05,2020-09,Valley Fire,['San Diego'],37,32.765615,-116.692705,16390.0,100.0
21b0622c-8b4d-439b-8175-d4ba20507d02,2020-10-26,2020-10,Blue Ridge Fire ,['Orange'],30,33.877257,-117.675067,13964.0,100.0
a2b27cff-5d89-423a-853e-3a78e63f79ef,2020-10-26,2020-10,Silverado Fire ,['Orange'],30,33.73614,-117.65719,12466.0,100.0
fc0b7761-54a3-4275-a550-313d2b604f5e,2020-07-19,2020-07,Hog Fire,['Lassen'],18,40.420886,-120.86375,9564.0,100.0
e2334135-81c5-44a5-b20d-c3a9b1301531,2020-08-04,2020-08,Stagecoach Fire,['Kern'],15,35.43044,-118.53361,7760.0,100.0
91f3f77d-6b4a-47fb-bc79-a0250cded29a,2020-08-02,2020-08,North Fire,['Lassen'],18,40.36764,-120.44811,6882.0,100.0
a2665121-7dd7-4a4c-8c6e-0731ed9e1888,2020-12-03,2020-12,Bond Fire,['Orange'],30,33.743842,-117.674967,6686.0,100.0
0e83ff21-5cb8-4f2f-b059-58a77d39b502,2020-09-17,2020-09,Snow Fire ,['Riverside'],33,33.88831,-116.68386,6254.0,100.0
304a6ef7-53f6-4d2d-8d11-be431a7d75e8,2020-07-05,2020-07,Crews Fire,['Santa Clara'],43,37.034839,-121.501532,5513.0,100.0
86e91f38-4e2e-406f-ad97-5a3b47a9ce76,2020-06-12,2020-06,Grant Fire,['Sacramento'],34,38.520981,-121.201927,5042.0,100.0
53d70cde-ef0f-49c1-80a9-dc306a8cc043,2020-05-28,2020-05,Range Fire,['San Luis Obispo'],40,35.34237,-120.70524,5000.0,100.0
60c2ba16-9296-4fb9-aba2-1331c25129c6,2020-08-18,2020-08,Woodward Fire,['Marin'],21,38.018089,-122.836701,4929.0,100.0
5671f6fd-7689-48e6-b792-03e3cfe95ff2,2020-08-13,2020-08,Ranch 2 Fire,['Los Angeles'],19,34.160265,-117.910498,4237.0,100.0
14042a79-1fd0-4e82-b17d-1b201306de22,2020-07-01,2020-07,Bena Fire,['Kern'],15,35.310132,-118.702732,4000.0,100.0
b7cf91b3-e441-46c7-8214-a2ce84a21a3d,2020-07-28,2020-07,Branch Fire,['San Luis Obispo'],40,35.35146,-120.00521,3222.0,100.0
f5d17ece-121c-4426-8235-d898b6aa1fa6,2020-08-18,2020-08,Holser Fire,['Ventura'],56,34.438759,-118.758965,3000.0,100.0
4db7101a-8097-4211-ab16-544f136dd35c,2020-06-28,2020-06,Poeville Fire,['State of Nevada'],59,39.32596,-119.81098,2975.0,100.0
c57a1d32-216b-443e-bb67-87be3232bf8b,2020-08-20,2020-08,Moc Fire,['Tuolumne'],55,37.813779,-120.312565,2857.0,100.0
a9397846-b830-4a42-a7e6-d2be9684a989,2020-06-28,2020-06,Pass Fire,['Merced'],24,37.06641,-121.21912,2192.0,100.0
4f2c2a0b-d187-4e11-8841-3a014cadd739,2020-09-16,2020-09,Fox Fire,['Siskiyou'],47,41.211022,-122.847359,2188.0,100.0
3a48ec04-0297-4561-bb64-e6461acde361,2020-08-16,2020-08,Hills Fire,['Fresno'],10,36.09876,-120.427342,2121.0,100.0
2dac9fb4-1c2a-405a-93be-92ed7788a1d2,2020-05-03,2020-05,Interstate 5 Fire,['Kings'],16,36.075003,-120.106407,2060.0,100.0
0dad0a68-239b-41b5-bfe0-033e6a216fac,2020-12-13,2020-12,Sanderson Fire,['Riverside'],33,33.93244,-117.03459,1954.0,100.0
74b04a44-7cc1-4c8e-bd9e-9f3efa631df4,2020-06-06,2020-06,Quail Fire,['Solano'],48,38.470809,-122.038208,1837.0,100.0
ef9d3424-5838-466e-bb92-ac5dc23be5c5,2020-08-18,2020-08,Salt Fire,['Calaveras'],5,38.027921,-120.763258,1783.0,100.0
3e6e0977-3563-442d-8bf3-d87c97b49880,2020-06-10,2020-06,Soda Fire,['San Luis Obispo'],40,35.35146,-120.00521,1680.0,100.0
2102ace4-f67b-4060-8795-f3cea12917e3,2020-07-06,2020-07,Soledad Fire,['Los Angeles'],19,34.467915,-118.328877,1525.0,100.0
55a8e286-c088-45dc-8010-5c604dba3b69,2020-06-16,2020-06,Walker Fire,['Calaveras'],5,38.07741,-120.72958,1455.0,100.0
7a979a96-aeab-4afd-b55f-532882f36a6b,2020-06-01,2020-06,Scorpion Fire,['Santa Barbara'],42,34.01389,-119.74577,1395.0,100.0
7442faa1-3681-4b85-8ed7-229e34ee3011,2020-09-09,2020-09,Willow Fire,['Yuba'],58,39.3637,-121.32361,1311.0,100.0
aab65b54-103c-4101-a70b-5983533d49e9,2020-09-12,2020-09,Bullfrog Fire,['Fresno'],10,37.135474,-119.027309,1185.0,100.0
6fd76607-08af-4c44-9e40-edde0bc9d6cf,2020-09-07,2020-09,Oak Fire,['Mendocino'],23,39.4935,-123.3965,1100.0,100.0
21f49b4c-a5cd-4f17-90fd-b9f464b823c1,2020-06-10,2020-06,India Fire,['San Diego'],37,33.37579,-117.47166,1100.0,100.0
2b6aedb5-87fe-447c-a772-bec58abb8820,2020-12-02,2020-12,Airport Fire,['Riverside'],33,33.893351,-117.62109,1087.0,100.0
e7d05a34-0fdc-4db2-b713-0e10119d105d,2020-06-22,2020-06,Grade Fire ,['Tulare'],54,36.5537,-119.19677,1050.0,100.0
4561c1c7-f447-4450-9ea8-f9717ee19f8d,2020-06-11,2020-06,Lime Fire,['Ventura'],56,34.46182,-118.77347,803.0,100.0
9810b7b8-b865-4413-a60c-5f47e8945eda,2020-07-27,2020-07,Cottonwood Fire,['Merced'],24,37.083806,-121.101634,788.0,100.0
3481e6e5-c6e8-4891-9e65-fdc3147ae579,2020-07-30,2020-07,Clay Fire,['Sacramento'],34,38.40329,-121.17197,741.0,100.0
119469ac-fe6b-4934-ac17-36a73cefe958,2020-08-16,2020-08,Elk Fire,['Glenn'],11,39.52452,-122.427358,727.0,100.0
a7b2fc4a-18ce-4a89-b192-24c1389c014c,2020-08-17,2020-08,Jones Fire,['Nevada'],29,39.29241,-121.100352,705.0,100.0
eeb8174a-f5a7-4fb1-b611-45e85c858326,2020-08-01,2020-08,Stump Fire,['Tehama'],52,40.34659,-121.6415,684.0,100.0
ba60e1c4-d812-4b33-9a2e-b240a1b29408,2020-07-01,2020-07,Rowher Fire,['Los Angeles'],19,34.542742,-118.324601,648.0,100.0
8b1c928f-99e8-4778-a988-445e154a00e3,2020-08-03,2020-08,Beale Fire,['Yuba'],58,39.11307,-121.38178,600.0,100.0
2b313120-5794-40d5-aa39-c7e621856d14,2020-08-04,2020-08,Trimmer Fire,['Fresno'],10,36.90933,-119.2439,594.0,100.0
a89673de-1c0d-43cc-9a96-bd83f632bf65,2020-08-26,2020-08,R-8 Pinecone Fire ,['Lassen'],18,40.773,-120.536,567.0,100.0
7d7f682a-0266-4758-93e6-795488af0687,2020-06-24,2020-06,R-2 Fire,['Lassen'],18,40.43203,-120.28147,563.0,100.0
7482a8eb-a31c-4556-b8d5-e6f86c4f3904,2020-08-03,2020-08,Sites Fire ,['Colusa'],6,39.31313,-122.48525,560.0,100.0
9520d0cb-1a4f-4dc0-bd38-967f5ee353f0,2020-07-19,2020-07,Badger Fire,['Siskiyou'],47,41.79319,-122.69296,557.0,100.0
50adb8e9-d672-49fa-95d0-657879169302,2020-06-13,2020-06,Hog Fire,['Fresno'],10,36.82276,-119.36572,533.0,100.0
d268fd6c-a177-47b2-b13c-2ac26a02289e,2020-07-16,2020-07,Valley Fire ,['Yuba'],58,39.10112,-121.33589,500.0,100.0
f969420f-82a1-4edd-b7d3-28672e9d74b3,2020-07-02,2020-07,Bonadelle Fire,['Madera'],20,36.9678542,-119.9252132,500.0,100.0
4382036a-3c19-479e-9a78-325007c1de3b,2020-06-15,2020-06,Avila Fire,['San Luis Obispo'],40,35.17977,-120.69959,445.0,100.0
14e1721e-3907-4b2f-b9f9-3842a7d7106e,2020-08-12,2020-08,Soda Fire,['Kern'],15,34.962524,-119.444977,424.0,100.0
5937fad1-a332-4d92-ba83-c8022173b5ba,2020-08-30,2020-08,Hensley Fire ,['Madera'],20,37.08053,-119.88673,400.0,100.0
c4d60e70-ee95-41f1-9e6e-4df4bdae3748,2020-07-20,2020-07,Platina Fire,['Shasta'],45,40.462621,-122.792645,333.0,100.0
7ece0a57-ab39-4d98-83bd-2a09f32b5242,2020-08-05,2020-08,Pass Fire,['San Luis Obispo'],40,35.61521,-120.40457,322.0,100.0
dfc476d5-b274-4bfb-bf55-4af5ef611f5e,2020-07-28,2020-07,Ridge Fire,['Los Angeles'],19,34.75844,-118.72004,321.0,100.0
36aa4641-bb29-4b34-baad-e96406b4f702,2020-08-15,2020-08,Whale Fire,['San Luis Obispo'],40,35.472114,-120.856731,320.0,100.0
c3c10b8f-a073-4ca6-bb7f-fdc57cf82b4c,2020-06-10,2020-06,Elizabeth Fire,['Ventura'],56,34.29475,-119.17808,300.0,100.0
2672d8d0-6523-40da-ae4e-6ae6d48e810a,2020-06-04,2020-06,Wildlife Fire,['Solano'],48,38.232281,-122.042199,300.0,100.0
fc988bbb-4f93-478d-8a6c-b1be51d436c7,2020-07-06,2020-07,California Fire,['Contra Costa'],7,38.02996,-122.25471,298.0,100.0
1a62a4b4-ad1a-4e12-b8ed-a3a50e3d1722,2020-08-28,2020-08,Johnson Fire ,['Los Angeles'],19,34.65979,-118.36411,290.0,100.0
3d5e2cbc-f2f3-4cd3-b6cc-0b2483940f8d,2020-08-11,2020-08,R-1 Fire,['Lassen'],18,40.590714,-120.549595,285.0,100.0
5b2b1489-ad5b-4104-b267-fdd61c0c48e9,2020-06-26,2020-06,Aurora Fire,['Mono'],26,38.22554,-119.00289,280.0,100.0
a79536eb-5ceb-4219-9b96-fa0632c4a289,2020-08-06,2020-08,Fort Fire,['Kern'],15,34.93929,-118.92967,277.0,100.0
f6e28549-a711-429d-a4ed-9df6530a9a2a,2020-10-25,2020-10,Point Fire (Shasta and Tehama County),"['Shasta', 'Tehama']","45,52",40.38869,-122.39033,275.0,100.0
625e0c82-b8a2-4acc-8ff5-19787ca65b69,2020-08-17,2020-08,4-8 Fire,['Glenn'],11,39.555943,-122.5012461,275.0,100.0
a87d4713-817a-47ac-9fa5-427c474cf9a5,2020-04-05,2020-04,Carter Fire ,['Imperial'],13,32.93432,-115.5865,275.0,100.0
a417d993-c3bf-4c5b-a01a-7d56a209a12d,2020-07-17,2020-07,Hollow Fire,['Alameda'],1,37.64044,-121.59374,253.0,100.0
4d799b0d-240a-40fa-9ca7-f64aa1cd4002,2020-07-26,2020-07,Karen Fire,['Riverside'],33,34.028116,-117.429598,250.0,100.0
26f0d1c5-8df4-4201-810f-0b136677e4c6,2020-09-29,2020-09,Martindale Fire ,['Los Angeles'],19,34.563,-118.4,230.0,100.0
6b50bab1-7dcf-43c8-b4d1-afada595dd32,2020-06-08,2020-06,Bradley Fire ,['Monterey'],27,35.94979,-120.81509,230.0,100.0
2806bdb9-c1d2-4ace-b602-734e24282852,2020-07-30,2020-07,Dam Fire,['Los Angeles'],19,34.17363,-117.889503,220.0,95.0
338b5a8b-d5d6-4845-8a36-f92663339c2a,2020-08-06,2020-08,Texas Fire,['Los Angeles'],19,-118.46115,-118.46115,210.0,100.0
54364494-e201-476a-8dc7-fbf2e0f94f60,2020-06-24,2020-06,R-3 Fire,['Lassen'],18,40.44793,-120.04635,210.0,100.0
64b9cf19-314a-4986-ae35-cf89f1f8bc2a,2020-06-25,2020-06,Diablo Fire,['Stanislaus'],50,37.46265,-121.18355,202.0,100.0
14c21ef6-b5b7-44a3-858b-666b57b750f3,2020-12-03,2020-12,Cerritos Fire,['Riverside'],33,33.773754,-117.051463,200.0,100.0
e2d97d53-bcff-4f0d-8b94-0ccfeb100f15,2020-08-03,2020-08,Elsmere Fire,['Los Angeles'],19,34.3428,-118.49731,200.0,100.0
c50ced87-e83c-406c-b349-49cad87e680f,2020-06-21,2020-06,Hunter Fire,['Monterey'],27,35.90835,-121.08753,195.0,100.0
71cf5cd0-78c3-482c-b0d3-148bb24c4853,2020-07-30,2020-07,Brook Fire,['San Bernardino'],36,34.25143,-117.45479,185.0,100.0
d6ac2ead-0f03-4c79-bda7-a7a2f11050b6,2020-08-13,2020-08,Carrizo Fire,['San Luis Obispo'],40,35.308259,-119.987565,183.0,100.0
00f6ca27-183c-4c2d-99f4-0362ddb522ae,2020-08-02,2020-08,Castaic Fire,['Los Angeles'],19,34.51853,-118.59699,178.0,100.0
c4e48556-0c23-45e6-aebe-d1bcda4e52c5,2020-08-11,2020-08,Mina Fire,['Mendocino'],23,39.82454,-123.262437,177.0,100.0
e8721404-3d22-4b27-b152-8a7f4a97a8e5,2020-12-07,2020-12,Cornell Fire,['Ventura'],56,34.33622,-119.078,174.0,100.0
45c76674-7d01-4fff-bb00-a08013019a86,2020-10-15,2020-10,Bruder Fire,['San Bernardino'],36,34.014728,-117.138078,170.0,100.0
c276a99a-8208-4402-b538-1e50aae50d63,2020-06-18,2020-06,Baker Fire,['Kern'],15,35.27678,-118.6894,165.0,100.0
ac5dad8d-89f2-4f3f-b710-34661754ebb6,2020-07-03,2020-07,Soda Fire ,['San Luis Obispo'],40,35.393889,-120.053275,157.0,100.0
d0dbf515-0e04-42d9-a46b-8ea21d18374a,2020-05-07,2020-05,Hollister Fire,['Santa Barbara'],42,34.47438,-120.29379,156.0,100.0
0fa5653a-c3c8-4aad-84ce-8d1dd74f211b,2020-05-21,2020-05,Acres Fire,['Madera'],20,37.11715,-119.982359,152.0,100.0
dc1f8080-9c95-40e3-859b-71f6a080f05b,2020-06-09,2020-06,Vineyard Fire ,['Mendocino'],23,38.89695,-123.21318,151.0,100.0
4be72b8c-5aeb-426d-9af5-2acebca88fb0,2020-11-02,2020-11,Cypress Fire,"['Riverside', 'San Bernardino']","33,36",34.03343,-117.51476,150.0,100.0
a453303f-cb87-430a-9a3c-d9b2f0b7ceb2,2020-08-21,2020-08,Coyote Fire,['Santa Clara'],43,37.18725,-121.68465,143.0,100.0
fd24cc01-1057-4572-a83b-1775d49f42f7,2020-06-30,2020-06,Avacado Fire,['Butte'],4,39.3784,-121.4319,136.0,100.0
8146a328-05df-4b38-b11e-1c6fcedb1df7,2020-07-21,2020-07,Rabbit Fire ,['Madera'],20,37.118075,-119.932391,135.0,100.0
18a15a5f-ddde-48e9-92bc-1d40813a7794,2020-10-25,2020-10,Dersch Fire,['Shasta'],45,40.47646,-122.18102,133.0,100.0
e9482561-8193-48a9-a152-2ff8d993ce06,2020-11-06,2020-11,San Dimas Fire,['Los Angeles'],19,34.146195,-117.778561,131.0,100.0
94b147a7-68ac-4e60-ba42-81fce8facd30,2020-06-03,2020-06,Smoketree Fire,['Riverside'],33,33.782532,-116.524014,129.0,100.0
8d4fb3c6-8522-491b-a388-afad50660bfb,2020-08-03,2020-08,Post Fire,['Los Angeles'],19,34.04447,-118.21608,120.0,100.0
1505ac89-a71c-4c77-9ae4-fb3eb34dbc66,2020-07-22,2020-07,Iris Fire,['Mono'],26,37.518879,-118.711135,120.0,100.0
4035078f-8136-447e-8daf-3a63462a73d9,2020-07-17,2020-07,Pitzer Fire,['San Bernardino'],36,34.39464,-116.97557,119.0,100.0
55684e7d-4312-408d-8538-51e2006581b0,2020-09-16,2020-09,San Antonio Fire ,['Santa Barbara'],42,34.773809,-120.491594,111.0,100.0
2a79a833-693d-4dff-a199-c93b5a3ebe39,2020-06-18,2020-06,Nelson Fire,['Placer'],31,38.89178,-121.33956,110.0,100.0
1d6a3faf-2e35-4c7e-9efd-54339ad56ed6,2020-07-12,2020-07,Power Fire,['Madera'],20,37.1487,-119.50307,108.0,100.0
aa193e22-7d46-42fa-8638-8ee1e1cbaa2c,2020-07-30,2020-07,Rabbit Fire,['Riverside'],33,33.934137,-117.034461,104.0,100.0
673a098f-d4f2-43c6-96c7-7712dafd20ec,2020-10-23,2020-10,Redwood Fire,['Humboldt'],12,40.55823,-123.88658,102.0,100.0
c9bb59f7-be32-4296-8c11-3f1233116827,2020-02-17,2020-02,Antelope Fire,['Sierra'],46,39.6923001,-120.3291855,102.0,100.0
66f80cfd-55ff-4f8b-b971-708bef8c6d87,2020-07-28,2020-07,Border 11 Fire,['San Diego'],37,32.62212,-116.77048,100.0,100.0
1c0e692a-8afc-41e9-8ac7-d27b977f0cdd,2020-07-20,2020-07,Milepost 21 Fire,['Humboldt'],12,41.1849445,-123.6986222,100.0,100.0
125e30fa-37fb-46ea-86ab-13058518aab6,2020-06-09,2020-06,Sierra Fire,['Riverside'],33,33.82925,-117.46036,100.0,100.0
777f38a7-7d43-4641-998f-8524c692980c,2020-07-13,2020-07,Casino Fire,['Riverside'],33,33.48429,-116.83552,91.0,100.0
a1959cb6-24e4-45e6-bcca-b792abe932ce,2020-06-20,2020-06,Honcut Fire,['Butte'],4,39.36894,-121.53976,89.0,100.0
7fc52805-21d4-4a56-b711-859d8c39e704,2020-06-17,2020-06,Liberty Fire,['San Joaquin'],39,38.23432,-121.20828,89.0,100.0
876b63ff-62a2-4584-8aa2-d99f027c0e9f,2020-06-08,2020-06,Hunters Fire,['Mariposa'],22,37.61955,-120.215454,85.0,100.0
0cb8b199-ab94-42a5-a441-db7f272b170c,2020-06-17,2020-06,Ridge Fire,['Monterey'],27,35.9497,-121.42113,83.0,100.0
5a6e0c14-2906-4547-8024-e7b33071104b,2020-06-08,2020-06,Sperry Fire,['Stanislaus'],50,37.463636,-121.16483,80.0,100.0
5698ae57-d61f-421b-8b75-623e9aa6debb,2020-06-06,2020-06,McGary Fire ,['Solano'],48,38.196893,-122.156313,79.0,100.0
cac8f4bf-d269-4f13-b59c-07670b34f81f,2020-07-21,2020-07,Holland Fire ,['Contra Costa'],7,37.977309,-121.620238,75.0,100.0
deaaf3fb-e0b2-4430-97cc-10d6d626df27,2020-07-07,2020-07,Mountain Meadow Fire ,['Solano'],48,38.21614,-122.12447,75.0,100.0
f66fb4e4-cd4c-4410-9c00-43fed5882fb4,2020-07-21,2020-07,Easton Fire,['San Bernardino'],36,34.135626,-117.192142,71.0,100.0
cd2e7a3b-7b00-4da4-8612-a19a22c88fca,2020-07-05,2020-07,Kings Fire,['Fresno'],10,36.750186,-119.116536,67.0,100.0
56e82924-7e7b-4cd0-9221-7f299718b493,2020-08-11,2020-08,Duluth Fire,['Placer'],31,38.81111,-121.318472,65.0,100.0
b564196f-6499-4e1e-b896-7b6211d97f90,2020-07-03,2020-07,Mount R Fire,['San Bernardino'],36,34.182436,-117.124353,62.0,100.0
49378c25-ecdb-406d-829b-755f2b248fcd,2020-07-01,2020-07,Flat Fire,['Trinity'],53,40.791509,-123.437051,62.0,100.0
67cd9b6f-a40b-4f0d-8efc-2dbe4fd9d990,2020-10-24,2020-10,Pope Fire,['Napa'],28,38.56184,-122.37828,61.0,100.0
0e1e69d4-cb59-4228-8c55-f18e6b5ad71c,2020-05-31,2020-05,Creek Fire,['Contra Costa'],7,35.9994,-86.8616,60.0,50.0
57f40970-22b5-4d75-a8f2-2482a18f5bca,2020-05-29,2020-05,Harley Fire,['Riverside'],33,33.83167,-117.34934,60.0,100.0
b13b3fea-fd2f-4c14-925b-63737df97f2e,2020-06-27,2020-06,Indian Fire,['Riverside'],33,33.565093,-116.750925,59.0,100.0
edd2012d-0574-46a1-97d5-9ca42e7c5912,2020-02-24,2020-02,Wood Fire,['Lassen'],18,40.62155,-120.49392,57.0,100.0
b341b09d-2024-4b2a-a439-f39409abb432,2020-10-07,2020-10,Fields Fire ,['Yuba'],58,39.181047,-121.450982,56.0,100.0
7486c76a-019a-496f-9d5c-f4b962906fe4,2020-08-19,2020-08,Flint Fire,['Calaveras'],5,38.03106,-120.85258,55.0,100.0
354cbed0-3717-411f-b95b-c26137b4a2a4,2020-08-25,2020-08,Placer Fire,['San Luis Obispo'],40,35.4335197,-120.1243296,53.0,100.0
f05306b4-6281-4140-9d63-ea077c080ce9,2020-08-02,2020-08,Water Fire,['Riverside'],33,33.924086,-116.641846,52.0,100.0
1cffff17-9678-4f17-837a-e4e11ae77c1b,2020-07-26,2020-07,Ione Fire ,['Sacramento'],34,38.420382,-121.044895,51.0,100.0
fdae8b5d-95f3-4eaa-bd71-35cd402a94f9,2020-09-30,2020-09,Copper Fire ,['Amador'],3,38.49375,-121.003602,48.0,100.0
18b88d88-2c76-41cb-9b07-5c9dda8f56d9,2020-04-27,2020-04,Byron Fire,['Contra Costa'],7,37.82066,-121.595225,47.0,100.0
d09da426-ed85-4909-892b-2505c4813d93,2020-08-20,2020-08,Volcano Fire,['San Diego'],37,33.454896,-117.328234,45.0,100.0
e86309b6-2223-4448-a7a2-bb83d4bc8352,2020-06-12,2020-06,Watt Fire,['Placer'],31,38.733421,-121.378879,40.0,100.0
0eca3343-e9f9-4d09-9fc3-95ab90b153ae,2020-06-03,2020-06,Horn Fire ,['Lassen'],18,40.809323,-120.288882,37.0,100.0
dd705c7f-d18b-49a5-be60-c828d5c047fb,2020-07-13,2020-07,Robinson Fire,['Butte'],4,39.43227,-121.37994,33.0,100.0
a6c54f7f-20f5-4c3b-a27b-745d7274def6,2020-06-28,2020-06,Gage Fire,['San Luis Obispo'],40,35.69993,-120.96759,33.0,100.0
f398ee10-0c99-4096-be61-7c1611035ce1,2020-07-07,2020-07,Brandon Fire,['El Dorado'],9,38.58488,-120.941267,32.0,100.0
49be3366-f2b6-4ff5-8541-a25ad9bdc607,2020-07-11,2020-07,Alum Fire,['Santa Clara'],43,37.37731,-121.79349,31.0,100.0
65b0ce28-b5e6-4dfc-b569-96716e556c90,2020-10-12,2020-10,Irvine Fire,['Contra Costa'],7,37.821737,-122.104314,30.0,100.0
64390cd6-42d4-4e9e-8dd9-1077f5191243,2020-07-20,2020-07,Feather Fire,['Butte'],4,39.506597,-121.604579,30.0,100.0
d77e9eeb-a4ed-41b8-adff-9dd99aac5971,2020-06-09,2020-06,Cronan Fire ,['El Dorado'],9,38.827755,-120.988571,29.0,100.0
8a4b6636-55b6-4999-9de4-7b0cb22390a2,2020-06-08,2020-06,Grand Fire,['Riverside'],33,33.638067,-117.37581,27.0,100.0
3eff88c0-89ee-4abe-8f6d-f74b90c42f30,2020-04-24,2020-04,Red Fire ,['Tehama'],52,40.09554,-122.43905,26.0,100.0
4751b58f-771f-4d9c-b742-4aad10ef45eb,2020-07-28,2020-07,Lincoln Fire,['Humboldt'],12,40.78804,-124.19954,25.0,100.0
a378ae17-9133-433f-8b63-23a1a7c6a4c6,2020-07-08,2020-07,Nail Fire,['Colusa'],6,39.35498,-122.65813,25.0,100.0
ad807579-4f4f-4a5a-a17a-7ca299aca978,2020-12-03,2020-12,Thomas Fire,['Lassen'],18,41.591948,-120.374514,24.0,100.0
4a85b108-3756-4b00-9767-56591a517c8d,2020-10-13,2020-10,Diamond Fire,['Calaveras'],5,37.98337,-120.64541,21.0,100.0
8b25feb1-9eb7-433d-8abf-d6ab554c9fe3,2020-10-04,2020-10,Lambert Fire,['Amador'],3,38.424016,-121.006635,21.0,100.0
745a276b-488e-40e6-b62d-065111a98139,2020-10-03,2020-10,Pony Fire,['Sacramento'],34,38.464074,-121.039236,20.0,100.0
f6f24a2c-2072-4736-bca7-9a615af3156d,2020-08-16,2020-08,3-2 Fire,['San Luis Obispo'],40,35.519723,-120.801074,20.0,100.0
3788f0dd-0d61-4458-95a2-ebda03b815b2,2020-05-18,2020-05,Gilman Fire,['Riverside'],33,33.861054,-117.024114,20.0,100.0
083f1638-4369-410f-9b57-d53cfaa938f7,2020-03-06,2020-03,South Main Fire,['Riverside'],33,33.65263,-117.40906,20.0,100.0
c5071feb-80ec-4fbb-9d2f-eee1f1cea68a,2020-06-23,2020-06,Sycamore Fire,['Fresno'],10,36.97511,-119.33439,19.0,100.0
0416a81f-0a17-4835-b05e-fe59a6e7379a,2020-06-04,2020-06,Silver Fire,['Santa Clara'],43,37.329163,-121.726223,19.0,100.0
2250dea8-20a0-4e5e-b86e-bfe7821892c2,2020-06-16,2020-06,Riata Fire ,['San Luis Obispo'],40,35.40953,-120.56823,18.0,100.0
9a8425a9-f3ba-4afe-82d2-d9a9776959aa,2020-05-08,2020-05,Candy Fire,['Butte'],4,39.42208,-121.47273,17.0,100.0
cbd8fd0c-8d0f-4df3-aea3-1355a685bb96,2020-10-19,2020-10,Cameron Fire,['El Dorado'],9,38.659387,-120.964726,15.0,100.0
58e5665a-7aff-4f14-8ebe-490e73d3d37a,2020-06-22,2020-06,River Fire,['San Luis Obispo'],40,35.62906,-120.68326,15.0,100.0
a5085c95-252d-4d1c-9e8a-6657a74b7ed5,2020-06-04,2020-06,Brock Fire,['Shasta'],45,40.837885,-122.097933,15.0,100.0
94f20083-2412-4058-bc16-afa6b45c3935,2020-02-16,2020-02,Bear Fire ,['Humboldt'],12,40.511092,-123.6378411,15.0,100.0
1b0a862b-8fd9-4aa9-8ac7-f6ca6b3cbd39,2020-08-18,2020-08,Murphy Fire,['El Dorado'],9,38.840068,-120.876546,14.0,100.0
44276cce-9fe4-472d-aac6-4d08e9d01365,2020-09-02,2020-09,Catholic Fire,['Lake'],17,39.012743,-122.637037,13.0,100.0
036cc8f1-ab4e-488c-8c46-86ebbb176d3e,2020-06-19,2020-06,Teddy Fire,['Butte'],4,39.37577,-121.45372,13.0,100.0
b4413d75-dc78-4810-9db3-c644a1afc5f3,2020-07-09,2020-07,Tripp Fire ,['Riverside'],33,33.551838,-116.7464168,10.0,100.0
641c7a44-b74a-4dce-bd7d-44078847003b,2020-06-21,2020-06,Quarter Fire,['Tuolumne'],55,38.08264,-120.20316,10.0,100.0
90d7bf99-5b46-4a48-a07c-7468829e50b3,2020-06-14,2020-06,Dawson Fire ,['Riverside'],33,33.776033,-117.461925,10.0,100.0
0b723ec6-680d-464b-ba30-b444506ceb44,2020-06-02,2020-06,Nash Fire,['Mendocino'],23,39.1296,-123.48018,10.0,100.0
3826c0d8-e78d-4608-889c-b7c4f6c37a25,2020-08-26,2020-08,Perry Fire,['Placer'],31,38.8825,-121.10411,9.0,100.0
64ea3d93-de8b-41fc-b5eb-af37e8ac1f95,2020-10-22,2020-10,Ferry Fire,['Butte'],4,39.51694,-121.54475,6.0,100.0
fb6cb221-c303-4573-bd63-0c8b1468d4a2,2020-10-25,2020-10,Olinda Fire,['Shasta'],45,40.41486,-122.342,5.0,100.0
2865a54c-f7c1-4595-b4b9-1c8082df22ce,2020-07-13,2020-07,Elliot Fire,['Riverside'],33,33.623968,-117.108421,2.0,100.0
1b77c463-9e20-4b8f-8dc5-ab69c539a1de,2020-12-02,2020-12,Willow Fire,['San Diego'],37,32.75277778,-116.9075,,
57d6e532-295c-4166-a6f3-1cc64acbf5de,2020-10-26,2020-10,Point Fire (Placer County),['Placer'],31,39.009454,-120.488892,,
1e437685-8470-4dd5-bf6c-54e75143d36a,2020-09-08,2020-09,Fork Fire,['El Dorado'],9,38.99,-120.394,,
4336b2f9-35c5-430a-8b5a-4fbaf1798cec,2020-09-01,2020-09,Slink Fire,['Mono'],26,38.568,-119.568,,
3fa74cb0-3c6d-49b1-bb20-3d7fba0c0249,2020-08-18,2020-08,Bell Fire,['Tuolumne'],55,38.183,-119.869,,
dae6355c-6a97-4031-a0cb-b34448bc41dc,2020-08-17,2020-08,Beach Fire ,['Mono'],26,37.919382,-119.010655,,
26e7a17a-2494-4e88-8029-e6bedc06c234,2020-08-14,2020-08,Feather Fire,['Sierra'],46,39.716713,-120.889438,,
88172824-3f0b-4b05-a97a-bd2eb7576642,2020-08-04,2020-08,166 Fire,['San Luis Obispo'],40,34.93442,-119.5795,,
5b3fa4b0-d0e0-46d3-9ee8-0b4a9ff7c225,2020-08-01,2020-08,Cowhead Fire,['Modoc'],25,41.52261,-120.17183,,
69aa5821-3027-464a-9c61-daa8b75e090f,2020-07-27,2020-07,Adams Fire,['Lassen'],18,39.922415,-120.025872,,
7411452c-1613-4e4f-afe6-865db0c476c4,2020-03-03,2020-03,Baker Fire,['Yuba'],58,39.45493,-121.12381,,
00016d5d-1647-49e4-a02a-abf46b8480ae,2021-07-14,2021-07,Dixie Fire,"['Butte', 'Plumas', 'Shasta', 'Lassen', 'Tehama']","4,32,45,18,52",39.871306,-121.389439,963309.0,100.0
d0174b70-8652-4242-bf7f-b00e98a48319,2021-07-31,2021-07,McFarland Fire,"['Shasta', 'Trinity', 'Tehama']","45,53,52",40.35,-123.034,122653.0,100.0
1052ac46-526c-4ca1-a75c-7e91920ee6cb,2021-09-22,2021-09,Fawn Fire,['Shasta'],45,40.729811,-122.320243,8578.0,100.0
8c1bfb66-4002-498a-ae39-62b584718519,2021-05-15,2021-05,Palisades Fire,['Los Angeles'],19,34.079046,-118.558938,1202.0,100.0
7b6a10b8-58fb-4906-ad11-dc88fe5b7872,2021-08-25,2021-08,Airola Fire,['Calaveras'],5,38.038795,-120.454797,639.0,100.0
2947b64d-5835-411b-a603-afcbaf8d53d8,2021-06-18,2021-06,Alabama Fire,['Inyo'],14,36.59717,-118.20355,560.0,100.0
d3668f70-4e85-4962-8e8a-a0b8f1465500,2021-09-11,2021-09,Route Fire,['Los Angeles'],19,34.569383,-118.688821,464.0,100.0
23a7e559-d8b9-4333-bddc-ccf7cb2e7b3e,2021-10-12,2021-10,Kettle Fire,['Kings'],16,35.983649,-119.960099,447.0,100.0
6672b6ad-981e-43e8-b4ad-a75285ab9f90,2021-06-18,2021-06,Park Fire,['Butte'],4,39.77144,-121.76629,402.0,100.0
46498648-eff1-492f-b88f-1826ecd224a6,2021-08-24,2021-08,Rock Fire,['Riverside'],33,33.474823,-116.659688,295.0,100.0
b7a4e6df-7cef-4920-a585-031324b404f4,2021-09-12,2021-09,Hopkins Fire,['Mendocino'],23,39.232362,-123.202039,257.0,100.0
4f6bdd52-abdc-4c93-a48b-7d7adae05cfc,2021-05-27,2021-05,Live Oak Fire,['Mariposa'],22,37.45646,-120.00392,197.0,100.0
a26becf4-249f-451e-b8a3-e55032e6df61,2021-08-11,2021-08,Glen Fire,['Yuba'],58,39.403918,-121.30845,184.0,100.0
200d07c4-0457-4421-875b-4140d482a03e,2021-07-28,2021-07,Pinnacles Fire,['Monterey'],27,36.476664,-121.224797,171.0,100.0
8cfa988a-cf5d-418c-8d4d-e0be072e397c,2021-08-25,2021-08,Westward Fire,['Riverside'],33,33.918089,-116.877776,160.0,100.0
8622a38c-551f-4ef0-9b25-0d0280ace921,2021-10-12,2021-10,Newell Fire,['Napa'],28,38.170366,-122.241128,132.0,100.0
215529d8-6c0a-4dfa-8d6f-342a5666e1f2,2021-07-11,2021-07,Diablo Fire,['Contra Costa'],7,37.865193,-121.667665,128.0,100.0
9692e02d-4a87-48b7-b261-f83f4a951642,2021-06-29,2021-06,Beswick Fire,['Siskiyou'],47,41.917209,-122.374848,118.0,100.0
2b42f885-f296-4659-98e0-c33585215fa9,2021-06-16,2021-06,Rock Fire,['Shasta'],45,40.61468,-122.49164,108.0,100.0
cfcf1a2b-e358-4dc0-ab39-93ebe94fc843,2021-06-19,2021-06,Bautista Fire,['Riverside'],33,33.551747,-116.707967,95.0,100.0
ffb98e82-9a8a-44fe-9d91-45ce3db74ef5,2021-10-05,2021-10,Maxwell Fire,['Trinity'],53,40.649917,-123.02375,80.0,100.0
f9322f4b-03e1-4558-a920-f7318909de93,2021-08-01,2021-08,Tobin Fire,['San Luis Obispo'],40,35.65927,-120.560856,75.0,100.0
5f8ebcac-e1f0-4659-9f38-f3e862a3a440,2021-04-29,2021-04,Sky Fire,['Lake'],17,38.88437128468346,-122.51771555326388,65.0,100.0
1704f47a-b2bc-43fc-8c49-e62ffaf6021e,2021-08-04,2021-08,House Fire,['Shasta'],45,40.604986,-122.506112,60.0,100.0
69c42b3f-a4ec-47d2-a856-e4f8bc71c6cc,2021-08-25,2021-08,Bennett Fire,['Nevada'],29,39.216752,-121.040771,59.0,100.0
32ea3306-088d-4779-9009-2763c7f8a38c,2021-06-21,2021-06,Clevenger Fire,['San Diego'],37,33.09183,-116.9543,53.0,100.0
9f0d7a3b-ae47-42a5-b360-ea2f4141cad4,2021-08-28,2021-08,Roadside Fire,['San Bernardino'],36,34.25145,-117.4546,50.0,100.0
3657f103-fe9f-4bfc-a09e-9aa291301266,2021-08-14,2021-08,Bell Fire,['Mendocino'],23,39.834099,-123.637032,50.0,100.0
1a1a9275-f16f-4a06-abe6-3ba18e5e9b33,2021-06-06,2021-06,Buck Fire,['Madera'],20,37.24484944019164,-119.86047836209606,50.0,100.0
f5d44748-ed74-4660-ab1a-b94f483ab5df,2021-06-19,2021-06,Crane Fire,['Kern'],15,34.83498,-118.86258,48.0,100.0
254e4d5c-a750-41e0-bea3-9eb4597b0a13,2021-09-01,2021-09,Lassen Fire,['Marin'],21,38.0591827,-122.6131992,44.0,100.0
f4be7c50-4b42-4534-90c7-82c52e4fa3cb,2021-09-19,2021-09,Childrens Fire,['Madera'],20,36.89365,-119.792528,42.0,100.0
c8ae5d37-89ac-4d57-904e-720ef7012edc,2021-06-01,2021-06,Scott Fire,['Riverside'],33,33.631955,-117.089849,28.0,100.0
c8991faa-8d15-4d4c-b3a1-92f58f784420,2021-07-23,2021-07,Mountain Fire,['Trinity'],53,39.976,-123.505,25.0,100.0
66eaca2a-9aa7-41cf-a850-88f963cbf723,2021-10-11,2021-10,View Fire ,['Tehama'],52,40.287225,-122.436754,24.0,100.0
9b2b5a16-52cf-4f2e-bc8a-a3af75b28522,2021-01-19,2021-01,China Grade Fire,['Santa Cruz'],44,37.17749,-122.1756,22.0,100.0
929a21bc-65a0-49b4-bc90-bfa5457987e4,2021-01-19,2021-01,Bonny Doone Complex (Previously Fanning Fire),['Santa Cruz'],44,37.08931,-122.10509,20.0,100.0
2657090b-ec47-4fbe-bc4e-400cd50a8d55,2021-01-19,2021-01,North Butano Fire,['San Mateo'],41,37.18259,-122.28823,15.0,100.0
587e51fd-ad97-4894-b53e-300a78e4dc80,2021-06-18,2021-06,Antelope Fire,['Tulare'],54,36.47887,-119.10788,11.0,100.0
1d1bb813-5955-438a-a2cd-0e2d46074f1a,2021-07-30,2021-07,Monument Fire,['Trinity'],53,40.752,-123.337,223124.0,100.0
a21c4d1f-87ed-4db1-85ea-eae41c90a0ac,2021-08-15,2021-08,Caldor Fire,"['El Dorado', 'Alpine', 'Amador']","9,2,3",38.586,-120.537833,221835.0,100.0
9284625d-a9bd-447b-b215-a40fe4a52697,2021-07-31,2021-07,River Complex,"['Siskiyou', 'Trinity']","47,53",41.389,-123.057,199359.0,100.0
dc3380c7-ff32-4062-a4e8-be99b655f2c6,2021-08-01,2021-08,Antelope Fire,['Siskiyou'],47,41.5289901,-121.9154934,145632.0,100.0
87b59fb2-01f9-4469-8578-87c55b090eac,2021-08-18,2021-08,McCash Fire,['Siskiyou'],47,41.564,-123.404,94962.0,100.0
3a281cd5-4d2b-47a7-89b7-1194e921805a,2021-07-04,2021-07,Tamarack Fire,['Alpine'],2,38.6280042,-119.8591887,68637.0,100.0
9d7c19c4-f146-4b3e-a4c3-5ea9c3247208,2021-06-25,2021-06,Lava Fire,['Siskiyou'],47,41.459,-122.329,26409.0,100.0
de52a8d2-2c0e-4481-8d6c-9e4b7c2b9428,2021-10-11,2021-10,Alisal Fire,['Santa Barbara'],42,34.553,-120.136,16970.0,100.0
3a83c4bc-28cc-4792-849b-fedb5629e4bc,2021-06-28,2021-06,Tennant Fire,['Siskiyou'],47,41.665191,-122.054254,10580.0,100.0
2acb95c8-7a0b-4bfc-9174-6da944037bf2,2021-07-11,2021-07,River Fire,['Mariposa'],22,37.350823,-119.869785,9656.0,100.0
178aba5f-4c67-4830-891d-b8fec84706da,2021-08-04,2021-08,River Fire,"['Nevada', 'Placer']","29,31",39.08805,-121.01468,2619.0,100.0
d7b908db-7184-4f9e-923f-f811688cf4eb,2021-08-29,2021-08,Knob Fire,['Humboldt'],12,40.8652,-123.6744,2421.0,100.0
fc8bd27a-c3c8-405d-b13a-d9a1396206e3,2021-07-20,2021-07,Peak Fire,['Kern'],15,35.41153,-118.46461,2098.0,100.0
62f7b39d-1213-47c2-8118-88eb98908af7,2021-06-27,2021-06,Shell Fire,['Kern'],15,34.919,-118.891,1984.0,100.0
64a7c61a-5634-410a-a1c4-aeb97b2283e0,2021-08-28,2021-08,Chaparral Fire,"['Riverside', 'San Diego']","33,37",33.484721,-117.39309,1427.0,100.0
511f1793-96a5-4866-a993-1d271e03b076,2021-06-26,2021-06,Henry Fire,['Alpine'],2,38.4504695,-119.7512546,1320.0,100.0
6cdd3c1b-2ef3-4a77-aef2-82ff170cd227,2021-05-30,2021-05,Sargents Fire,['Monterey'],27,35.932852,-120.854096,1118.0,100.0
b6391e06-889a-4d69-ba3e-8491af004029,2021-06-09,2021-06,Sierra Fire,['San Diego'],37,33.315711565249096,-117.34832277422022,1000.0,100.0
63d1e4af-4112-4d67-8db0-4dec23b3674f,2021-06-08,2021-06,Intanko Fire,['Yuba'],58,39.084872,-121.333346,939.0,100.0
762d7abb-ec4e-4e50-9137-617c8445b0d1,2021-03-28,2021-03,Refuge Fire,['Siskiyou'],47,41.927772,-121.627082,873.0,100.0
75711186-5792-4c41-9309-48dbac8e667d,2021-01-19,2021-01,Wolf Fire,['Kern'],15,34.99432,-119.185309,865.0,100.0
8e8e1a5e-0855-4751-8ad1-70730007657c,2021-06-18,2021-06,Success Fire,['Tulare'],54,36.03223,-118.85799,800.0,100.0
37385589-19f2-43fd-96fb-6a5cd28c607c,2021-06-20,2021-06,Cow Fire,['Shasta'],45,40.53297,-122.12107,761.0,100.0
4cfd11fa-b33f-4de6-8d17-bbaa27b2c9cb,2021-08-25,2021-08,South Fire,['San Bernardino'],36,34.186147,-117.440263,680.0,100.0
68b1630c-10e7-4d99-9c61-baa592f1dd83,2021-06-19,2021-06,Inyo Creek Fire,['Inyo'],14,36.6000177,-118.1420738,592.0,100.0
4c9c4b27-d45d-453d-82f9-39da5ccfe176,2021-06-22,2021-06,Antelope Fire,['Modoc'],25,41.583949,-120.729446,580.0,100.0
25d0bdd9-c422-459a-bc12-d9cae4843518,2021-05-08,2021-05,Gunnison Fire,['Butte'],4,39.85479,-121.91936,550.0,100.0
8992a229-a245-431d-9a61-11f8d545d93b,2021-06-19,2021-06,Overland Fire,['San Diego'],37,32.903917,-116.233056,515.0,100.0
cfdab623-d2b2-4d61-a227-be32ebb3fac4,2021-05-28,2021-05,Mile Fire,['Stanislaus'],50,37.89346196853137,-120.83915871172879,508.0,100.0
ff71cd3b-2261-4248-92fa-f24733cfdcfe,2021-09-05,2021-09,Bridge Fire,['Placer'],31,38.921239,-121.036613,411.0,100.0
421fd9f2-1fbb-4bec-bf19-3318fa4830dc,2021-07-03,2021-07,Main Fire,['Tulare'],54,36.10007,-119.017899,384.0,100.0
a191b2bc-5dee-4511-b34b-ca06ef62b5ab,2021-07-11,2021-07,Bradley Fire,['Siskiyou'],47,41.25272,-121.82403,357.0,100.0
ddcef5cf-9417-4c41-b64b-910e096522fc,2021-06-13,2021-06,Flats Fire,['Riverside'],33,33.5812044,-116.4518615,341.0,100.0
161f6906-6799-45ae-b6ca-c1d470050d81,2021-07-31,2021-07,Hungry Fire,['Los Angeles'],19,34.7479248,-118.8217926,340.0,100.0
a5bcf6ba-3e09-49f8-b4c4-1b134aa5c83f,2021-05-20,2021-05,WeeVill Fire,['Los Angeles'],19,34.7591895,-118.5044868,300.0,100.0
1882364c-9710-47ab-9871-349a76a60173,2021-05-18,2021-05,Davis Fire,['Riverside'],33,33.8948,-117.1116,300.0,100.0
ac0c072d-d926-49f2-8a3d-c18ea5d32010,2021-06-30,2021-06,Blue Fire,['Fresno'],10,37.02865766813302,-119.25484409482164,277.0,100.0
1eea5329-95c3-4a41-974f-7b3693441b1e,2021-06-09,2021-06,Farm Fire,['San Bernardino'],36,34.383247203440405,-117.41835464122235,250.0,100.0
2347b6fb-8468-46bb-9917-d5cea3f1efdd,2021-01-15,2021-01,Erbes Fire,['Ventura'],56,34.20955,-118.83967,250.0,100.0
eddffab0-51af-490d-b60e-640300fe6085,2021-06-27,2021-06,Canyon Fire,['Kern'],15,35.442533,-118.793912,220.0,100.0
55df2f9c-3232-4643-970b-0286a1039507,2021-10-15,2021-10,Gravel Fire,['Modoc'],25,41.862388,-120.358206,200.0,100.0
6a7cee19-fc90-4f87-a306-48ccd9cee200,2021-04-19,2021-04,Turnout Fire,['Mendocino'],23,38.99914,-123.35838,200.0,100.0
dd8d424d-e416-48a4-87e0-ddc26d4fdcb3,2021-07-03,2021-07,Ysabel Fire,['San Diego'],37,33.119448,-116.677511,173.0,100.0
47070a62-2ef3-44a9-8b98-a20e0e574f97,2021-07-30,2021-07,Robie Fire,['Calaveras'],5,38.054116,-120.867498,153.0,100.0
8e7dcc1b-718b-4388-9e20-bef4b9b94385,2021-10-24,2021-10,Hollow Fire,['San Joaquin'],39,37.62879,-121.52692,150.0,100.0
92fd111b-2d3a-48c8-bc43-d505eaceb423,2021-06-14,2021-06,Beale Fire,['Yuba'],58,39.1956433,-121.3587065,150.0,100.0
5f34e7bc-b627-4baf-9e6e-ded2eec3c77a,2021-10-15,2021-10,Estrada Fire,['Santa Cruz'],44,37.013464,-121.752106,148.0,100.0
348304a5-5d65-46bb-a9f6-4e8ce6ca985b,2021-06-23,2021-06,Panoche Fire,['San Benito'],35,36.63228,-120.987172,145.0,100.0
4376d68e-4093-4d4c-aa6f-e0df6d50e9fb,2021-06-28,2021-06,Vulcan Fire,['Fresno'],10,36.932,-119.735,140.0,100.0
e8842a17-4f53-4803-9350-838ec34e66e9,2021-08-13,2021-08,Coyote Fire,['Lake'],17,38.826123,-122.581257,127.0,100.0
baef627e-c3ba-4c3c-8a55-a168839aa2c8,2021-05-08,2021-05,Granite Fire,['Calaveras'],5,38.03106,-120.85258,118.0,100.0
460ab87e-07e7-4931-8390-bd3fe60677b2,2021-09-22,2021-09,Fremont Fire,"['Napa', 'Sonoma']","28,49",38.269863,-122.416983,116.0,100.0
3a4d4c77-ff87-458d-b906-e203fc098aa5,2021-07-09,2021-07,Coyote Fire,['Modoc'],25,41.28523,-121.77593,110.0,100.0
726eeb97-b91c-4555-a180-be16e599466f,2021-08-26,2021-08,Washington Fire,['Tuolumne'],55,37.962933,-120.402221,100.0,100.0
caf0f448-cdb3-4dc2-a247-35f6f4b41cb3,2021-07-26,2021-07,Park Fire,['Tulare'],54,36.199833,-118.722167,100.0,100.0
5afc3e64-eb8a-4aad-9bb5-1f9a20f84bb0,2021-05-14,2021-05,Fields Fire,['Merced'],24,37.560209,-120.419624,97.0,100.0
92aa05b8-83d8-45ec-b079-86d7698086a5,2021-04-24,2021-04,Luis Fire,['Merced'],24,37.0953436,-121.143154,93.0,100.0
82af1b59-858c-43c4-9f4f-842605e6c0c1,2021-07-09,2021-07,Basalt Fire,['Merced'],24,37.06047,-121.05758,92.0,100.0
f4c4de41-d8d4-4c66-9d9f-4f1ba285bf59,2021-07-10,2021-07,Road Fire,['San Diego'],37,32.82731,-116.6253,86.0,100.0
21a360ea-3a4e-4267-986e-3bb1416ca05b,2021-03-15,2021-03,Grapevine Fire,['Kern'],15,35.5819816117628,-117.5910734433329,86.0,100.0
ef12ac40-d6fb-4871-97ec-c06d0ce51efd,2021-07-30,2021-07,Evans Fire,['Plumas'],32,40.183504,-120.8468224,85.0,100.0
8e3e3fe1-669f-4cf8-80ee-c8df14929a22,2021-08-18,2021-08,Cache Fire,['Lake'],17,38.928133,-122.601395,83.0,100.0
8c512c44-7ddb-44b4-bf03-bab00c0c0c98,2021-07-07,2021-07,Broiler Fire,['Mendocino'],23,39.253647,-123.224377,80.0,100.0
9128e6fe-a114-479a-a43c-64ea56411eb5,2021-06-28,2021-06,Sky Fire,['Butte'],4,40.039,-121.406,76.0,100.0
be285500-c0c4-4f7e-83ae-1f9a991578b1,2021-07-05,2021-07,Fish Fire,['Fresno'],10,36.802809,-119.393795,75.0,100.0
e208c4a4-1477-4bfd-9fcd-c2d10271e617,2021-09-22,2021-09,University Fire,['San Bernardino'],36,34.164501,-117.333215,71.0,100.0
4fde57bd-089f-4c24-b224-b60306e1648d,2021-07-11,2021-07,Bear Fire,['Kern'],15,34.85178,-118.81448,71.0,100.0
6a36efca-0cb1-465f-be4d-06b3e3b528c1,2021-09-06,2021-09,Caballo Fire,['Santa Barbara'],42,34.6776,-120.09009,70.0,100.0
0e78a6e0-9315-4b29-8a1c-894d4b06a64e,2021-06-13,2021-06,Goose Fire,['Amador'],3,38.3046414,-120.9608439,67.0,100.0
cd7d799d-cc81-4ffb-9d55-4e2b18b92d34,2021-08-29,2021-08,Railroad Fire,['San Bernardino'],36,34.34,-117.466,61.0,100.0
16f4a871-6b4e-493c-ada9-cff37913e521,2021-10-14,2021-10,Canal Fire ,['Trinity'],53,39.986836,-122.277441,59.0,100.0
2ea37798-e198-4f1c-92c6-81c42beff3de,2021-08-06,2021-08,Hambone Fire,['Siskiyou'],47,41.68499,-121.53946,55.0,100.0
35d04cb5-0455-4d36-b857-d7952670aef0,2021-07-18,2021-07,Chicken Fire,['Lassen'],18,40.86955,-120.45187,55.0,100.0
257ee7b8-fe14-45ac-ba58-4fae7003f6de,2021-09-05,2021-09,Aruba Fire,['San Diego'],37,33.380079,-117.111157,54.0,100.0
bd71d34c-3ce0-419d-a2fe-2ef46a750e06,2021-08-03,2021-08,Antonio Fire,['Los Angeles'],19,34.23604,-117.65989,50.0,100.0
61f3264e-f89f-42cc-820d-0e0a5ee29cdd,2021-08-01,2021-08,Hiding Fire,['Shasta'],45,40.466364,-122.482826,50.0,100.0
3989e25c-3790-44d5-bf6d-50ca3fd04d95,2021-07-20,2021-07,Quail Fire,['Riverside'],33,33.889516,-117.070814,50.0,100.0
691ca75a-6419-40ab-87d7-bbe92796307c,2021-06-23,2021-06,Pine Fire,['Shasta'],45,40.475558,-122.481055,50.0,100.0
5ddee2f6-f32b-4664-a416-5cf4996290a5,2021-09-05,2021-09,Lawrence Fire,['Amador'],3,38.529123,-120.731748,46.0,100.0
8f768137-0c58-45e5-a8dd-1df9ecc7870f,2021-07-20,2021-07,Frenchtown Fire,['Yuba'],58,39.383922,-121.24684,45.0,100.0
aefbc94c-63b5-4767-aa12-a8bc8ed80d87,2021-05-19,2021-05,Settlers Fire,['El Dorado'],9,38.56101,-121.01365,45.0,100.0
0b59568a-ab13-4acf-965a-18e9b18ae223,2021-05-09,2021-05,Dillard Fire,['Sacramento'],34,38.28328,-121.45965,44.0,100.0
396abb9e-a291-4183-b0f6-798a5438868c,2021-07-18,2021-07,Fork Fire,['Tehama'],52,39.999396,-122.55195,43.0,100.0
760bd55e-7296-44c7-a8ea-917e1751d811,2021-06-03,2021-06,Coyote Fire,['Riverside'],33,33.895007,-116.90145,43.0,100.0
83e251e4-196f-4db5-b5ba-bed8e300380c,2021-06-17,2021-06,Pomo Fire,['Lake'],17,39.16338,-122.916,42.0,100.0
909624c0-d36c-4b9a-8f34-a9e02961b883,2021-06-25,2021-06,Paseo Fire,['Santa Clara'],43,37.118582,-121.584194,37.0,100.0
0794cd0a-12e3-4576-8692-45603ad6b246,2021-06-28,2021-06,Lilly Fire,['Madera'],20,41.665191,-122.054254,35.0,100.0
d6b89198-5fd8-498f-8429-3d2994f496f9,2021-06-28,2021-06,Peak Fire,['San Bernardino'],36,34.20849,-117.280416,35.0,100.0
8d9ee304-6918-4f74-b7f1-ec8441020bf9,2021-06-14,2021-06,Silicon Fire,['Santa Clara'],43,37.24042,-121.76309,35.0,100.0
da35c08b-9f0a-42b2-9e1f-b6e9a545d3fb,2021-04-01,2021-04,Woodman Fire,['Shasta'],45,40.6758842,-122.0536419,35.0,100.0
09996c3f-3186-4c5d-8006-ced791b3ff40,2021-06-10,2021-06,Creek Fire,['Yolo'],57,38.899722,-122.238889,34.0,100.0
fb63695d-fd59-47dd-9247-e5a7099b5fce,2021-05-04,2021-05,Creek Fire,['Riverside'],33,33.532246,-116.767011,32.0,100.0
354a2576-907f-43a2-b152-46355e2bf94a,2021-07-15,2021-07,Border 13 Fire,['San Diego'],37,32.578481,-116.634023,30.0,100.0
0c1abd92-b131-40f4-bcf7-f6d1871af6a1,2021-05-14,2021-05,R-1 Fire,['Lassen'],18,40.971612,-120.094517,29.0,100.0
1f31ac02-436e-4555-b7d1-32b636c11c17,2021-04-04,2021-04,Westwood Fire,['Ventura'],56,34.30277328465364,-118.70009500551254,25.0,100.0
24117f47-d8e6-4f62-8077-d5bb6742eb9c,2021-11-21,2021-11,Arlanza Fire,['Riverside'],33,33.952633,-117.487947,24.0,100.0
0c3c5916-b391-4916-ad16-059c094da426,2021-03-28,2021-03,Line Fire,['Tuolumne'],55,37.813464,-120.131236,23.0,100.0
68c11904-f38b-4aa0-ab90-b3c805c4e8cd,2021-01-19,2021-01,Manzanita Fire,['Madera'],20,37.25086,-119.51982,23.0,100.0
262f815e-e1b4-42d8-8889-6bb4638703e4,2021-08-13,2021-08,Middle Fire,['Sonoma'],49,38.250596,-122.727542,22.0,100.0
0249ff45-1a71-4a4f-88a7-6c1fc7a9aa20,2021-08-07,2021-08,Nelson Fire,['Shasta'],45,41.034362,-121.89008,20.0,100.0
c9ccf962-449a-4fe8-a1ec-42672f023868,2021-06-21,2021-06,76 Fire,['Riverside'],33,33.499081,-116.1147496,20.0,100.0
e8b4ee36-20b5-4d20-93a4-831ef2e5c659,2021-05-19,2021-05,Parkside Fire,['Riverside'],33,33.50994,-115.917099,17.0,100.0
af05ba27-9105-4776-83a8-8ea786117476,2021-08-30,2021-08,K-Rail,['Humboldt'],12,41.03877,-123.52733,16.0,100.0
08a000bd-2c35-4409-abe9-961da323bbe2,2021-06-15,2021-06,Kathryn Fire,['Riverside'],33,33.67127,-116.94956,15.0,100.0
b3136d0f-6ef3-46ea-9342-6d6b0d82d274,2021-06-26,2021-06,Steins Fire,['El Dorado'],9,38.659971,-120.876096,11.0,100.0
f19d2b70-1d83-4abc-a173-7b00584e1c49,2021-08-25,2021-08,Mule Fire,['Shasta'],45,40.616416,-122.514391,10.0,100.0
26ec9c89-912e-4c23-a6c9-04b5dcb31970,2021-06-16,2021-06,Equestrian Fire,['El Dorado'],9,38.79988,-121.01273,10.0,100.0
3d2add8f-fc17-42d2-8cdc-884d40c0912c,2021-09-17,2021-09,Emigrant Fire,['Los Angeles'],19,34.665169,-118.760816,,
48dcd1c3-e791-49d8-9435-1b358027b318,2021-09-10,2021-09,KNP Complex,['Tulare'],54,36.567,-118.811,,
cb9d8266-3c5e-4c42-97a8-fdf0fa69a6b1,2021-09-09,2021-09,Windy Fire,['Tulare'],54,36.058,-118.625,,
11804a96-faa3-4671-b420-6591e4e95f49,2021-08-19,2021-08,French Fire,['Kern'],15,35.674926,-118.501515,,
700200c7-a450-44f4-a447-244feb07925c,2021-07-02,2021-07,Sugar Fire,['Plumas'],32,39.83203,-120.3415,,100.0
187580ca-f6fc-4cbb-bf50-a0e5daa43626,2021-07-01,2021-07,R-1 Fire,['Lassen'],18,40.74,-120.24,,100.0
776de6ba-3e3c-4388-b257-44e8c9231a95,2022-07-07,2022-07,Washburn Fire,['Mariposa'],22,37.499,-119.614,4886.0,100.0
68dceec6-55b8-4c87-bfa8-f80e4d7118f4,2022-08-31,2022-08,Border 32,['San Diego'],37,32.612181,-116.707395,4456.0,100.0
47bfc3f3-04f7-49ab-a901-77770b85a7cc,2022-09-02,2022-09,Mill Fire,['Siskiyou'],47,41.4303,-122.3852,3939.0,100.0
de8403a1-4f40-499e-a83e-de3261c57b37,2022-06-28,2022-06,Rices Fire,['Nevada'],29,39.319145,-121.192271,904.0,100.0
2497d2b3-31a4-4dc5-a628-2a059036e6c2,2022-09-07,2022-09,Fork Fire ,['Madera'],20,37.21945,-119.50881,819.0,100.0
56efbe7f-664a-42f7-b9b0-5c290d8ce3cf,2022-05-19,2022-05,Edmonston Fire,['Kern'],15,34.935583,-118.873889,682.0,100.0
954eef2a-0cff-404d-a2b4-d0acbcf8d3de,2022-06-13,2022-06,Border 13 Fire ,['San Diego'],37,32.614832,-116.737119,577.0,100.0
769b01fc-2018-420a-92b2-5e2ccb296894,2022-06-24,2022-06,Tesla Fire,['Alameda'],1,37.365652,-121.556086,552.0,100.0
5e02c4ff-003c-42a9-a3c5-6e104ecabb02,2022-07-18,2022-07,Agua Fire,['Mariposa'],22,37.481701,-120.02107,421.0,100.0
5d545430-bff5-4c5e-befa-d3139e19da30,2022-06-28,2022-06,Camino Fire,['San Luis Obispo'],40,35.136141,-120.437395,387.0,100.0
13541b69-799a-4a8b-ade9-0bdefc254f73,2022-06-24,2022-06,Romero Fire,['Merced'],24,38.42619,-121.97785,349.0,100.0
d87c11f9-0995-4802-91c5-f99f7e97d75f,2022-06-30,2022-06,Nelson Fire,['Butte'],4,39.524038,-121.650851,328.0,100.0
b3b6407b-cafa-4f42-bc9e-6e0e286717c4,2022-06-28,2022-06,Burrows Fire ,['Glenn'],11,39.713372,-122.55002,317.0,100.0
899421c1-661c-44c1-a988-a0fe5043e6bd,2022-09-07,2022-09,Coyote Fire,['Siskiyou'],47,41.8739166,-121.839853,297.0,100.0
b2407838-9dd2-45b8-a956-899bf6891b98,2022-08-15,2022-08,Rail Fire,['Kern'],15,35.2882644,-118.6292243,250.0,100.0
487f18a9-7af4-4702-ba36-78aaef812e80,2022-07-27,2022-07,Casner Fire,['San Diego'],37,33.0819687,-116.7626279,174.0,100.0
6835535e-9016-4297-a743-c657e76e39d3,2022-07-09,2022-07,Porter Fire,['Placer'],31,39.020051,-121.344587,166.0,100.0
0f669596-90b2-4625-ba6b-f2bd1ab59f3b,2022-09-09,2022-09,Forward Fire,['Tehama'],52,40.44109,-121.81822,160.0,100.0
d63827d6-1fa3-4a9d-8a21-a5d2549adc5a,2022-06-09,2022-06,Marsh Fire,['Contra Costa'],7,37.895892,-121.696808,159.0,100.0
0f52278a-7102-48c5-a904-c9153187a3a2,2022-08-10,2022-08,Sam Fire,['Los Angeles'],19,34.765322,-118.732882,149.0,100.0
c87b3af5-8bb8-4e20-8b8b-0e035635f8ea,2022-05-21,2022-05,Quail Fire,['Solano'],48,38.467322,-122.051923,135.0,100.0
3d3dc0a6-0c44-4786-a543-896e3c0e1b59,2022-08-02,2022-08,Marmot Fire,['Tulare'],54,36.378236,-118.853671,127.0,100.0
80ceeedb-4349-44c9-b061-2f9855d6efd6,2022-09-01,2022-09,Walker Fire,['Mendocino'],23,39.3669,-123.3159,124.0,100.0
5fa0ad1e-4624-4257-bb31-3eb5af1e6116,2022-06-23,2022-06,Scenic Fire ,['Contra Costa'],7,38.046255,-122.191103,120.0,100.0
5947bdd0-c00a-49a3-bea2-c0208cbd7e6f,2022-05-20,2022-05,Dunnigan Fire ,['Yolo'],57,38.824462,-122.049621,120.0,100.0
ab7f7bfd-8c3d-4199-8caa-bfc192dc29a4,2022-06-03,2022-06,Range Fire,['Kern'],15,35.199501,-118.721683,93.0,100.0
88867d1f-eb64-4966-b86d-115c913cae39,2022-06-24,2022-06,Kirker Fire ,['Contra Costa'],7,37.97689,-121.908735,90.0,100.0
aa364bd9-d718-4583-97f3-18d0fcd0ce4a,2022-07-15,2022-07,Grant Fire,['Sacramento'],34,38.5570067,-121.1183895,74.0,100.0
bb24457a-d2ad-4efc-b816-e5df69ce8e71,2022-09-02,2022-09,Tower Fire,['Calaveras'],5,38.0182816,-120.7489517,73.0,100.0
cc000d68-f79b-447c-b67f-976d820ec702,2022-06-12,2022-06,Brandie Fire,['Yuba'],58,39.319804,-121.392285,72.0,100.0
974e000a-7b64-4542-aba7-e0c33117870a,2022-06-23,2022-06,Canyon Fire ,['Alameda'],1,37.642217,-121.903018,71.0,100.0
2786397c-0bd0-46f8-bdf8-3f749d061593,2022-07-21,2022-07,Slate Fire ,['Tuolumne'],55,37.935092,-120.4422218,64.0,100.0
f4b5f0c0-4b3f-4715-93c8-eae87b2cab17,2022-08-01,2022-08,Meamber Fire,['Siskiyou'],47,41.640867,-122.988315,63.0,100.0
05a22a51-f594-41d7-8cfa-ff8811b145c5,2022-05-06,2022-05,Pyrite Fire ,['Riverside'],33,34.018021,-117.462367,60.0,100.0
9416f961-c5f3-40ec-805f-87bb8b09c5f6,2022-08-15,2022-08,Eden Fire,['Alameda'],1,37.70049,-121.97822,58.0,100.0
974cf91d-0e78-4aa7-b7d3-99e4834fcbc2,2022-07-31,2022-07,Pebble Fire,['Fresno'],10,36.6760553,-119.1902259,55.0,100.0
9e92e949-1e1c-47b7-9a46-71664466a15c,2022-06-09,2022-06,Park Fire,['Butte'],4,39.385829,-121.431372,54.0,100.0
555f187c-f8af-4a8c-87b1-2a849cf34b7f,2022-09-05,2022-09,Caesar Fire,['San Diego'],37,33.064629,-116.811345,50.0,100.0
e97ebb75-7d6d-4925-a27b-2bb9daec9fbf,2022-09-13,2022-09,Dutch Fire,['Placer'],31,39.1902,-120.8266,48.0,100.0
b22cb518-4c4e-439b-a8e8-5597fe45789e,2022-05-24,2022-05,Bull Fire ,['San Luis Obispo'],40,35.0155237,-120.3564497,48.0,100.0
34303301-ad09-441b-a2e5-91d206a66218,2022-06-07,2022-06,Eagle Fire,['San Luis Obispo'],40,35.72373,-120.56019,36.0,100.0
6dc17c08-d206-4ca5-a53c-cf26d2d7cfd3,2022-05-20,2022-05,Owens Fire,['Mendocino'],23,38.8733747,-123.6641833,36.0,100.0
1a839916-324c-4106-b32e-753ff8a0b048,2022-09-01,2022-09,Branstetter Fire ,['Shasta'],45,40.5336,-122.3975,34.0,100.0
90b3f3dc-c374-4376-876e-6aad196a05f3,2022-06-30,2022-06,Sandra Fire,['Butte'],4,39.480813,-121.366789,34.0,100.0
a5373b17-81bc-4a24-a844-148cb5de6b10,2022-09-27,2022-09,97 Fire,['Siskiyou'],47,41.4987,-122.3414,30.0,100.0
4b8ffb4c-e539-4cfa-82a0-2aa148b43ee9,2022-09-17,2022-09,Garden Fire,['Placer'],31,39.9929,-121.2122,29.0,100.0
b211e55a-9b50-4e22-b014-55a6e4b27001,2022-05-20,2022-05,Willow Fire ,['Contra Costa'],7,38.015611,-121.998735,28.0,100.0
68202561-738b-4e30-a004-7ed156939fe8,2022-08-30,2022-08,McCovey Fire,['Humboldt'],12,41.4672,-123.9277,25.0,100.0
f0e786a2-78d4-411a-b55a-b756c4189ffa,2022-09-02,2022-09,Woods Fire,['Tuolumne'],55,37.968,-120.4013,21.0,100.0
ee27ed9e-44fb-4133-a2c9-f16a90fbeb46,2022-03-02,2022-03,Alpine Fire ,['Sonoma'],49,38.46234,-123.015106,21.0,100.0
50a7f34c-aa67-4227-bc71-238e85a3ff85,2022-07-19,2022-07,Meadow Fire ,['Mendocino'],23,39.058043,-123.33756,17.0,100.0
f904489b-0488-4764-9a98-bd3b818d1756,2022-05-01,2022-05,111 Fire,['Riverside'],33,33.510716,-115.916687,15.0,100.0
1e84bb2e-0fd6-4002-bcd2-3cb2f622be6a,2022-08-21,2022-08,Point Fire,['Lake'],17,38.9494,-122.6556,14.0,100.0
136a1828-ec7f-487f-9aa1-7f378e51322a,2022-08-08,2022-08,3-8 Fire ,['Lassen'],18,41.060445,-121.211449,14.0,100.0
78fccf47-afdf-4e7a-bcd3-10c574b5dad2,2022-06-26,2022-06,Ridge Fire,['Siskiyou'],47,41.317476,-122.359698,12.0,100.0
09f9ff54-30ba-48d7-a8f3-9dd6a627fafd,2022-03-12,2022-03,Evergreen Fire ,['Siskiyou'],47,41.4455854,-122.3685584,12.0,100.0
55b09ba6-f06c-41fa-b940-2438100bb452,2022-03-26,2022-03,Whitlow Fire,['Siskiyou'],47,41.234712,-121.692093,10.0,100.0
77ceaa27-dedd-4703-9db1-5d80e9322f53,2022-06-29,2022-06,Evan Hewes,['Imperial'],13,32.79106,-115.71861,,
a305c68d-db56-4c9f-ab9c-5089c25f3fba,2022-09-07,2022-09,Mosquito Fire,"['El Dorado', 'Placer']","9,31",39.00591,-120.7447,76788.0,100.0
deef1971-c9d4-4070-ae37-1a3ad350e977,2022-07-29,2022-07,McKinney Fire ,['Siskiyou'],47,41.833813,-122.894782,60138.0,100.0
7a58bd4b-886d-40ee-b895-03e6473be505,2022-09-05,2022-09,Fairview Fire,['Riverside'],33,33.717062,-116.893227,28098.0,100.0
ad465a00-5520-4188-9f91-3c5568adb40e,2022-08-15,2022-08,Oak Fire,['Placer'],31,39.04941,-120.9526,19244.0,100.0
fec1972c-dcdf-4a1c-a6ae-5c26a0b82815,2022-07-22,2022-07,Oak Fire ,['Mariposa'],22,37.5509366,-119.9234728,19244.0,100.0
0f74249b-6f78-4266-b3f0-c61b5626d6af,2022-09-02,2022-09,Mountain Fire ,['Siskiyou'],47,41.459009,-122.627469,13440.0,100.0
e0d1fd77-071f-4892-9738-49baba9658f3,2022-05-27,2022-05,Lost Lake Fire ,['Riverside'],33,34.010838,-114.484173,5856.0,100.0
6a1d129f-e302-41b0-90ce-a0fafd6e2503,2022-09-07,2022-09,Barnes Fire,['Modoc'],25,41.87117,-120.29122,5843.0,100.0
40b5cdc9-57db-40da-b52d-6f4c53375bc1,2022-08-31,2022-08,Route Fire,['Los Angeles'],19,34.5255,-118.6479,5208.0,100.0
9e30ecfb-a068-4935-a67b-bf52337f1dfd,2022-07-05,2022-07,Electra Fire,"['Amador', 'Calaveras']","3,5",38.334802,-120.665415,4470.0,100.0
0261dfa0-f1c5-401b-abf3-91184cd2ac2c,2022-02-17,2022-02,Airport Fire,['Inyo'],14,37.369355,-118.371813,4136.0,100.0
49ce10fd-94f9-48ee-890f-3b63b1aa84ea,2022-06-23,2022-06,Thunder Fire ,['Kern'],15,34.936618,-118.889446,2500.0,100.0
48cc8ca5-b512-4dc9-bea2-a7bce86009a0,2022-08-03,2022-08,Summit Fire,['Tulare'],54,36.319167,-118.650278,1400.0,100.0
d78ddcad-57ab-4cc4-8910-6f55da123bc1,2022-09-05,2022-09,Radford Fire,['San Bernardino'],36,34.177,-116.882,1079.0,100.0
d0c68cde-731a-4409-a810-32c7d326ce54,2022-06-12,2022-06,Sheep Fire,['San Bernardino'],36,34.355593,-117.61508,865.0,100.0
f3558310-247c-4913-a08b-68d568abdf4b,2022-01-22,2022-01,Colorado Fire,['Monterey'],27,36.396461,-121.880533,687.0,100.0
98953233-d2bd-4704-a6dc-122d14e388f6,2022-05-24,2022-05,River Fire ,['Colusa'],6,39.2333948,-122.0246463,595.0,100.0
2c095f28-ae55-4a23-9378-2a74989e889f,2022-06-13,2022-06,Rancho Fire,['Tehama'],52,40.00919,-122.45621,593.0,100.0
51a14af6-7c52-4666-8805-da3f0d07923d,2022-05-31,2022-05,Old Fire,['Napa'],28,38.370078,-122.270417,570.0,100.0
f7f9f401-e8b5-423f-b0da-13011200b213,2022-06-11,2022-06,Plant Fire,['Kern'],15,34.9324042,-118.9253809,517.0,100.0
c6a29b78-da67-4158-bbbf-54519b8c15f0,2022-05-15,2022-05,Heritage Fire,['San Bernardino'],36,34.610082,0.0,500.0,100.0
61c7f0a0-3f9e-4665-92b0-3f135987907a,2022-05-26,2022-05,Elk Trail Fire,['San Bernardino'],36,34.090619,-116.447636,431.0,100.0
606930f2-4368-4e78-bb43-4ba33db70f11,2022-08-16,2022-08,Wishon Fire,['Tulare'],54,36.17768,-118.71829,325.0,100.0
0539f658-3625-4601-a3d3-9f0e887c2415,2022-07-14,2022-07,Peter Fire ,['Shasta'],45,40.4411992,-122.3182313,304.0,100.0
5a71b67d-308f-4767-9f10-7cab21332ae4,2022-07-30,2022-07,Mesa Fire,['Kern'],15,35.5745007,-118.4125811,222.0,100.0
b81c84b9-bde4-49c8-aded-914d170ba9ae,2022-05-11,2022-05,Coastal Fire,['Orange'],30,33.509464,-117.744398,200.0,100.0
09a71f96-1215-4fc6-8b9a-da44930af8c4,2022-05-11,2022-05,House Fire,['Fresno'],10,36.974622,-119.443013,171.0,100.0
83db2882-a7c1-4e62-86f8-c9470e8a0c87,2022-02-10,2022-02,Emerald Fire ,['Orange'],30,33.558085,-117.805666,154.0,100.0
092ae456-6322-4f6d-b9f1-ed2c55a1fbc6,2022-08-25,2022-08,East Fire,['Los Angeles'],19,34.2338842,-117.8004523,150.0,100.0
8877e37e-7656-47ef-9881-dfd9653f36a4,2022-07-04,2022-07,Garrison Fire,['Monterey'],27,35.8640822,-120.819059,138.0,100.0
00b88ee4-06ed-4f40-81ac-3e23fcb1bc64,2022-09-06,2022-09,Power Fire ,['Fresno'],10,37.080478,-119.485927,130.0,100.0
f83fad03-336e-4edb-afc6-c77b5f924506,2022-07-20,2022-07,Flynn Fire ,['Alameda'],1,37.719206,-121.656106,121.0,100.0
d9f40570-e594-457b-bf33-9bb2eec13d50,2022-03-12,2022-03,Hollister Fire,['Santa Barbara'],42,34.4687419,-120.2770391,120.0,100.0
d52a1e49-8d6b-4982-b931-29032439e870,2022-07-13,2022-07,Herman Fire,['Solano'],48,38.0936839,-122.1347757,115.0,100.0
599c4952-beda-4ec6-a636-47c92444a443,2022-08-29,2022-08,Gulch Fire,['Los Angeles'],19,34.2026,-117.8608,113.0,100.0
5316b89a-f041-498b-8ff9-af00c89c2979,2022-06-27,2022-06,Redwood Fire,['Marin'],21,38.163521,-122.574563,113.0,100.0
264c5249-6933-4d8f-a270-25462d14a407,2022-03-12,2022-03,Gulch Fire ,['Siskiyou'],47,41.9525087,-121.9015432,113.0,100.0
06deb062-3940-44f0-a984-f9cb80ed1e4b,2022-06-26,2022-06,Union Fire,['Riverside'],33,33.968307,-117.462524,110.0,100.0
367d210d-571c-4066-a078-44f3e162d8f4,2022-07-21,2022-07,Anzar Fire,['San Benito'],35,36.8927679,-121.604728,104.0,100.0
6a5cd16b-55a8-4104-aa28-0e0490b4aca9,2022-07-17,2022-07,Border 27 Fire,['San Diego'],37,32.6077664,-116.6077664,100.0,100.0
58ba3463-14d8-4ac7-86c3-aaeb920de442,2022-06-10,2022-06,Graham Fire,['Tehama'],52,40.05,-121.776,100.0,100.0
968e2f0c-5255-4a21-b166-c9a06a645825,2022-06-06,2022-06,Hesperia Fire,['San Bernardino'],36,34.31267,-117.34635,95.0,100.0
3564711f-73f7-4aae-b550-e2c51f81b780,2022-05-24,2022-05,Wilder Fire,['Tehama'],52,40.150329,-122.275649,90.0,100.0
719127a0-5d9b-42e6-985f-ce3e6a718c0e,2022-03-04,2022-03,Flanagan Fire ,['Shasta'],45,40.67671,-122.4073,88.0,100.0
64cc517f-a935-4abb-b35a-b40516174f3b,2022-07-31,2022-07,Kelsey Fire,['Siskiyou'],47,41.6430162,-123.1193265,85.0,100.0
7fbd8cd4-bd0d-432e-910d-a8c353667946,2022-07-18,2022-07,Winding Fire,['Yuba'],58,39.314076,-121.27693,82.0,100.0
f8587978-ae8b-409d-8540-0c4aaa952d54,2022-06-21,2022-06,Border 16,['San Diego'],37,32.567333,-116.750667,70.0,100.0
78bea37e-7334-4f49-a8dd-1c9a593b47d1,2022-06-22,2022-06,99 Fire,['Butte'],4,39.37879,-121.68694,66.0,100.0
3eb84741-bc4e-4beb-aeb3-6f485fca145c,2022-06-13,2022-06,Barrett Fire,['San Diego'],37,32.8134303,-116.5882585,65.0,100.0
2ea11a5a-70bd-4cea-bddc-466de28b4a8d,2022-06-27,2022-06,Roblar Fire ,['Sonoma'],49,38.323263,-122.796221,63.0,100.0
632bea0c-612e-42fa-8b27-b3514c734da2,2022-07-16,2022-07,Rainbow Fire,['Tehama'],52,40.010233,-122.433855,60.0,100.0
4c22250d-5076-4a2a-aaf8-58565c49f314,2022-06-05,2022-06,62 Fire,['Riverside'],33,33.59823,-116.23339,60.0,100.0
baa65866-c909-42c4-a414-63c31d1bb3cb,2022-08-18,2022-08,Quail Fire,['Los Angeles'],19,34.48202,-118.60811,53.0,100.0
b57e64d6-701c-475e-a048-b81d21bef97d,2022-07-01,2022-07,Table Fire,['Fresno'],10,37.013878,-119.576797,52.0,100.0
bb08947c-f887-4538-bb5e-1d5750b54249,2022-08-03,2022-08,Springs Fire,['Tuolumne'],55,37.84349,-120.50806,51.0,100.0
866407b4-2434-4d13-8a43-fa61f2d6a38d,2022-10-23,2022-10,Pleasant Fire ,['Inyo'],14,37.38939,-118.50091,50.0,100.0
8d4e0591-dd62-4c04-82f3-10eb76556cde,2022-08-20,2022-08,Pleasant Fire,['Nevada'],29,39.2805,-121.1329,48.0,100.0
93c25ae3-115d-465b-8994-c15b1b81b466,2022-05-16,2022-05,Coyote Fire,['Riverside'],33,33.886637,-116.900635,46.0,100.0
4612ddda-90b6-4733-a0a5-6bdeb622614b,2022-08-27,2022-08,Still Fire,['Nevada'],29,39.0543,-121.1103,44.0,100.0
398d0989-c034-4da7-854c-79e392d081b2,2022-07-17,2022-07,Bell Fire,['Mendocino'],23,39.90557,-123.598273,43.0,100.0
c7cb91c5-4423-4965-8f6d-ad9c711a376d,2022-07-27,2022-07,Apple Fire,['Yuba'],58,39.323167,-121.304167,39.0,100.0
a1c796a1-d98d-4420-acb5-f30924c7966d,2022-07-17,2022-07,Riosa Fire,['Placer'],31,38.9848309,-121.340201,38.0,100.0
7a9b1646-9b86-4721-b99d-9cfe02ba1fec,2022-07-13,2022-07,Harbison,['San Diego'],37,32.7947379,-116.8460273,37.0,100.0
e17479af-0314-4162-9c57-bbbf602b6f64,2022-08-04,2022-08,Smokey Fire ,['Siskiyou'],47,41.9708541,-122.7825581,34.0,100.0
4d357743-0767-467c-9d27-585e4466bcce,2022-07-31,2022-07,Shackleford Fire,['Siskiyou'],47,41.5734543,-123.0213226,31.0,100.0
a30a1a3f-e586-4351-a177-109e2108bf9c,2022-09-04,2022-09,Sandia Fire,['San Diego'],37,33.432924,-117.246996,30.0,100.0
39d88789-80ba-4a50-b96a-bddefd6593a3,2022-07-08,2022-07,Bay Fire,['Yuba'],58,39.300253,-121.372749,30.0,100.0
157977a9-25b9-4550-883e-13847244b92f,2022-07-05,2022-07,Jan-Dar Fire,['Butte'],4,39.42972,-121.430071,30.0,100.0
1445f422-faa3-4a74-84db-bb3e6b3526b2,2022-07-30,2022-07,Highway Fire,['San Bernardino'],36,34.312437,-117.3463886,28.0,100.0
2632aae9-5451-4021-b9ec-3c68909133a7,2022-08-29,2022-08,Ranch Fire,['Humboldt'],12,41.4626,-123.9477,26.0,100.0
3f3fd217-c2b6-444c-bf90-a2168bf9b40e,2022-06-23,2022-06,Timm Fire,['Solano'],48,38.42619,-121.97785,26.0,100.0
c20ca686-9666-4f4e-861e-bb6085d0e889,2022-05-17,2022-05,Poplar Fire,['Tulare'],54,36.051411,-118.98167,25.0,100.0
d3415864-268a-4304-ac6a-02714a23f2cb,2022-07-26,2022-07,Cable Fire ,['El Dorado'],9,38.75794,-120.63742,20.0,100.0
67d518ac-2edf-4809-bb0e-748ebe27f9a7,2022-07-06,2022-07,Nome Fire,['Mendocino'],23,39.8166571,-123.2055576,20.0,100.0
eb1d79f9-a00a-4fc8-b979-5fb00e24da0b,2022-06-21,2022-06,Edgewood,['Santa Cruz'],44,37.459222,-122.27742,20.0,100.0
90ff8cb6-8361-4442-8646-b8846bf2f7ea,2022-09-06,2022-09,Rosa Fire,['San Luis Obispo'],40,35.580125,-121.012313,16.0,100.0
d90dcd39-baef-4d4c-8774-16a02ca557df,2022-09-06,2022-09,Hill Fire,['Placer'],31,39.1252,-120.816083,11.0,100.0
4a03c163-2598-4adf-aec1-5c3dac41fa23,2022-04-27,2022-04,Platina Fire,['Shasta'],45,40.44412,-122.690559,10.0,100.0
a139a767-908f-4275-9314-f3fb47bd9155,2022-10-08,2022-10,Howard Fire,['Ventura'],56,34.560597,-119.167059,,
70bfeb43-3af8-4aa8-847c-07f0869d6f6d,2022-09-23,2022-09,Manzanita Fire ,['San Bernardino'],36,34.1776,-117.1529,,
cad849b4-be9c-4a47-889d-a1c1bcf2c085,2022-09-21,2022-09,Irie Fire,['Tulare'],54,36.007323,-118.752908,,
4eab4eb2-77d3-48df-bf15-40b61f15cccd,2022-09-09,2022-09,Eliza Fire,['Siskiyou'],47,41.793769,-122.692408,,
4716f4ca-2a6d-4e0f-a853-78803613cf03,2022-08-16,2022-08,Los Bueyes,['Monterey'],27,36.003814,-121.23129,,
4f42b108-2832-4a5e-a78a-3cfacd32c017,2022-08-10,2022-08,S-2 Fire,['Modoc'],25,41.649229,-120.008429,,
f8668270-1b0d-4d9c-b4dd-a80d144a4ef6,2022-08-08,2022-08,Rodgers Fire,['Mariposa'],22,37.954,-119.552,,
79d90782-1a7e-45a9-981c-7363ee233fc6,2022-08-06,2022-08,Six Rivers (SRF) Lightning Complex,"['Humboldt', 'Trinity']","12,53",40.9269568,-123.5862017,,
1b00894c-ef9d-49ea-8e3a-249179ce7ef4,2022-08-04,2022-08,Red Fire,['Mariposa'],22,37.661,-119.471,,
38a305cf-5af0-44c3-8d71-6120de29e82a,2022-07-30,2022-07,Yeti and Alex Fire,['Siskiyou'],47,41.868,-123.278,,
b0f0e47b-416f-498c-8239-fd3ddd7d6abc,2022-05-24,2022-05,Edward Fire,['Glenn'],11,39.761232,-122.229859,,
0363b353-f624-4d3f-9c0a-20a81a51e154,2022-04-14,2022-04,Valley Fire,['San Diego'],37,32.8647,-116.5185,,
14a709fe-bd83-4ee2-8901-975aa4c44608,2022-04-10,2022-04,Moonlight RX,['Plumas'],32,40.18494,-120.4849,,
fa9ec8b0-aa66-4e58-a84a-ca5cbc101692,2022-03-27,2022-03,72 Fire,['Riverside'],33,33.525345,-116.099728,,
e4391d31-46b5-49ad-b4d5-4a934b73d08b,2022-03-02,2022-03,Jim Fire ,['Orange'],30,33.6769121,-117.5181037,,
954a9ca6-3863-4a6f-b22f-fc6bb6fcef6c,2023-08-11,2023-08,Dry Creek Complex,['Tulare'],54,36.5323,-119.0113,301.0,100.0
93dec295-6159-4227-8b85-4ae3a7abe6bb,2023-12-15,2023-12,Pine Fire,['Kern'],15,35.5593,-118.8696,181.0,100.0
a56115f1-5eca-4dc1-b576-cbeb67ed4b5b,2023-05-15,2023-05,66 Fire,['Riverside'],33,33.569342,-116.092746,127.0,100.0
1c3481f5-3d33-40a2-8f24-5edbebc17d6c,2023-08-17,2023-08,Thirty Five Fire,['Glenn'],11,39.6194,-122.3287,109.0,100.0
c19ca405-6810-4097-b078-13fa9a7a6119,2023-08-04,2023-08,Boulevard Fire,['Kern'],15,35.0990626,-118.2951023,88.0,100.0
d9778b37-9886-453d-a5ea-0772b1b33073,2023-06-22,2023-06,Harney Fire,['Tuolumne'],55,37.8558452,-120.3728742,37.0,100.0
b7cb31c5-bc13-4655-ada4-80d16a36437c,2023-11-20,2023-11,Adams Fire,['Riverside'],33,33.809953,-116.246207,36.0,100.0
db81cfd7-c6f7-4fb6-9127-8d30939fcde2,2023-11-20,2023-11,Sierra Fire,['Riverside'],33,33.8438665,-117.46406,35.0,100.0
f9914d6e-0e0d-49ea-a754-5b380ce3cdf0,2023-09-26,2023-09,Meadow Fire,['Riverside'],33,33.753608,-117.279764,23.0,100.0
9f20e88a-c95e-494f-bc38-7708bac1b7a6,2023-05-30,2023-05,Sicard Fire,['Yuba'],58,39.2349,-121.3475,13.0,100.0
8cd5adf0-00de-4f9c-9d5d-2637f7c0972e,2023-04-26,2023-04,Nob Fire,['San Bernardino'],36,34.293103,-117.565833,,
d9e259d7-24d5-4e15-b9df-0c23fac25f9c,2023-08-15,2023-08,Smith River Complex,['Del Norte'],8,41.958269,-123.868447,95107.0,100.0
44335201-1bda-408e-8bed-ec84b650c770,2023-08-01,2023-08,York Fire,['San Bernardino'],36,35.191889,-115.317389,93078.0,100.0
ad8025a3-0060-49db-a048-bce567ee0a57,2023-08-20,2023-08,SRF Lightning Complex,['Humboldt'],12,41.017222,-123.611167,50198.0,100.0
2b9ad272-c3c1-4de1-870d-d35b1e383912,2023-08-16,2023-08,Happy Camp Complex,['Siskiyou'],47,41.777554,-123.045093,21725.0,100.0
8fd639fa-cdc5-4a0c-8b8a-7ee7887d30ad,2023-09-10,2023-09,Quarry Fire,['Tuolumne'],55,38.06095,-119.991667,9130.0,100.0
472e88dd-7121-4fb6-825c-91af4d5ed373,2023-07-14,2023-07,Rabbit Fire,['Riverside'],33,33.889467,-117.070916,8355.0,100.0
e3297f9e-f753-49b6-9cdf-78700edde34f,2023-08-19,2023-08,Plant Fire,['Santa Barbara'],42,34.9190169,-119.73328,5464.0,100.0
ac1b69c8-652d-428a-90eb-008eff0029d7,2023-08-06,2023-08,Almond Fire,['Kern'],15,35.614674,-119.835808,5228.0,100.0
47a47e9a-ab8a-4f4c-91fb-3504843cdf45,2023-08-16,2023-08,Deep Fire,['Trinity'],53,40.93686,-122.94871,4198.0,100.0
5608557c-4576-40ac-8f63-a8f428d62117,2023-08-15,2023-08,South Fork Complex,['Trinity'],53,40.623606,-123.662677,3929.0,100.0
35ef0b0b-5682-47f1-a9c7-b2258f072fc3,2023-08-16,2023-08,3-9 Fire,['Humboldt'],12,40.636317,-123.5797,2840.0,
55e9dd9a-0f62-4f5c-b3e3-3d63c0bfedec,2023-12-09,2023-12,South Fire,['Ventura'],56,34.327,-118.9938,2715.0,100.0
de8dad71-4393-449f-874b-8a6ce378f5b6,2023-10-30,2023-10,Highland Fire,['Riverside'],33,33.438207,-116.82307,2487.0,100.0
9140903a-8dd4-45f9-aac7-70921d3f1948,2023-07-27,2023-07,Bonny Fire,['Riverside'],33,33.4769,-116.7247,2323.0,100.0
29d92f74-bbef-483e-9cf5-4f45aa82a8ba,2023-08-01,2023-08,East Fire ,['Kern'],15,35.490591,-118.875657,1291.0,100.0
128eaf5b-0947-44d0-9df9-fd7975d0fe9d,2023-08-06,2023-08,No Name Fire,['Kern'],15,35.78611,-117.8875,1120.0,100.0
c6d831a8-19e0-40a0-807c-26e542c8f43b,2023-06-10,2023-06,Geology Fire,['San Bernardino'],36,33.896,-116.0533,1088.0,100.0
ef08a1c3-8626-4881-b25c-64b7a913d174,2023-07-07,2023-07,District Fire,['Kern'],15,34.8866,-118.9033,1044.0,100.0
c9ed4253-40dd-4388-8988-d832d313a728,2023-08-16,2023-08,SKU August Lightning Complex,['Siskiyou'],47,41.2477,-121.5041,838.0,100.0
db55b282-4079-4a2a-beb8-e85f42b0491b,2023-08-16,2023-08,Bitter Fire,['San Luis Obispo'],40,35.4854,-120.0574,695.0,100.0
5bdb8a5f-58a5-4fb3-b1d3-5487a7acdc05,2023-06-18,2023-06,Slough Fire,['Fresno'],10,36.5737,-120.188,640.0,100.0
0a2ff66b-76bc-4671-9afe-a2023060b6d9,2023-08-09,2023-08,Rock Fire,['Riverside'],33,33.871189,-117.150639,531.0,100.0
b552934b-98f7-48dd-bbd5-33e1caf89817,2023-08-16,2023-08,Slide 1 Fire,['Tehama'],52,40.036944,-122.855,473.0,100.0
243c4ae4-f7eb-44f4-b5e8-ff8c4baaccd5,2023-08-17,2023-08,Coyote Fire,['San Diego'],37,32.6347,-116.6415,466.0,100.0
eb2196cc-8ecb-49f6-ae21-a832da54a663,2023-07-14,2023-07,Reche Fire,['Riverside'],33,33.9835,-117.2169,436.0,100.0
287f3a55-d3a6-4273-ad3c-c66910a12cb9,2023-07-25,2023-07,Agua Fire,['Los Angeles'],19,34.438333,-118.326389,421.0,100.0
5fedc370-e53e-4751-b259-1f52dc429ab3,2023-07-10,2023-07,Vineyard Fire,"['Monterey', 'San Luis Obispo']","27,40",35.8,-120.8169,391.0,100.0
e44f5b6b-c6e6-461a-a9ab-d442e08de3ea,2023-05-22,2023-05,Ramona Fire,['Riverside'],33,33.823424,-117.033714,338.0,100.0
e013877e-7837-435f-8bb1-692b68a37f8e,2023-07-15,2023-07,Gavilan Fire,['Riverside'],33,33.817004,-117.358124,336.0,100.0
8e5b1375-7f14-4731-aa73-86e5db2e7f70,2023-07-20,2023-07,Idria Fire,['San Benito'],35,36.490487,-120.801732,296.0,100.0
c5c1319d-b98a-4b1e-ac51-65d2f1c2de6f,2023-10-06,2023-10,Green Fire,['San Luis Obispo'],40,35.5421,-120.9739,243.0,100.0
1c646b82-e568-4051-a642-059744a09eab,2023-11-09,2023-11,Sun Fire,['Santa Barbara'],42,34.55742,-120.32318,211.0,100.0
bdbc6903-5fea-4b29-9ddf-874bfd7174c8,2023-08-09,2023-08,Bunnie Fire,['San Diego'],37,32.994676,-116.855731,184.0,100.0
3501b740-d8be-4b0b-a0c8-cf6c923ee810,2023-07-24,2023-07,Wonder Fire,['Shasta'],45,40.7316228,-122.3232056,162.0,100.0
c57a1ed5-5b24-41ed-aca4-703339726e05,2023-06-18,2023-06,Rocky Fire,['Tulare'],54,36.3002,-119.0828,141.0,100.0
4882ca86-e46f-429b-bc3c-194654bfb01f,2023-07-19,2023-07,Oak Fire,['Riverside'],33,34.0182,-117.4261,137.0,100.0
a788f3ff-73ff-49e0-b65c-95bbb851df2e,2023-06-03,2023-06,Valley Fire,['Tulare'],54,36.0322,-118.8582,135.0,100.0
87f3453c-ba4e-40dd-930d-c666ce049af1,2023-10-30,2023-10,Lizzie Fire,['San Luis Obispo'],40,35.2808,-120.644,124.0,100.0
8b46c737-a036-4e58-9d8c-4de0b9879e68,2023-05-30,2023-05,Pistol Fire,['Fresno'],10,36.9466,-119.6801,123.0,100.0
f37b0f27-4097-482c-a948-71c62940911e,2023-06-16,2023-06,Scott Fire,['Yuba'],58,39.3256,-121.3686,115.0,100.0
4511ebf3-f3d7-4c2d-9299-ec8ff974582e,2023-06-01,2023-06,Orange Fire,['Fresno'],10,36.678,-119.2971,108.0,100.0
e8f155bc-20c6-4344-b5dc-69ce1d0b8613,2023-07-14,2023-07,Highland Fire,['Riverside'],33,33.907342,-116.946498,105.0,100.0
5d6d342e-3696-4de4-a730-a89de03df378,2023-07-02,2023-07,Gann Fire,['Calaveras'],5,38.114444,-120.798285,105.0,100.0
6444fb86-d180-4a36-98fe-e2959a14965d,2023-07-28,2023-07,Sunset Fire,['Riverside'],33,33.9372,-116.9081,103.0,100.0
6b4212c5-b9c5-4813-9b45-50620406071e,2023-06-17,2023-06,Snell Fire,['Napa'],28,38.6994,-122.4379,103.0,100.0
6550e4e3-ef7f-4ebd-87ca-4a4244fdffd2,2023-07-30,2023-07,Shell Fire,['San Luis Obispo'],40,35.458459,-120.334625,100.0,100.0
e595da7d-9cd4-48a3-9b11-5363cfd066e1,2023-08-03,2023-08,Almond Fire,['Riverside'],33,33.91436,-116.76111,95.0,100.0
c56682cd-d6d6-47fe-bcaa-e0f77339f604,2023-06-27,2023-06,Nice Fire,['San Bernardino'],36,34.0568,-117.0957,90.0,100.0
471a442e-3c6c-49d3-a1da-c6539336f975,2023-07-18,2023-07,Stony Fire,['Glenn'],11,39.6685,-122.5259,89.0,100.0
09e1c7bf-e40b-4843-b245-917cb162130b,2023-07-30,2023-07,Flynn Fire,['Alameda'],1,37.7356,-121.6065,80.0,100.0
21d01f9d-fc51-4a0a-88ca-06f934ea2cae,2023-08-11,2023-08,Hernandez Fire,['San Benito'],35,36.4392121,-120.9783812,75.0,100.0
fa24f204-d45e-479f-8437-4ce009874df9,2023-06-25,2023-06,Balfour Fire,['Contra Costa'],7,37.9143,-121.7676,74.0,100.0
ffa56129-0d5e-4ec5-bfae-3440757d9deb,2023-08-17,2023-08,Cochrane Fire,['Santa Clara'],43,37.18725,-121.67208,72.0,100.0
bbfed8a2-9c91-4e38-92cd-374d6fdee02a,2023-06-05,2023-06,Range Fire,['Monterey'],27,36.4647,-121.3319,72.0,100.0
9d067cfd-3688-464f-916f-95cb7793169b,2023-07-12,2023-07,Liberty Fire,['Amador'],3,38.2387,-121.0089,71.0,100.0
44518f29-7ba2-45c1-b6f6-13e3556ee941,2023-07-25,2023-07,Victor Fire,['Los Angeles'],19,34.356691,-118.507954,70.0,100.0
4769737e-f0b5-48c0-9b39-90db40414a7d,2023-08-09,2023-08,Cemetery Fire,['Butte'],4,39.377918,-121.68793,68.0,100.0
b76fe4cb-c4c1-423a-a62c-49a9686033c3,2023-08-03,2023-08,Clayton Fire,['Santa Clara'],43,37.368648,-121.464716,68.0,100.0
1c823bea-8d80-4560-9888-91fe81366451,2023-06-27,2023-06,Juniper Fire,['Riverside'],33,33.787329,-117.330286,68.0,100.0
a17adb99-eed2-4669-91b2-aecc302fdab9,2023-12-09,2023-12,Elm Fire,['Riverside'],33,33.9007,-116.7635,65.0,100.0
6401556e-3e19-467b-8c26-af4a20864672,2023-07-26,2023-07,Turkey Fire,['Butte'],4,39.446994,-121.399989,65.0,100.0
cc8b9e35-5e0f-48e0-81da-15fab9bfaee2,2023-06-03,2023-06,Panoche Fire,['Fresno'],10,36.7536,-120.8991,65.0,100.0
1d1c4ff0-544e-425a-b558-f5e3ca586bea,2023-07-09,2023-07,Park Fire,['San Diego'],37,32.6003,-116.5836,64.0,100.0
5b23e547-15ae-4b24-a9dd-6d8a8298c0cd,2023-08-01,2023-08,Beale Fire,['Kern'],15,35.403564,-120.181725,61.0,100.0
cdc613c3-c746-4f0d-b295-f15fc7e67277,2023-06-23,2023-06,Peoria Fire,['Yuba'],58,39.258,-121.3801,59.0,100.0
13c0aa67-6f1a-4471-8f05-0d8810bd55e4,2023-07-11,2023-07,Carbon Fire,['Amador'],3,38.43948,-120.98731,58.0,100.0
1c29b20c-8287-49e7-88da-a057174c5b25,2023-07-06,2023-07,Day Fire,['Riverside'],33,33.837311,-117.278984,56.0,100.0
6c0acbd1-309a-4555-9161-3b757f38d2cc,2023-09-16,2023-09,Caliente Fire,['Kern'],15,35.2674,-118.616,55.0,100.0
2b5b710e-acec-4818-9d26-22062a75d793,2023-08-14,2023-08,Trotter,['Kern'],15,35.1387962,-118.6027987,52.0,100.0
91e89644-a6fc-4216-a9bb-b7f52e8d3093,2023-12-22,2023-12,Border 42 Fire,['San Diego'],37,32.6036,-116.7718,50.0,100.0
28eb14f9-bffb-482a-bcec-fab0c149e6cb,2023-10-06,2023-10,Williams Fire,['Monterey'],27,36.0295,-121.07148,44.0,100.0
03aa73f8-24a4-49f7-a634-a705d1632a21,2023-06-20,2023-06,Garbani Fire,['Riverside'],33,33.656034,-117.201092,43.0,100.0
6ebb5e9c-a73e-4685-8e58-2aa653e922f4,2023-11-23,2023-11,Sage Fire,['San Diego'],37,32.723389,-116.891493,39.0,100.0
7452e778-443b-4a4d-8cfd-8972832332f2,2023-07-05,2023-07,Lincoln Fire,['Riverside'],33,33.583941,-116.078906,39.0,100.0
4898fc42-90a5-4d10-8c7d-f21150e6f0c9,2023-06-21,2023-06,Black Wood Fire,['San Diego'],37,32.734788,-116.34461,37.0,100.0
8cb88028-9b7f-49a9-be2d-6d81c7e06193,2023-10-07,2023-10,Wiley Fire,['Solano'],48,38.265241,-121.981732,36.0,100.0
9f0e025e-d6d3-482c-81e4-d3e0f50c9e41,2023-08-06,2023-08,Pass ,['San Diego'],37,32.68535,-116.3017,36.0,100.0
1df129dd-265c-450d-a605-b46d82ca0436,2023-08-01,2023-08,Haberkern Fire,['Kern'],15,36.7611111,-119.988888,35.0,100.0
a62c68f5-5a19-4dec-87f5-215a97726276,2023-07-11,2023-07,Spring Fire,['Riverside'],33,33.9364,-117.124,35.0,100.0
67943cd3-69db-40b5-ad6f-64eff64cbb1e,2023-07-04,2023-07,Roundup Fire,['San Bernardino'],36,34.38695,-117.186767,34.0,100.0
9e60d69f-373a-45db-b23f-cebb88b82aaf,2023-07-25,2023-07,Long Fire,['Fresno'],10,36.6932792,-119.1521739,33.0,100.0
155dba26-11cd-4f55-8cc5-09c93ce7155e,2023-07-06,2023-07,Frog Fire,['Riverside'],33,33.479,-117.0575,33.0,100.0
6d65a6f6-b12a-4ed9-94b9-7f90246c8615,2023-09-10,2023-09,Knoll Fire,['Calaveras'],5,38.18291,-120.7942,32.0,100.0
7b626e88-ef6d-4669-b7b7-d36e0ecaaf14,2023-06-15,2023-06,Frank Fire,['Tehama'],52,40.2869,-122.5955,32.0,100.0
d2ced711-9481-45ca-9d1b-943352d05fac,2023-07-11,2023-07,Snake Fire,['Riverside'],33,33.7505,-117.348,30.0,100.0
e9755bce-f853-4b18-82b7-cdf0921d62a5,2023-08-01,2023-08,RV Fire,['Merced'],24,36.9648,-120.8839,29.0,100.0
4adc26cb-281f-44ef-b6e2-f3509f1c03be,2023-09-06,2023-09,Creek Fire,['Lake'],17,38.903333,-122.601667,28.0,100.0
8ae10edc-77d0-4df3-a398-846bea7acac0,2023-08-04,2023-08,Ridge Fire,['Shasta'],45,40.735974,-122.624538,28.0,100.0
7ee1424d-3aab-465e-9094-280e5cd5b83e,2023-06-30,2023-06,Champagne Fire ,['Kern'],15,34.9516,-118.4252,25.0,100.0
bc067439-ea43-4ce0-b4ec-66d20bae7804,2023-06-21,2023-06,Viper Fire,['Riverside'],33,33.984167,-117.138268,25.0,100.0
17f58280-2631-440e-9bca-cbdea1e5e373,2023-06-10,2023-06,Gulch Fire,['Mariposa'],22,37.4404,-120.1499,25.0,100.0
e90b6420-76a9-424b-8e26-67422eadc6a0,2023-10-29,2023-10,Border 34 Fire,['San Diego'],37,32.598,-116.9196,24.0,100.0
417b7148-f644-4919-880f-8d529e1f8b95,2023-06-28,2023-06,Crane Fire,['Fresno'],10,36.8675,-119.0137,24.0,100.0
b57f434d-f307-4055-b47b-e49337374dd9,2023-07-17,2023-07,Lodoga Fire,['Colusa'],6,39.2694,-122.466,22.0,100.0
7634b4c2-6a78-4aed-9e5b-d11c26faf384,2023-06-14,2023-06,Henderson Fire,['Lake'],17,39.023,-122.7145,21.0,100.0
55585f3b-648c-476d-bccb-e2939fd1a670,2023-08-01,2023-08,Nuevo Fire,['Riverside'],33,33.7995,-117.11938,20.0,100.0
3e418d3a-f64b-48cf-9a0a-f6f893ddf75c,2023-07-29,2023-07,Scodie Fire,['Kern'],15,35.6967,-118.2148,20.0,100.0
8c3a32c0-30c7-4837-94ef-cc27f9783df4,2023-07-05,2023-07,Bernasconi Fire,['Riverside'],33,33.838928,-117.153554,18.0,100.0
08b36383-406f-49a5-bf71-0c629c3c0010,2023-08-02,2023-08,Stanley Fire,['Riverside'],33,33.602019,-116.84334,16.0,100.0
7deacf45-3e46-48fd-b0ba-fdd89f65d574,2023-11-15,2023-11,Manzanita Fire,['Riverside'],33,33.839416,-117.003584,15.0,100.0
33f3bc95-bab6-445a-95d0-58b7cd247431,2023-07-19,2023-07,Juniper Fire,['Fresno'],10,36.1132,-120.5689,15.0,100.0
5907b233-4523-4bdf-aef2-e02c1f8c4d68,2023-06-09,2023-06,Rodeo Fire,['Fresno'],10,36.70984,-119.304258,15.0,100.0
81a42060-b157-40e7-bbb0-a9371a2435c3,2023-09-12,2023-09,Alta Fire,['Napa'],28,38.3702,-122.1796,14.0,100.0
f20ef989-476d-4e60-8b32-b61d9f211e1a,2023-07-04,2023-07,Peter Fire,['Los Angeles'],19,34.516944,-118.193056,14.0,100.0
d372cad1-7e39-4973-87fc-3e400acc081e,2023-12-05,2023-12,Border 38 Fire,['San Diego'],37,32.5666,-116.7986,13.0,100.0
f5489c15-8095-4a6a-a3c1-76f78cb9cb18,2023-11-14,2023-11,Lamb Fire,['Riverside'],33,33.85008,-116.99867,13.0,100.0
bbd4db04-faef-41c7-9422-ee1393ca1b1f,2023-07-14,2023-07,Pulsar Fire,['Riverside'],33,33.821929,-117.068009,12.0,100.0
93936963-a4c7-406a-9d8e-8ee11aa68e40,2023-07-11,2023-07,Rider Fire,['Riverside'],33,33.8302,-117.2616,12.0,100.0
d8c6de46-8d1b-4e04-b3fe-c9212ce92fd3,2023-07-12,2023-07,Avocado Fire,['Riverside'],33,33.505725,-117.300098,10.0,100.0
c2deabb9-7935-4a0a-8fba-4d4005e4bf1c,2023-05-22,2023-05,Point Fire,['Shasta'],45,40.417676,-122.47542,10.0,100.0
c577f6b5-b79e-4e61-b0da-f14fd1bc6dcd,2023-10-18,2023-10,Stanley Fire,['Riverside'],33,33.592915,-116.857302,5.0,100.0
0ad26a5e-a80c-4d00-a76a-a59c1b098e71,2023-11-12,2023-11,Midway Fire,['Kern'],15,35.15773,-119.58333,,
8b16db9f-44f5-4559-b53f-8f01a916c91c,2023-10-14,2023-10,King Fire,['Madera'],20,37.2147,-119.3594,,
f145f362-b7fb-45e3-b98d-6583488db4f7,2023-10-13,2023-10,Avenales Fire,['San Luis Obispo'],40,35.2087,-120.1924,,
a64fd824-e68a-43a8-bbeb-b153e0c752d6,2023-10-06,2023-10,Grade Fire,['Santa Barbara'],42,34.5423,-120.1959,,
057328b4-b239-4e07-ba59-441522e6a47e,2023-08-16,2023-08,Highway Fire,['Nevada'],29,39.339386,-120.788152,,100.0
f739b56d-fda4-4689-9ced-2fd015afe169,2023-08-12,2023-08,Rinconada Fire,['San Luis Obispo'],40,35.0832,-120.0175,,
3178236b-9195-40af-93c6-34e7d13f405a,2023-08-02,2023-08,Tecuya Fire,['Kern'],15,34.847129,-118.997325,,
efb46e4a-b101-41ab-9085-9121ccaf5232,2023-07-09,2023-07,Village Fire,['Riverside'],33,34.0204,-117.5072,,
c65b1fd8-47f9-4c0f-9512-a444137f9371,2023-07-03,2023-07,Whiskey Fire,['Madera'],20,37.193819,-119.46781,,100.0
8fd8a93e-1959-4382-9861-979a77194624,2023-06-17,2023-06,Wildcat Fire,['Fresno'],10,36.9351,-119.2043,,100.0
372264df-a6df-41b0-91b1-6b1ed6547a11,2023-05-21,2023-05,Johnson Fire,['Riverside'],33,33.4626,-116.0614,,
cdbc2cd1-1679-4161-9235-df8e7137efa1,2024-07-24,2024-07,Borel Fire,['Kern'],15,35.515,-118.6836,59288.0,100.0
81e678d0-6b80-4a16-b8a6-1ec5a4fe0ba0,2024-09-08,2024-09,Bridge Fire,"['Los Angeles', 'San Bernardino']","19,36",34.2396,-117.7625,56030.0,100.0
44d60d5a-522f-4c9f-ba55-ae09e9d2c973,2024-09-09,2024-09,Airport Fire,"['Orange', 'Riverside']","30,33",33.6676762,-117.566221,23526.0,100.0
930c1a59-da0b-4b83-a3ae-af875cb8fd55,2024-10-09,2024-10,Shoe Fire,['Shasta'],45,40.923444,-122.10167,5124.0,100.0
9962f124-7701-443e-97b3-d6f64f5e673d,2024-07-30,2024-07,Pedro Fire,"['Mariposa', 'Tuolumne']","22,55",37.689773,-120.31848,3815.0,100.0
56cc02b3-4dfb-4509-b3d2-c5bdb7481abd,2024-07-21,2024-07,Eagle Fire,['Riverside'],33,33.824352,-117.502905,1609.0,100.0
0c244aa0-4712-4a7c-93d6-42607825a950,2024-07-13,2024-07,Rim Fire,['Lassen'],18,40.90368,-121.160755,1262.0,100.0
4f825f9d-08d2-4ad6-87fd-d5152ad6b4ce,2024-07-23,2024-07,Metz Fire,['Monterey'],27,36.3404047,-121.199629,1100.0,100.0
df887f12-c34a-4487-aeb2-ab0f3788237c,2024-10-18,2024-10,Hay Fire,['Solano'],48,38.3151744,-121.8584227,869.0,100.0
fed9e05e-5772-41f1-a4f0-9318519d2691,2024-09-01,2024-09,Record Fire,['Riverside'],33,33.8126,-116.9476,517.0,100.0
ce64ef4a-565d-46db-b94c-b0436644cf7f,2024-04-27,2024-04,Refuge Fire,['Fresno'],10,36.730979,-120.360998,483.0,100.0
d9b21406-7000-42b7-bed6-7bd26a8d64a7,2024-08-11,2024-08,Blue Fire,['Kern'],15,35.33324,-118.419612,427.0,100.0
e9b91c35-173f-4e81-a03a-cd63fac47e5e,2024-06-29,2024-06,Round Fire,['Riverside'],33,33.94343,-117.061943,344.0,100.0
f36370f9-c5e3-4a22-840b-aebc4652737e,2024-09-08,2024-09,Cotton Fire,['Fresno'],10,36.639321,-120.30277,314.0,100.0
17e1886c-3b88-4b34-8e60-95fb5cd349de,2024-07-30,2024-07,Border 66 Fire,['San Diego'],37,32.5736,-116.6961,300.0,100.0
266dcba8-5dd3-467d-988f-a49f8166694b,2024-09-04,2024-09,Post Fire,['Riverside'],33,33.773143,-117.297767,264.0,100.0
3d2b78af-b20b-4aaa-8f93-9ac3097cd705,2024-11-29,2024-11,Canyon Crest Fire,"['Riverside', 'San Bernardino']","33,36",34.034077,-117.481178,254.0,100.0
59ae65d6-def2-4848-8cad-5ebec969cc16,2024-07-21,2024-07,Coyote Fire,['Calaveras'],5,38.031044,-120.852597,203.0,100.0
0df347a3-2aa0-463d-bb06-2ecc2f5275c6,2024-06-29,2024-06,Cotton Fire,['San Luis Obispo'],40,35.782724,-120.202099,202.0,100.0
597e7925-6013-4b71-a67a-ddaeec31b92a,2024-07-13,2024-07,Soda Fire,['San Luis Obispo'],40,35.009077,-119.531779,161.0,100.0
dec6ffd5-3d2f-4357-9711-dab662722c58,2024-07-21,2024-07,Tin Fire,['Riverside'],33,33.847742,-117.461546,125.0,100.0
7930514e-cc59-4b33-b931-790e3c9d60bb,2024-10-09,2024-10,Bahrman Fire,['Riverside'],33,33.555137,-116.683446,110.0,100.0
cc78abb3-6b9f-4285-93c4-0466946916d2,2024-08-10,2024-08,Lower Fire,['Shasta'],45,40.581893,-122.449341,110.0,100.0
22229c97-8035-4ba8-b1a2-1965107977ed,2024-04-04,2024-04,Cartago Fire,['Inyo'],14,36.316401,-118.026767,104.0,100.0
6710ee55-96da-4c8d-9e8f-db171fbf0bf1,2024-08-15,2024-08,Zarzo Fire,['Mariposa'],22,37.630738,-120.313718,103.0,100.0
18a08d2e-68bf-46af-84eb-40cdb3e20e87,2024-06-28,2024-06,Spring Fire,['Tehama'],52,40.402809,-121.994709,99.5,100.0
5d5a2374-c01e-4d87-9cf5-71dd9cce0c9a,2024-11-23,2024-11,Border 77 Fire,['San Diego'],37,32.5891998,-116.9079487,98.1,100.0
f7ed042a-a219-44ef-b856-a6ec000fc194,2024-07-23,2024-07,Oakdale Fire,['Merced'],24,37.430142,-120.541611,96.0,100.0
af6e0e0e-af49-4dbf-98c9-c36b1028eed7,2024-05-03,2024-05,Virginiatown Fire,['Placer'],31,38.902253,-121.201005,95.0,100.0
24a84ad7-76f0-4880-94d6-15afe21ba92c,2024-07-10,2024-07,Panoche Fire,['San Benito'],35,36.6067,-120.8765,93.0,100.0
3072d494-4c71-4f31-af3e-6b20ab08421a,2024-08-23,2024-08,Refugio Fire,['Santa Barbara'],42,34.506,-120.064,86.0,100.0
ba712fe1-2523-473e-80ff-9bfbfdfa39dd,2024-07-21,2024-07,Peach Fire,['Monterey'],27,36.1933173,-120.777302,80.0,100.0
ca854fbb-92a1-4142-8155-4efd9c0f3906,2024-06-30,2024-06,Canyon Fire,['Stanislaus'],50,37.438803,-121.335653,80.0,100.0
157f43e4-79ff-4a63-a4bb-199894edc0f4,2024-08-24,2024-08,Summit Fire ,['San Bernardino'],36,34.318425,-117.340037,76.0,100.0
379a65b6-ab70-44c9-bf5c-9e175516dddd,2024-08-12,2024-08,Reservoir Fire,['Lake'],17,39.07015,-122.509941,68.0,100.0
85f2400b-f8c9-461b-9a89-8e90dccd5196,2024-07-28,2024-07,Walnut Fire,['Riverside'],33,33.826534,-117.257982,68.0,100.0
ae054933-c432-48fc-8842-23614a7a3139,2024-08-10,2024-08,Mack Fire,['Riverside'],33,33.822694,-117.282555,63.0,100.0
b15dcd50-3ff0-4910-b004-2f6842ebc8fa,2024-07-24,2024-07,Scales Fire,['Tehama'],52,40.356228,-122.283667,59.0,100.0
04939a1e-e735-4c6f-8148-4ca8a58e263c,2024-07-22,2024-07,Columbia Fire,['Riverside'],33,33.999524,-117.32122,57.7,100.0
81fa266f-2ad8-4826-a316-faf872deae23,2024-07-05,2024-07,Dersch Fire,['Shasta'],45,40.494374,-122.04948,57.0,100.0
aad4f00a-f28f-414d-83d4-9e40976fea36,2024-08-08,2024-08,Valley Fire,['Madera'],20,36.954837,-120.291882,55.0,100.0
5d2a9d0a-2883-4ad1-8dfc-35d9e9b5402e,2024-09-09,2024-09,Sunset Fire,['Riverside'],33,33.917991,-116.91162,54.0,100.0
b213ec11-15c6-495e-9e4e-01555ab35215,2024-08-05,2024-08,Edgehill Fire,['San Bernardino'],36,34.1516679,-117.3043742,54.0,100.0
43d81aa4-9deb-4235-bfdd-332cb4d60f16,2024-09-15,2024-09,Cougar Fire,['Sonoma'],49,38.145843,-122.485218,53.0,100.0
b5803b5d-30ac-4638-8be4-b29eb4386d6d,2024-07-02,2024-07,Moccasin Fire,['El Dorado'],9,38.63826,-120.774929,51.0,100.0
698b289b-437c-4961-b187-c1f03a8edbe6,2024-11-06,2024-11,Broad Fire,['Los Angeles'],19,34.033917,-118.704833,50.0,100.0
6115c00f-5f33-43e2-9c4b-9f964af393e2,2024-10-19,2024-10,Gilardi Fire,['San Luis Obispo'],40,35.342748,-120.758104,50.0,100.0
da3ce6fb-d828-4f22-bff2-ca124a86db5b,2024-07-24,2024-07,Bullion Fire,['Mariposa'],22,37.51019,-120.046081,50.0,100.0
df5eebdf-6814-41e1-ac31-0b4baebfd5fa,2024-11-08,2024-11,Garden Fire,['San Diego'],37,33.33393,-117.18097,48.0,100.0
5f6960bc-d915-41c0-8cf0-0a3b7f0af755,2024-07-14,2024-07,Horse Fire (Previously 3-7),['Lassen'],18,40.9067636,-121.179979,42.0,100.0
98ef38c2-a266-4900-9430-bc73c8c36e83,2024-11-06,2024-11,Lemon Fire,['Tulare'],54,36.393723,-119.011663,40.0,100.0
d83e6e6e-75c6-4deb-b026-50e59a5818a3,2024-09-02,2024-09,Hwy 152 E/ Rd 13 Fire,['Madera'],20,37.083449,-120.310758,40.0,100.0
48e43173-82a0-4573-b842-06bec1d05ee5,2024-05-08,2024-05,Almond Fire,['Riverside'],33,33.903392,-116.774124,40.0,100.0
17437fdc-6fd9-4132-95bb-7503ef251af6,2024-08-22,2024-08,Beach Fire,['Riverside'],33,33.9689911,-117.49379,34.0,100.0
6ce41fb6-2d1a-41d1-abdb-678ada7d66b1,2024-08-22,2024-08,Edna Fire,['Riverside'],33,33.9009,-116.869456,33.0,100.0
683af4f3-37ca-4c1d-81f3-5348ffbfee2c,2024-07-22,2024-07,Tar Fire,['Kings'],16,35.960403,-120.154889,32.0,100.0
6a7b4fc4-4246-4629-a001-f0a5e3bac50d,2024-07-17,2024-07,Plantation Fire,['Modoc'],25,41.842269,-120.341894,31.2,100.0
3b60ebfe-2fd6-4f0d-9a88-22d1e0c0941a,2024-06-30,2024-06,Brentwood Fire,['San Luis Obispo'],40,35.279739,-119.95363,29.8,100.0
b1dd28a1-5757-4b62-83e2-71ec6e3a36ff,2024-08-24,2024-08,Proctor 8 Fire,['San Diego'],37,32.675679,-116.92502,27.0,100.0
b12d1a65-9cf4-4706-af93-bed155dedb27,2024-06-28,2024-06,Lime Fire,['Calaveras'],5,38.197384,-120.80076,27.0,100.0
100b8102-e9f6-411f-9440-26b92b8ebe94,2024-10-07,2024-10,Wood Fire,['Humboldt'],12,40.176118,-123.820482,26.4,100.0
763e1a5b-4887-40e0-8289-1b5deb8feb10,2024-07-24,2024-07,R-6 Fire,['Lassen'],18,40.914833,-120.0485,26.4,100.0
45291c5b-03f9-417f-b120-480be9b60315,2024-09-07,2024-09,Canary Fire,['San Diego'],37,33.44756,-117.40342,25.0,100.0
32a55d22-1435-4014-a3c9-9cdaaaadac9f,2024-08-14,2024-08,Bruns Fire,['Contra Costa'],7,37.809344,-121.604861,25.0,100.0
40dd06ef-4937-4646-8950-849397eba75f,2024-07-02,2024-07,Denverton Fire,['Solano'],48,38.242509,-121.91466,25.0,100.0
23f4bb39-1e52-4d25-8f39-8ac42edcdc8d,2024-11-08,2024-11,Resort 2 Fire,['San Diego'],37,33.286514,-116.64017,24.9,100.0
e9d7f3de-d031-42d9-8a43-50fa01a145b8,2024-10-11,2024-10,Miles Fire,['Riverside'],33,33.733233,-117.441832,23.0,100.0
9b8db758-3c0f-4e03-9bb0-de3c96a3154d,2024-10-02,2024-10,Bear Fire,['Humboldt'],12,40.471128,-123.654313,22.5,100.0
4190d31c-2571-40cc-9f84-bbc320ff9b62,2024-07-02,2024-07,Border 60 Fire,['San Diego'],37,32.582559,-116.616755,22.5,100.0
a4abc467-5ae9-417d-b3e2-3d3469e698f1,2024-09-11,2024-09,Kelso Fire,['Alameda'],1,37.7952949,-121.6060708,22.0,100.0
d34989e6-3964-42c4-a25a-05d0530bb505,2024-08-03,2024-08,Tahoe Fire,['Merced'],24,37.353634,-120.507495,22.0,100.0
1a69fba3-9511-4978-b8ec-3392d6a64973,2024-06-30,2024-06,Indigo Fire,['Los Angeles'],19,34.45733,-118.64093,21.6,100.0
c76f540e-925a-48a7-8451-ff02c3705b49,2024-07-28,2024-07,Museum Fire,['Riverside'],33,33.856642,-117.204108,21.0,100.0
0eabd5ea-c1e1-421a-a70a-12285cdaf62e,2024-09-17,2024-09,Rosa Fire,['Santa Barbara'],42,34.59556,-120.35679,20.0,100.0
058435b8-9372-466c-8073-fb8d34ba5ce0,2024-07-27,2024-07,Dockery Fire,['Fresno'],10,36.573716,-119.601794,20.0,100.0
6c0ae648-b287-4a3f-9c12-2c5f26494e86,2024-07-23,2024-07,Beaver Fire,['San Benito'],35,36.362544,-120.802733,19.0,100.0
8417ba5b-e0ba-41f5-b811-71a9cb477a6f,2024-09-04,2024-09,Chapman Fire,['Riverside'],33,33.472372,-116.651385,18.0,100.0
22d0590d-60a8-488c-9ca9-605e686473a5,2024-07-04,2024-07,Sotelo Fire,['Riverside'],33,33.72325,-117.23049,17.0,100.0
697597c5-38dd-4db4-8f1a-e9d53c56b2e5,2024-07-03,2024-07,Adams Fire,['Lake'],17,38.91033,-122.607362,16.0,100.0
74364d0b-b018-41f3-b821-ac5be7306645,2024-09-06,2024-09,Cove Fire,['Riverside'],33,33.758174,-116.738699,15.0,100.0
e5bfa9bc-cd0f-4475-8a2d-f48c1373a94d,2024-07-31,2024-07,Dino Fire,['Merced'],24,37.068124,-121.213195,15.0,100.0
55bd9617-c8cc-4062-b75b-8ed05328605d,2024-07-23,2024-07,Juniper Fire,['Riverside'],33,33.757839,-117.112942,15.0,100.0
ab92e028-2483-4b95-93e6-76ff79061676,2024-10-19,2024-10,Lost Fire,['Fresno'],10,36.03643,-120.182476,13.0,100.0
3f6feca8-33d6-4a2f-ac4f-163cd64c2821,2024-07-27,2024-07,Riley Fire,['Mendocino'],23,39.418982,-123.590238,12.2,100.0
deffd3c6-f488-48d9-8ec0-43cf23d26e44,2024-04-30,2024-04,Billy Fire,['Merced'],24,37.020145,-120.99063,12.0,100.0
41337847-3e75-4091-96cb-a992c9563a13,2024-10-13,2024-10,Marvin Fire,['Riverside'],33,33.8185182621934,-117.076404666916,11.6,100.0
67cb1820-f2c6-4b7e-a172-c23a87e84f3a,2024-08-04,2024-08,Franklin Fire,['Riverside'],33,33.671261,-117.318087,11.5,100.0
ab5d40ea-130e-400d-9329-be910ce20dd6,2024-09-23,2024-09,Antonio Fire,['Sonoma'],49,38.187148,-122.656105,11.0,100.0
6cd5af98-a8ec-4d4b-aa64-ec6248c58096,2024-08-10,2024-08,Mission Fire,['Riverside'],33,33.640118,-117.292525,11.0,100.0
5036da8f-717a-4a81-88b2-8d719d2c19e3,2024-07-30,2024-07,Eagle Fire,['San Luis Obispo'],40,35.7205881,-120.561774,11.0,100.0
e02d609f-2db6-42a9-b929-368c1ffe018c,2024-07-20,2024-07,Lookout Fire,['Madera'],20,37.3137,-119.6859,11.0,100.0
ac4229e1-c4aa-498e-b407-4c19021a5cee,2024-07-07,2024-07,Post Fire,['Riverside'],33,33.788907,-117.293584,11.0,100.0
2a21f77a-0db4-4cd9-b1a6-3af4ead89e8d,2024-07-03,2024-07,Slough Fire,['Sacramento'],34,38.493205,-121.161253,11.0,100.0
6fb9c69a-49be-4edc-8a5f-96d49df32cb1,2024-10-03,2024-10,Two Mile Fire,['Colusa'],6,39.218344,-122.153187,10.0,100.0
8848b58e-de98-46b8-bf67-914b2bbf2587,2024-09-05,2024-09,Midway Rd Fire,['Merced'],24,37.055082,-120.750881,10.0,100.0
95290f3c-9c14-4249-9665-a14c14f29aab,2024-08-08,2024-08,Purple Fire,['Butte'],4,39.46018,-121.35725,10.0,100.0
085e88f6-33b7-4aef-adea-cda9dc7ef7f4,2024-07-14,2024-07,Mcnab Fire,['Mendocino'],23,39.041985,-123.15297,10.0,100.0
5bc3c8c8-d881-4455-8a7d-93811e70b0d9,2024-07-02,2024-07,High Desert Fire,['Lassen'],18,40.408993,-120.52602,10.0,100.0
67dfa6fa-3981-43a8-bed6-038556f64840,2024-07-29,2024-07,Cougar Fire,['Tehama'],52,40.002008,-122.404759,9.1,100.0
c9806a95-09ca-4b22-97ae-a9f822608e6d,2024-07-16,2024-07,San Joaquin Fire,['Lake'],17,38.979194,-122.684661,8.43,100.0
008caaaa-8cea-4fb6-97a7-4cb95d750f0d,2024-07-21,2024-07,Rios Fire,['Mendocino'],23,39.635533,-123.344954,6.4,100.0
9b0b642a-8cf1-4e7c-b2c0-d7ab394cd789,2024-12-05,2024-12,7.0 Earthquake,"['Alameda', 'Humboldt']","1,12",40.37,-125.0,,
d9a0045f-b30c-490b-b181-5be460544947,2024-07-24,2024-07,Park Fire,"['Butte', 'Tehama']","4,52",39.7789,-121.76168,429603.0,100.0
cac520bf-e359-4f3c-a8ee-85510a476c67,2024-09-06,2024-09,Line Fire,['San Bernardino'],36,34.121119,-117.154705,43978.0,100.0
bc6db02b-254b-4857-9bd9-2ec52580960e,2024-07-05,2024-07,Lake Fire,['Santa Barbara'],42,34.785,-120.044833,38664.0,100.0
bddf75c9-e5b6-4b7c-af80-a9f1dd57963b,2024-07-13,2024-07,2024 SQF Lightning Complex,"['Kern', 'Tulare']","15,54",35.986772,-118.311422,33026.0,100.0
f78e6fd0-c260-486c-98b4-620938406a45,2024-11-06,2024-11,Mountain Fire,['Ventura'],56,34.3189,-118.9689,19904.0,100.0
311ac02a-61aa-4a29-980a-998ce071f438,2024-06-17,2024-06,Sites Fire,['Colusa'],6,39.31646,-122.46934,19195.0,100.0
97520779-99f5-4001-85ce-4c5f5f48cd61,2024-09-03,2024-09,Boone Fire,['Fresno'],10,36.12175,-120.58848,17600.0,100.0
c93f7495-a345-4416-80b1-fb91996fa7dd,2024-06-15,2024-06,Post Fire,"['Los Angeles', 'Ventura']","19,56",34.79208,-118.8521,15563.1,100.0
798bb0b3-8d70-4d9c-a0b6-094c9013a4da,2024-07-03,2024-07,Shelly Fire,['Siskiyou'],47,41.465297,-123.057551,15520.0,100.0
6a5bdbfa-a78f-45dc-a3b2-e417abfd9f50,2024-06-01,2024-06,Corral Fire,['San Joaquin'],39,37.633908,-121.50259,14168.0,100.0
5366f40a-04c4-4dda-859a-17cba19fade4,2024-08-03,2024-08,Coffee Pot Fire,['Tulare'],54,36.38857,-118.768,14104.0,100.0
9226f0ee-ae1d-4ca7-8a21-9390b6215c85,2024-06-26,2024-06,Basin Fire,['Fresno'],10,36.868064,-119.110336,14023.0,100.0
b09307d2-1a45-473c-9734-9af5171a3e6d,2024-08-09,2024-08,Boise Fire,['Humboldt'],12,41.2522,-123.5113,12929.0,100.0
5d90917c-38cf-4ea9-86d6-e3a1d2728b0a,2024-07-13,2024-07,Hurricane Fire,"['Kern', 'San Luis Obispo']","15,40",35.199333,-119.695667,12703.0,100.0
4809d048-58f1-4e0e-af5e-59eaa93dc61c,2024-07-16,2024-07,Happy Fire,['Fresno'],10,36.850037,-118.738174,12543.0,100.0
220ed40b-e932-487d-a206-fa99fb194849,2024-06-24,2024-06,Fresno June Lightning Complex,['Fresno'],10,36.78113,-119.345863,10616.0,100.0
6092d73f-828a-4218-b723-0449fb456861,2024-07-13,2024-07,Rancho Fire,['Kern'],15,35.10343,-118.746636,9950.0,100.0
915d22c2-22e8-4720-a486-196e23f31150,2024-07-15,2024-07,Hill Fire,"['Humboldt', 'Trinity']","12,53",40.7721611,-123.63975,7224.0,100.0
277af290-74fa-4b77-9f74-58b232a4f098,2024-07-13,2024-07,White Fire,['Kern'],15,34.963024,-118.533425,5563.0,100.0
ea7c5069-2636-470b-bfba-5aa621fb8a98,2024-06-17,2024-06,Aero Fire,['Calaveras'],5,38.031684,-120.684174,5351.0,100.0
a899bdb4-c0c2-45d9-8310-39de98c4892a,2024-07-29,2024-07,Nixon Fire,['Riverside'],33,33.4773,-116.7805,5192.0,100.0
f2edef16-123c-47df-8cfb-5822aaa4e6eb,2024-07-07,2024-07,North Fire,['Modoc'],25,41.256864,-120.503588,4685.0,100.0
98160dda-7fdf-4765-995e-d8fb35460979,2024-10-30,2024-10,Horseshoe Fire,['Inyo'],14,36.496333,-118.139117,4537.0,100.0
54e9ee49-0c28-4477-8c29-b46738b07b78,2024-12-10,2024-12,Franklin Fire,['Los Angeles'],19,34.06343,-118.69642,4086.0,100.0
60b0ba42-478d-4089-8a27-43b33accb9ed,2024-07-15,2024-07,Lost Hills Fire,['Kern'],15,35.636093,-119.669093,4032.0,100.0
dd88859f-53c8-41f4-b697-5e7623f8eeae,2024-07-02,2024-07,Thompson Fire,['Butte'],4,39.53793,-121.5467,3789.0,100.0
5b4a7dbe-b514-4994-ad30-92dbffb34d52,2024-09-02,2024-09,Bear Fire,['Sierra'],46,39.596704,-120.21859,3323.0,100.0
2154a6a5-efaf-4c1f-a022-f9c9566a1a37,2024-06-06,2024-06,Lost Fire,['Kern'],15,35.735279,-119.69294,3197.0,100.0
8ef9f3d7-125c-42a3-8654-f11eacb30b9d,2024-07-22,2024-07,Gold Complex,['Plumas'],32,39.726014,-120.535158,3007.0,100.0
3a6eccd0-40fa-4d68-97fa-e38f93f0458c,2024-07-07,2024-07,Vista Fire,['San Bernardino'],36,34.292101,-117.606101,2936.0,100.0
01c86c23-8d70-4c4e-9775-1ca094dfbbc7,2024-07-20,2024-07,Ridge Fire,"['Colusa', 'Lake']","6,17",39.0329124,-122.457217,2756.0,100.0
26de0e6c-5714-427c-a66b-d82d425f3842,2024-06-26,2024-06,Pizona Fire,['Mono'],26,38.000167,-118.49,2160.0,100.0
fff641dd-ef49-4e70-b423-e93ff0735437,2024-08-06,2024-08,Crozier Fire,['El Dorado'],9,38.82889,-120.6975,1938.0,100.0
b0bd7da9-58b2-405b-ab35-bfd931bf4a78,2024-07-01,2024-07,Mccain Fire,['San Diego'],37,32.660837,-116.231794,1595.0,100.0
c1f2703e-94b1-4008-8f24-848ce731cf73,2024-05-31,2024-05,West Fire,['Kern'],15,34.91,-118.254,1575.0,100.0
9aeb7f9d-3672-400d-ba4e-2b490220f78d,2024-05-02,2024-05,School Fire,['Kern'],15,35.04847,-119.33179,1479.0,100.0
4009f1e2-b3ff-407e-9aa1-a211930e6bff,2024-06-12,2024-06,Bear Fire,['San Luis Obispo'],40,35.293114,-119.953932,1404.0,100.0
a8dbeeba-fe5a-4cc2-b1f5-c0f62d9c13a7,2024-05-28,2024-05,Hill Fire,['Santa Barbara'],42,34.8936966,-119.5572279,1383.0,100.0
5a0d9121-cb79-420a-bc1b-e0a897674944,2024-07-03,2024-07,Olive Fire,['Kern'],15,35.612809,-119.9569496,1310.0,100.0
0262b8b8-a4cd-4dcf-a1e4-ad13c7569a0a,2024-05-30,2024-05,Firebaugh Fire,['Madera'],20,36.87565,-120.25511,1300.0,100.0
ef4e05b7-9ca7-42a0-afbc-2c98accaf08c,2024-07-02,2024-07,Airline Fire,['San Benito'],35,36.65921,-121.22114,1295.0,100.0
4cd301ff-b6a5-4615-b67d-d458beeefd6e,2024-06-08,2024-06,Cody Fire,['Kern'],15,35.64995,-119.031458,1260.0,100.0
8cc1df77-db00-4f1e-a167-66941973a5b9,2024-06-16,2024-06,Point Fire,['Sonoma'],49,38.705475,-123.012253,1207.0,100.0
9c71fa25-b34c-44b2-82a9-ba8748df5822,2024-06-05,2024-06,Road Fire,['Kern'],15,35.113531,-119.48669,1088.0,100.0
d110b1b2-327e-43e9-9c26-d49a1fbcbf15,2024-06-16,2024-06,Hesperia Fire,['San Bernardino'],36,34.30769,-117.28811,1078.0,100.0
2e93fb95-8e13-4724-b358-ca3824e4a6ca,2024-06-15,2024-06,Junes Fire,['Butte'],4,39.369439,-121.518592,1056.0,100.0
cb4f3767-abd3-4c41-a36c-97e10a79a2b0,2024-10-19,2024-10,Dove Fire,['Kern'],15,35.45554,-118.1033,954.0,100.0
317db5a2-a6f0-43b8-b1b1-1e90a60124d7,2024-09-07,2024-09,Roblar Fire ,['San Diego'],37,33.4088,-117.3623,950.0,100.0
a96e7558-807f-481e-a8c5-ddadc9829be7,2024-07-05,2024-07,French Fire,['Mariposa'],22,37.50959,-119.9771,908.0,100.0
fd62ec6c-4c45-4f1e-a6ca-243c424490cd,2024-06-26,2024-06,Clear Fire,['Modoc'],25,41.884414,-121.239191,890.0,100.0
38faf6b6-365c-45f8-9e45-a6d121a4178b,2024-06-16,2024-06,Lisa Fire,['Riverside'],33,33.943389,-117.06443,890.0,100.0
2aad2b91-45f7-42b9-8299-1cdf3aacf1c2,2024-06-16,2024-06,Excelsior Fire,['Sacramento'],34,38.52658,-121.28408,877.0,100.0
e35176e8-fbe8-451a-ba16-3bdddb7b83e0,2024-07-24,2024-07,Grove 2 Fire,['San Diego'],37,33.409448,-116.741601,863.0,100.0
3400d0b8-e3e2-40a1-928b-47e56e243937,2024-07-03,2024-07,Orchard Fire,['Kern'],15,35.10995,-118.3970832,831.0,100.0
20df953f-6209-4537-943d-be4061a6cdef,2024-05-30,2024-05,Canal Fire,['Madera'],20,37.081421,-119.962104,827.0,100.0
b84f3e58-3a60-4424-8ea9-3aa7a3d27c58,2024-09-10,2024-09,Apollo Fire,['Los Angeles'],19,34.77011,-118.53335,800.0,100.0
a2d5f248-e4a3-4b3a-8327-83f2ba9b5be4,2024-05-29,2024-05,Mateo Fire,['Fresno'],10,36.734329,-120.314598,762.0,100.0
27b6f459-94a5-4f7e-953e-65ad6e5475eb,2024-07-26,2024-07,Creek Fire,['Alameda'],1,37.515462,-121.830534,744.0,100.0
31a75af9-c850-423f-9a3e-2d8be2bb5f07,2024-06-25,2024-06,Apache Fire,['Butte'],4,39.418598,-121.482631,691.0,100.0
99234b51-ab68-4aac-978c-af52b5a2f575,2024-06-16,2024-06,Hernandez Fire,['San Benito'],35,36.400976,-120.986676,642.0,100.0
e0d686b7-5bb7-41e3-af4e-e14123429236,2024-09-30,2024-09,Soda Fire,['San Luis Obispo'],40,35.351479,-120.005229,633.4,100.0
aa660305-cefc-41ce-8d06-f77dec63a8e3,2024-06-01,2024-06,Ranch Fire,['Kern'],15,35.442336,-118.82214,616.0,100.0
130dd62c-2276-4356-9524-562236bfaff8,2024-07-21,2024-07,Hawarden Fire,['Riverside'],33,33.9278521,-117.3727011,588.0,100.0
ccc0846d-97a2-4031-bf61-b02df50ca6b3,2024-10-06,2024-10,Tuledad Fire,['Lassen'],18,40.887485,-120.144717,564.0,100.0
bc72883a-cba7-40df-9188-54c801003b3b,2024-06-21,2024-06,Water Fire,['Kern'],15,35.60366,-119.96709,543.0,100.0
9967523f-061a-477c-9142-9660e9920a6b,2024-05-21,2024-05,Valley Fire,['Modoc'],25,41.2449,-120.31,536.0,100.0
4d1eb95c-6e27-4af4-9133-d053b8310cbd,2024-06-25,2024-06,Sheering Fire,['Tuolumne'],55,38.163167,-119.985167,528.0,100.0
cd7aebca-2b90-4953-a108-2a0cab35a196,2024-06-19,2024-06,Sky Fire,['Kern'],15,35.32752,-119.462711,528.0,100.0
cbff3a6b-6540-405f-a6ea-8e554042a20f,2024-10-28,2024-10,Campbell Fire,['Tulare'],54,36.229517,-118.858046,524.0,100.0
b20598f6-8122-4d4f-bb49-1d9657b48916,2024-06-16,2024-06,Max Fire,['Los Angeles'],19,34.67529,-118.27108,516.0,100.0
704f4c46-c67f-4cd6-ad76-1bb893764f0e,2024-07-09,2024-07,Cow 2 Fire,['Tulare'],54,36.026333,-118.801528,509.0,100.0
576ee459-903e-4b71-a658-214034e031db,2024-09-06,2024-09,Dorado Fire,['Fresno'],10,36.13751,-120.24039,502.0,100.0
ce429295-7bae-4567-b520-77c78773ece3,2024-06-25,2024-06,Amoruso Fire,['Placer'],31,38.82437,-121.3909,502.0,100.0
c0cdfdc9-d5e1-44b2-b95b-a8a6d8f1686b,2024-08-05,2024-08,Bella Fire,['Kern'],15,35.633966,-117.970987,500.0,100.0
ff39bc4c-ad87-412a-b9bd-542cf13e9fb5,2024-06-11,2024-06,Stoddard 3 Fire,['San Bernardino'],36,34.72209,-117.16739,472.0,100.0
531acd37-ef6b-4b48-a8fa-27d325ceeb0c,2024-07-26,2024-07,Point Fire,['Contra Costa'],7,38.02175,-121.99056,471.0,100.0
f64533e4-f034-4660-a6fa-31a36d5616e0,2024-06-30,2024-06,El Paso Fire,['Kern'],15,35.486517,-117.74823,471.0,100.0
2e22d229-d659-4405-ba5b-6218fa1d8e57,2024-07-26,2024-07,Flynn Fire,['Alameda'],1,37.724532,-121.69605,429.0,100.0
159367fb-6bee-4914-8815-84f629994473,2024-05-25,2024-05,Holiday Fire,['Kern'],15,34.8492868,-118.2554355,428.0,100.0
c991981e-892b-449a-b467-b5f742a4e9b1,2024-12-21,2024-12,Soda Fire,"['Kern', 'San Luis Obispo']","15,40",34.9868,-119.477,419.0,100.0
7701bdad-0622-432c-a822-1d6bf6de8c2d,2024-07-06,2024-07,Lucern Fire,['San Bernardino'],36,34.45196,-117.03341,419.0,100.0
2f239059-a2df-4589-bf92-de59e79b5754,2024-10-04,2024-10,Glenhaven Fire,['Lake'],17,39.026764,-122.718183,417.0,100.0
f75ae145-52cc-4e4e-ae7e-37007a29eca1,2024-10-07,2024-10,Posta 3 Fire,['San Diego'],37,32.723782,-116.424495,413.0,100.0
1d2f4147-5768-4f7a-b777-42f72c9d75b4,2024-07-08,2024-07,Bogus Fire,['Siskiyou'],47,41.884429,-122.392257,411.0,100.0
5fbf1bfd-1767-4459-a8f7-eee8e83463e8,2024-06-06,2024-06,Gaskell Fire,['Kern'],15,34.82333,-118.30848,405.0,100.0
ca49af04-92e9-4e98-809a-8607939a4c2d,2024-06-30,2024-06,Sierra Fire ,['San Bernardino'],36,34.04119,-117.43441,400.0,100.0
4c10216b-5a51-4a3d-ae55-700d44bd2bee,2024-06-17,2024-06,Douglas Fire,['Sacramento'],34,38.54166,-121.24438,400.0,100.0
e3b62ab2-1900-45e2-a3c9-bbe45d96379a,2024-07-22,2024-07,Pencil Fire,['Modoc'],25,41.80078,-120.519727,396.0,100.0
9013c77d-b3dc-48c2-8169-5be382acd2e5,2024-06-26,2024-06,Columbia Fire,['Los Angeles'],19,34.72313,-118.325308,388.0,100.0
713872e7-d6bb-411f-a490-6a2fe8078c82,2024-10-03,2024-10,Felicia Fire,['Ventura'],56,34.46437,-118.7641,367.0,100.0
bdead44e-0ddf-4a1a-ad05-440493024012,2024-07-14,2024-07,Five Fire,['Kern'],15,35.3858693,-119.367525,360.0,100.0
c4439647-cf64-4a5f-bec1-3a228d5249f2,2024-05-10,2024-05,Sherwood Fire,['Kern'],15,35.7193,-118.9429,353.0,100.0
d226687e-93d2-48ad-a17a-acbee0ac4efc,2024-07-15,2024-07,5 Fire,['Kern'],15,35.784624,-119.779871,348.0,100.0
6339e262-6ccf-4d19-8436-44e508d43ba6,2024-07-15,2024-07,Five 2 Fire,['Kern'],15,35.5879546,-119.624655,347.0,100.0
3f7e4057-f059-4878-9da0-7ee294cd77ce,2024-06-05,2024-06,Bitterwater ,['San Luis Obispo'],40,35.37367,-120.094361,331.2,100.0
ef1fb5c1-e8f5-4445-a2bd-1979a652c897,2024-08-12,2024-08,Turbine Fire,['Kern'],15,35.0200352,-118.3419912,329.0,100.0
263df749-7279-4200-9c93-b36eb00526c7,2024-07-04,2024-07,Grande Fire,['Stanislaus'],50,37.46973,-121.23728,323.0,100.0
f0d922b5-7a19-4fa6-b22e-356840bd12d5,2024-10-02,2024-10,Peak Fire,['Tuolumne'],55,38.250731,-119.939391,316.0,100.0
ad2d133d-2af3-413d-9b4e-a916320b451e,2024-08-04,2024-08,Middle Fire,['Tuolumne'],55,37.862367,-119.704567,310.0,100.0
d3a2cf16-c3b9-499d-a6c7-4b8875998bb9,2024-07-19,2024-07,Fork Fire,['Los Angeles'],19,34.239686,-117.76113,301.0,100.0
a917a41a-20d6-4163-b82d-2568bcc94e8b,2024-07-30,2024-07,Pole Fire,['San Bernardino'],36,34.413261,-117.172494,300.0,100.0
520a9130-6e98-4f88-b654-0e77e33edb04,2024-06-16,2024-06,West Fire,['Los Angeles'],19,34.73279,-118.29017,300.0,100.0
6d453d50-3d81-4ec5-a2b5-9b207a809fe3,2024-06-01,2024-06,Border 53 Fire,['San Diego'],37,32.577083,-116.806666,300.0,100.0
92340f74-78cc-4fe6-960b-eac31e21340c,2024-07-16,2024-07,Point Fire,['Modoc'],25,41.7975,-121.369,298.0,100.0
852ed4e7-2505-41dc-9070-a71a0dce290a,2024-07-23,2024-07,Cow Camp Fire,['Mono'],26,38.300167,-119.074167,292.0,100.0
c9814313-be52-4d48-a846-266c8b156c38,2024-07-09,2024-07,Breckenridge Fire,['Kern'],15,34.400099,-118.783698,277.0,100.0
d24167a5-911d-433a-a1ba-cef5dca6aeb0,2024-07-19,2024-07,Deer Fire,['Los Angeles'],19,34.5938959,-118.063529,272.0,100.0
4ebbd415-254c-4963-85cd-3d7a82833785,2024-08-17,2024-08,Pendulum Fire,['Kern'],15,35.4189737,-118.8709169,269.0,100.0
adb3cd9f-c3bb-45c6-8ee7-7de9728408fb,2024-07-12,2024-07,Athens Fire,['Placer'],31,38.8364594,-121.332377,260.3,100.0
c687c452-39bc-4e47-bcc1-aa809fc2ef79,2024-10-13,2024-10,Jack Fire,['Riverside'],33,33.9239548,-117.0375417,260.0,100.0
d3a9b57f-dc1c-4640-ab42-727b3960b241,2024-07-14,2024-07,Sentinel Fire,['Fresno'],10,36.759833,-118.663333,258.0,100.0
d6fdb527-4cdb-47c0-8c60-58bb42dd31e1,2024-06-29,2024-06,Lonoak Fire,['Monterey'],27,36.21923,-121.08223,255.0,100.0
57c216a3-72ab-4647-970a-163b1267b33a,2024-06-26,2024-06,Empire,['Contra Costa'],7,37.933129,-121.777999,250.0,100.0
0563714f-e479-41f8-a2b0-59cfacdeffe1,2024-04-12,2024-04,Gardner Fire,['Kern'],15,35.153062,-119.39529,241.0,100.0
da0f58a2-b61c-4514-8439-c4ca4792718a,2024-02-21,2024-02,Palmas Fire,['Riverside'],33,33.5103795,-115.82784,239.0,100.0
958b27e4-3413-461d-b2f8-0a866707c9f0,2024-10-08,2024-10,Piney Fire ,['Monterey'],27,36.378918,-121.563092,225.0,100.0
fb03fcdb-e84c-4edd-8457-126b805119f2,2024-07-07,2024-07,Royal Fire,['Placer'],31,39.2393,-120.4168,215.0,100.0
bda3e0c7-b52b-43ca-9459-54fc1a490bc5,2024-06-25,2024-06,1-2 Fire,['San Joaquin'],39,38.029246,-120.956888,215.0,100.0
c0a1383e-6793-4916-a4a9-9c338ca92638,2024-06-11,2024-06,Oil Fire,['Kern'],15,35.506667,-119.071667,214.0,100.0
3c562f83-c547-4567-a729-9cf73cdf83c4,2024-06-22,2024-06,Willow Fire,['Madera'],20,37.154953,-119.91267,213.0,100.0
db080174-df55-40f9-b969-6f7c5109ece9,2024-06-06,2024-06,Devil Fire,['Kings'],16,35.85594,-119.94084,210.5,100.0
367eee05-f2fb-41ba-ac19-4a4f2a7784e2,2024-06-27,2024-06,Hollow Fire,['San Joaquin'],39,37.672148,-121.457333,210.0,100.0
46d80e55-328e-4dd7-9563-41c794e34337,2024-05-31,2024-05,Field Fire,['Santa Barbara'],42,34.9592,-119.698014,201.0,100.0
475bb3e7-2ff7-45dc-8a88-ad819f7c6d7e,2024-07-03,2024-07,Power Fire,['Kern'],15,35.470889,-118.750959,200.0,100.0
72e46bd8-232b-45c0-a715-46fec070b9e1,2024-05-25,2024-05,Panoche Fire,['San Benito'],35,36.5097274,-120.8471351,191.0,100.0
7f2a842e-30da-4f04-9c47-7abf1847355c,2024-05-29,2024-05,Devil Fire,['Kings'],16,35.85008,-119.915199,188.0,100.0
e7d90ab8-6031-4178-826e-69bbba7e8866,2024-05-30,2024-05,Great 3 Fire,['San Diego'],37,32.99611,-116.44756,187.0,100.0
37e3db45-6b25-4f7b-a92b-84f10d197437,2024-05-17,2024-05,Petrol Fire,['Fresno'],10,36.2748148,-120.33456,186.0,100.0
3ea940e2-abab-41a3-b073-6aa3ce6f8f72,2024-04-22,2024-04,York Fire,['Kings'],16,35.817759,-120.097738,181.4,100.0
f27ffd72-b167-4212-a4f9-a8f8099469e0,2024-07-17,2024-07,Willow Fire,['Kern'],15,34.92221,-118.257558,174.6,100.0
a79b5e83-a63d-4200-be50-3ebcada9298a,2024-08-18,2024-08,Hills Fire,['Madera'],20,36.909429,-119.792619,172.0,100.0
c6511dca-4499-4bd1-9699-d7ae0ab5a588,2024-07-25,2024-07,Acorn Fire,['Lake'],17,39.140133,-122.87667,151.0,100.0
c709ed98-7c0b-4b1f-880b-ca435696b8fa,2024-07-07,2024-07,Blue Water Fire,['San Bernardino'],36,34.169517,-114.276308,150.0,100.0
caaf80b4-1467-48b5-8517-5b55e75f5389,2024-05-28,2024-05,Five Fire,['Fresno'],10,36.43706,-120.393699,150.0,100.0
c137330e-e0b9-4d93-b22b-835a1fb547e7,2024-05-12,2024-05,Red Fire,['San Bernardino'],36,35.388107,-117.601135,148.0,100.0
0b9dcedc-4ba1-41d3-bd28-e3f794253336,2024-07-26,2024-07,Macy Fire,['Riverside'],33,33.656742,-117.383235,145.0,100.0
b952f0cd-8fc8-4877-bf93-a45d80474372,2024-07-19,2024-07,Ducor 2 Fire,['Tulare'],54,35.96289,-119.0507,142.0,100.0
ef627541-e8c5-410d-80b4-d6216e4bbbcb,2024-06-24,2024-06,Muscat Fire,['Fresno'],10,36.68179,-119.35579,142.0,100.0
0aa93bff-3d1e-43af-9958-fa526cd40c31,2024-06-22,2024-06,Border 58 Fire,['San Diego'],37,32.58748,-116.894511,137.0,100.0
965204c6-995d-41ef-9df8-6e1ffa3f1538,2024-06-20,2024-06,Side Fire,['Tulare'],54,36.016118,-118.828001,137.0,100.0
6aa086da-4175-4eec-88a4-563e410f55a0,2024-07-03,2024-07,Sharp Fire,['Ventura'],56,34.294625,-118.742209,133.0,100.0
112e618e-f612-405b-8908-5df603790f77,2024-06-24,2024-06,10th Fire,['Kern'],15,34.974609,-118.137537,133.0,100.0
190200af-43ff-4874-8cd0-ea681b1582ae,2024-05-15,2024-05,Cow Fire,['Kern'],15,35.4759526,-118.7503007,132.0,100.0
40dc98d3-a160-439b-ba3b-e969e0a201ef,2024-08-25,2024-08,Tenaja Fire,['Riverside'],33,33.583553,-117.403313,130.0,100.0
e7249ade-ad19-4caa-a763-a2181e9658f8,2024-07-11,2024-07,Railbridge Fire,['Butte'],4,39.40436,-121.49395,130.0,100.0
2a44c40f-2777-488e-8830-bdb0c668b0b8,2024-06-17,2024-06,Tuscany Fire,['Riverside'],33,33.847642,-116.569117,126.0,100.0
408d5919-b681-4480-8fcb-634bd50494fe,2024-06-11,2024-06,Hinkley Fire,['San Bernardino'],36,34.89273,-117.188996,126.0,100.0
4c5759f6-e259-43d7-91db-0d21828ffb07,2024-11-07,2024-11,Santa Lucia Fire,['Santa Barbara'],42,34.691118,-120.501728,125.0,100.0
de3e7a5d-9f8d-4c72-b60a-d40b94ac83c2,2024-05-31,2024-05,Rosamond Fire,['Los Angeles'],19,34.72107,-118.25483,124.5,100.0
cd369e40-e1c3-48be-8ef4-4561980bd9b1,2024-06-19,2024-06,Daytona Fire,['Kern'],15,35.382,-118.878444,123.0,100.0
b7ca9cee-f5e3-4d5c-afd0-19ade7b24ba9,2024-05-20,2024-05,Wind Fire,['Kern'],15,34.96545,-118.99692,121.0,100.0
deb14d04-54d8-498d-8f44-7e318d1a194f,2024-06-12,2024-06,Grant Fire,['Sacramento'],34,38.59179,-121.17954,119.0,100.0
dd4afe59-3fa5-4505-b519-ae21aaf822a0,2024-05-28,2024-05,Mocal Fire,['Kern'],15,35.180776,-119.558308,116.0,100.0
f4e5e8d4-2398-42c4-ac64-42750dca4e7f,2024-06-25,2024-06,Lavender Fire,['Kern'],15,35.61181,-119.956633,110.0,100.0
075f245f-4c62-4ff6-b1da-5ed9273da348,2024-06-08,2024-06,Aquaduct 2 Fire,['San Diego'],37,32.84445,-117.08492,110.0,100.0
8a0cf23b-e02c-476b-83e4-11bafd022142,2024-07-15,2024-07,Dewey Fire,['Siskiyou'],47,41.765149,-122.353169,109.0,100.0
82165e58-8aeb-41a6-9416-8e08ccc11efe,2024-05-31,2024-05,Tesoro Fire,['Madera'],20,37.01047,-119.7939,109.0,100.0
3e0f22ff-2ceb-4277-b4cc-cb5803cccea5,2024-08-11,2024-08,Meiss Fire,['Sacramento'],34,38.427179,-121.054386,108.0,100.0
fd9d5a58-d9d5-4904-90d0-0d85f3d6231e,2024-07-19,2024-07,Liberty Fire,['San Joaquin'],39,38.2391935,-121.0869519,104.1,100.0
89fb8816-bcd5-48ef-8ecb-7d762731225e,2024-07-15,2024-07,Paradise Fire,['Siskiyou'],47,41.787938,-122.516407,101.0,100.0
6ba3ef43-a6ad-486d-8df8-ec24dfdcbfff,2024-07-12,2024-07,Pauba Fire,['Riverside'],33,33.485557,-117.02173,101.0,100.0
d08b8b6b-585b-40c2-9b40-99ec5adf5513,2024-07-08,2024-07,Mina Fire,['Mendocino'],23,39.970543,-123.38746,98.0,100.0
da951cd4-b460-4d36-a4c7-f914f12ac31f,2024-07-03,2024-07,Olinda Fire,['Shasta'],45,40.439362,-122.415486,98.0,100.0
29be5ab1-03bc-46ca-b01b-5de2f4916c29,2024-05-31,2024-05,Red Fire,['Kern'],15,35.601284,-118.4733,98.0,100.0
6fd967b4-ccbd-46c2-a039-e9d5ab8bf0b2,2024-06-03,2024-06,Patterson Fire,['Alameda'],1,37.714616,-121.568029,95.0,100.0
18551530-3992-4731-9133-186480d092b2,2024-11-07,2024-11,Frenchman Fire,['Los Angeles'],19,34.615371,-118.749654,94.0,100.0
15fecb82-73d1-4cde-b30b-ce5e14cb8cab,2024-06-26,2024-06,Round Fire,['Kern'],15,35.48989,-118.93111,93.0,100.0
68ebf089-c0a0-4d90-a0d6-366a6d4d78be,2024-09-02,2024-09,Argyle Fire,['Monterey'],27,36.015369,-121.129602,91.0,100.0
912ab9e0-9c07-47c9-8c02-c140d91722ee,2024-06-22,2024-06,Watts Fire,['Fresno'],10,36.91237,-119.419517,90.0,100.0
b59f9cb4-566c-491f-99c1-262bf5f75999,2024-08-29,2024-08,Way Fire,['Kern'],15,35.694044,-118.426716,88.2,100.0
e78d33bf-bcc3-4312-8e67-75e226e7ad39,2024-08-17,2024-08,Cypress Fire,['San Luis Obispo'],40,35.578845,-120.901571,88.0,100.0
095a04be-5c4f-46bc-a26d-afee87fe3013,2024-07-10,2024-07,Poppy Fire,['Los Angeles'],19,34.43725,-118.3404,87.0,100.0
cf3253e2-4f76-4773-b3fb-8165b83a3d41,2024-08-23,2024-08,Banning Fire,['Riverside'],33,33.928939,-116.846198,86.0,100.0
df73d9d0-1193-462a-836b-baca046bd399,2024-06-16,2024-06,Elgin Fire,['Merced'],24,37.097775,-120.635371,86.0,100.0
ef29e2fa-0e3b-4d2b-8a4d-710b4ba0c4b9,2024-06-03,2024-06,Shadow Fire,['Kern'],15,35.619008,-118.401334,86.0,100.0
f5edaa5c-7880-4608-a1e7-12a6571a3e3c,2024-09-12,2024-09,Quincy Fire,['Butte'],4,39.48058,-121.42105,85.0,100.0
a9a1a8e3-50af-4478-9190-48e0923623c3,2024-08-15,2024-08,Waltz Fire,['Merced'],24,37.349442,-120.238125,85.0,100.0
fdb9b539-dbfe-4112-98b3-ce893d831e9e,2024-07-11,2024-07,Point Fire,['Humboldt'],12,40.11416,-123.7729,85.0,100.0
aeec4240-3b0f-44b8-b8be-21da8e9b5acb,2024-06-27,2024-06,Veterans Fire,['Shasta'],45,40.477613,-122.544406,85.0,100.0
0d74ddd7-8a31-4014-8f25-d1e1eebca140,2024-09-08,2024-09,Boyles Fire,['Lake'],17,38.92934,-122.61065,81.2,100.0
9f426988-5213-4e2c-931f-52517cb4d3e1,2024-06-17,2024-06,Stage Fire,['Tulare'],54,35.942249,-118.946399,81.2,100.0
a95ecf21-9dac-45c9-bb16-67b7796a3c6f,2024-10-17,2024-10,Maria Fire,['San Luis Obispo'],40,34.98749,-120.430379,80.0,100.0
f4b94fa8-a58e-4e0a-a566-71d35e3f8b6f,2024-08-09,2024-08,Canyon Fire,['Tuolumne'],55,37.978113,-120.21464,80.0,100.0
4a8ced50-3e3d-412e-87cf-37ee5045ddeb,2024-07-04,2024-07,Adrian Fire,['Los Angeles'],19,34.573279,-118.1935,80.0,100.0
3ee4788b-f658-415c-879a-a11f00d10d77,2024-05-13,2024-05,National Fire,['San Bernardino'],36,34.602884,-117.339379,80.0,100.0
78dac760-bdce-43dc-aa02-b1ca33472a30,2024-08-27,2024-08,Weller Fire,['Kern'],15,35.5497,-118.958785,78.0,100.0
52f6d338-b396-418c-bff2-17c8ba9412fb,2024-07-14,2024-07,Laura Fire,['Kern'],15,35.56702,-118.40739,77.3,100.0
e99e51fc-7eb4-40eb-82a0-22bc6989543f,2024-07-06,2024-07,Pay Fire,['El Dorado'],9,38.7231,-120.7549,77.0,100.0
a34d2d90-9bc3-4d2c-bf8f-66b01d3792c3,2024-07-06,2024-07,Plenty Fire,['Los Angeles'],19,34.4792756,-118.506107,77.0,100.0
59e1a0fb-d5df-4c79-b35e-ff9bb3823b16,2024-08-04,2024-08,Burbank Fire ,['Los Angeles'],19,34.172602,-118.475521,75.0,100.0
b7ae358d-2766-4f99-a677-f231fae07dd8,2024-07-06,2024-07,Cahuilla Fire,['San Bernardino'],36,34.5444065,-117.131163,75.0,100.0
289f036a-eb92-4ae2-9d1a-0356a259dfda,2024-07-04,2024-07,Highway Fire ,['Kern'],15,35.25322,-119.2071,75.0,100.0
6f1c6068-575e-4301-aa6f-d4b66d8c3da6,2024-12-02,2024-12,Derrick Fire,['Fresno'],10,36.443544,-120.419992,74.0,100.0
93b20c9d-a07e-4127-a8c9-3c342d2544f2,2024-11-21,2024-11,Duck Fire,['San Joaquin'],39,38.00025,-120.944749,73.4,100.0
382cdef0-e558-48b1-bccb-4997878962ff,2024-08-02,2024-08,Alamos Fire,['Riverside'],33,33.582198,-117.166941,72.0,100.0
5002319c-73be-49c6-bd3e-ee8a2275b437,2024-07-23,2024-07,Maria Fire,['Calaveras'],5,38.2856696,-120.656662,71.0,100.0
2a35910f-6546-4f86-9314-846774ae7776,2024-07-05,2024-07,Hills Fire,['Riverside'],33,33.757944,-117.113903,71.0,100.0
88190b2c-eb3e-4293-9a01-a18df2517dae,2024-07-22,2024-07,Wasioja Fire,['Santa Barbara'],42,34.9842984,-119.782853,70.0,100.0
ad646835-4be4-466a-967e-7c6382f04bf6,2024-06-22,2024-06,Needles Fire,['San Bernardino'],36,34.85092,-114.61131,70.0,100.0
4440cc32-aa1c-4cc4-ab03-69f38c10775a,2024-08-16,2024-08,Marco Fire,['San Bernardino'],36,34.475777,-117.463332,65.1,100.0
c3da896d-42a4-4fb1-abcb-cf17c701f03c,2024-07-28,2024-07,Walker Fire,['Riverside'],33,33.731572,-117.393766,65.0,100.0
bb10e33a-6f40-44f4-875b-1f87694e87a7,2024-07-05,2024-07,Nason Fire,['Riverside'],33,33.928252,-117.191529,65.0,100.0
2ee0c53b-1f9a-461e-918d-b8a6dedc1bf3,2024-06-11,2024-06,Carmen Fire,['Riverside'],33,33.91768,-116.75466,64.3,100.0
0fbfd3a0-c425-4a0e-a7ae-831220e20166,2024-10-24,2024-10,Riverview Fire,['Santa Barbara'],42,34.62078,-120.259123,64.1,100.0
482388dc-66e4-408d-bc60-01ce780ed0d8,2024-09-09,2024-09,Wicklow Fire,['Amador'],3,38.361232,-120.814317,63.0,100.0
70f3bd6a-1888-4eb7-8a88-db21c81ba049,2024-09-11,2024-09,Willow Fire,['Contra Costa'],7,38.0115396,-121.997014,62.0,100.0
a7788f97-1255-400c-95de-3f73d38eff78,2024-07-28,2024-07,Border 65 Fire,['San Diego'],37,32.576716,-116.699961,61.0,100.0
886f0cf7-2fb7-4625-8fd0-5ee36ff32a3c,2024-10-19,2024-10,162 Fire,['Glenn'],11,39.4643049,-121.965973,60.0,100.0
28e8a708-7f0c-48ed-a784-eba4e3b6d124,2024-08-20,2024-08,Railroad Fire,['Solano'],48,38.193824,-121.8572856,60.0,100.0
5f07097a-1deb-44b9-bf44-4a7b78c54749,2024-08-13,2024-08,Papa Fire,['San Diego'],37,33.3073021,-117.368598,60.0,100.0
9d3c785a-73a3-4654-b0e9-b467a2b4252e,2024-08-09,2024-08,Blue Fire,['Solano'],48,38.3073,-122.0501,60.0,100.0
6436e8b1-ccaf-427b-87f1-25334be1ab1a,2024-07-09,2024-07,Caliente Fire,['Kern'],15,35.273067,-118.651434,60.0,100.0
bd450df3-28c4-497b-aa53-6bb4cf72c9ca,2024-07-05,2024-07,York Fire,['Kings'],16,35.82553,-120.05765,60.0,100.0
ea843ab2-4115-4cab-9ef7-3a2cb3af9a15,2024-06-05,2024-06,Crystal Fire,['Napa'],28,38.55954,-122.494472,60.0,100.0
32411b4b-22e3-442b-b783-dcacff114841,2024-08-09,2024-08,Cal Fire,['Kern'],15,35.0307313,-118.364146,59.8,100.0
2e65fe33-1053-4be1-8025-ea4116b7b60b,2024-07-03,2024-07,Berry Fire,['Kern'],15,35.633333,-118.816667,59.8,100.0
f2bce455-9fa7-4957-a9dd-17f05d8186f0,2024-09-02,2024-09,Centerville Fire,['Butte'],4,39.73984,-121.69988,59.0,100.0
77efe2f0-3028-4644-bb42-b2fa555fb32f,2024-09-17,2024-09,Executive Fire,['Tehama'],52,39.93192,-122.307297,58.4,100.0
61fcca17-72ce-4d55-ab63-b476f513d46b,2024-06-21,2024-06,Basalt Fire,['Merced'],24,37.060845,-121.057483,58.0,100.0
4ee5e062-f374-4790-819f-21a9c6aca2d9,2024-05-27,2024-05,Flood Fire,['San Joaquin'],39,38.017376,-120.944834,57.7,100.0
f20ead25-443a-4527-8f1e-d8947f8b4e24,2024-11-21,2024-11,Broadway Fire,['Monterey'],27,36.203824,-121.141238,57.0,100.0
684041c4-6817-400c-96f5-22fedfdaf059,2024-10-08,2024-10,Cemetery Fire,['Modoc'],25,41.19492,-120.94668,56.4,100.0
47d84716-507a-4630-af90-8ecdf542bc9d,2024-07-06,2024-07,Granite Fire,['Mariposa'],22,37.7133123,-120.325444,55.0,100.0
32d9aad1-a755-4e28-8697-c593e45472b8,2024-06-10,2024-06,John Fire,['Contra Costa'],7,38.00994,-121.91945,55.0,100.0
e7293335-36b8-4f37-b809-7fc5e0d7b7da,2024-06-06,2024-06,155 Fire,['Kern'],15,35.692183,-118.46771,55.0,100.0
8f3b0140-1a30-4433-a147-e8574581db2c,2024-06-07,2024-06,Garlock Fire,['Fresno'],10,36.991558,-119.514348,54.0,100.0
3ad0f5ed-bb4e-4289-bce3-72a1a843ecb9,2024-06-26,2024-06,Crabtree Fire,['Stanislaus'],50,37.732422,-120.596351,53.9,100.0
50cb3627-a575-44c7-b740-498a14c33a1f,2024-07-09,2024-07,Franklin Fire,['San Luis Obispo'],40,35.591462,-120.645939,53.0,100.0
972ad75a-fadc-4018-945d-6f5e8b10db6b,2024-06-24,2024-06,White Fire,['Mariposa'],22,37.42087,-120.00789,52.0,100.0
120b981a-e8e9-45a9-aeee-f1f0d1aa2aaf,2024-06-19,2024-06,Spring Fire,['Tuolumne'],55,37.843349,-120.50804,51.3,100.0
8ff00a3e-f9a6-4c09-8aa0-5549f351312f,2024-07-14,2024-07,Quality Fire,['Inyo'],14,36.576457,-118.057587,51.0,100.0
c0397710-317a-4c96-82e7-f1e409e94d96,2024-11-20,2024-11,Brauns Fire,['Calaveras'],5,38.205892,-120.730521,50.0,100.0
cae6e64a-d5a1-4a13-9682-b49009f8aa63,2024-10-04,2024-10,Ruby Fire,['Kern'],15,34.957874,-118.190532,50.0,100.0
5c4423ff-da1b-4b58-a72b-1fbeb4522da9,2024-07-13,2024-07,Minor Fire,['Los Angeles'],19,34.67478,-118.253976,50.0,100.0
b1e1dde9-05f4-46c8-b539-dccd6d54dbe5,2024-07-13,2024-07,Pilot Fire,['Kern'],15,35.2928626,-119.242617,50.0,100.0
2987a61b-04b5-46f7-9d10-a44a98f2c906,2024-07-12,2024-07,Bluff Fire,['Riverside'],33,33.95319,-116.87638,50.0,100.0
ed47f029-1282-4d6b-b00a-1abdc40418e5,2024-06-09,2024-06,Creek Fire,['Kern'],15,35.346667,-118.386667,50.0,100.0
bcf1cd5e-d4c8-49bb-9635-230e0b1057b5,2024-06-08,2024-06,Rock Fire,['San Luis Obispo'],40,35.774138,-120.772339,50.0,100.0
07237a37-5e0e-44f9-9255-7442bd596f77,2024-07-23,2024-07,Circle Fire,['Madera'],20,37.152487,-119.65963,49.0,100.0
4377f847-6f0f-470b-8319-4cafd43eb902,2024-07-06,2024-07,Top Fire,['Riverside'],33,33.964275,-117.3048,48.5,100.0
aa8bcbc8-31af-4d8a-b0d8-9351974cf51f,2024-09-09,2024-09,Train Fire,['Kern'],15,35.2659,-118.62193,48.0,100.0
88b1e67d-6869-4259-b9b7-7eaaf817e2a8,2024-09-01,2024-09,Robert Fire,['Solano'],48,38.207676,-122.156703,48.0,100.0
f5de79a3-7bf4-461b-a6d6-b16219a3027f,2024-11-03,2024-11,Gaylord Fire,['Tehama'],52,39.925884,-122.132235,47.0,100.0
07012184-4968-49bf-af0b-5781e699efb6,2024-07-26,2024-07,Simpson Fire,['Fresno'],10,36.98268,-118.61484,47.0,100.0
61215509-76e2-409a-b3df-71cb588e3387,2024-07-13,2024-07,Packsaddle Fire,['Tulare'],54,35.9273945,-118.429923,47.0,100.0
687f0b9f-3685-46d1-953b-38540b363b8c,2024-06-06,2024-06,Relay Fire,['Riverside'],33,33.910994,-116.980503,47.0,100.0
661cf1f8-a032-4812-96cc-ce45f8a0db31,2024-05-27,2024-05,Millerton Fire,['Madera'],20,37.01741,-119.689804,47.0,100.0
3dce248e-b14c-4816-aab1-3ceefc59b26a,2024-05-25,2024-05,Nees Fire,['Fresno'],10,36.850279,-120.771299,47.0,100.0
2174967f-fd0d-4114-b887-f9d87de74dcb,2024-07-29,2024-07,Italian Fire,['Fresno'],10,37.1336,-119.394,46.4,100.0
e504cc42-2a53-48fc-bcad-a8ae6199bd34,2024-11-21,2024-11,Hidden Valley Fire,['Riverside'],33,33.963907,-114.513662,45.5,100.0
a8c7cd92-82ca-4482-bdfe-ec87a1f5b5c2,2024-08-31,2024-08,High Fire,['Tehama'],52,39.993914,-122.560451,45.0,100.0
e4cb8cca-8bc1-4b99-b442-2478d9ccc1f9,2024-08-23,2024-08,Walmort Fire,['Sacramento'],34,38.3809,-121.251908,45.0,100.0
cba02f77-7fd1-4870-b4b4-e25a1d30cfe8,2024-06-16,2024-06,Hidden Fire,['Shasta'],45,40.72052,-122.23967,45.0,100.0
dbf89663-4a51-4869-aabd-9b3b49661af5,2024-11-05,2024-11,Lake Fire,['Trinity'],53,40.342148,-123.420067,44.0,100.0
66cf145e-229a-4100-b7be-7d6514e3d897,2024-06-08,2024-06,Greenville Fire,['Alameda'],1,37.72154,-121.702293,44.0,100.0
60babd50-9806-43f4-abed-d2718bd70f7f,2024-07-01,2024-07,Kitchen Fire,['San Diego'],37,32.717444,-116.47191,43.1,100.0
edcab1ce-ee89-4005-b636-4ec33a32bd3f,2024-07-20,2024-07,La Tuna Fire,['Los Angeles'],19,34.23514,-118.30239,43.0,100.0
888e269f-348c-47ce-8ed6-d95267d1dd9b,2024-07-19,2024-07,Dorado Fire,['Fresno'],10,36.29802,-120.211458,43.0,100.0
824367fb-ae02-4b05-a8cc-9b85fd03995c,2024-09-27,2024-09,Meiss Fire,['Sacramento'],34,38.427179,-121.054386,42.0,100.0
a46ba8f8-21b5-4496-9f62-7544d63fe50f,2024-08-26,2024-08,Florin Fire,['Sacramento'],34,38.496413,-121.297565,42.0,100.0
8a183a23-b0ac-4edc-9892-821b96b40597,2024-08-07,2024-08,Silver Fire,['El Dorado'],9,38.7027118,-121.020844,41.3,100.0
0059b627-3b2c-4f13-865d-246af0e62ee9,2024-06-10,2024-06,Forest Fire,['Los Angeles'],19,34.51346,-117.785551,41.1,100.0
b12acb92-61f8-43ef-8285-f243476588f2,2024-09-03,2024-09,Backus Fire,['Kern'],15,34.876586,-118.248827,41.0,100.0
a0512940-e935-452a-b4a1-bf8e6fbee93a,2024-07-02,2024-07,Toll Fire,['Napa'],28,38.63744,-122.585297,41.0,100.0
c65eb4f5-33c6-4472-90e9-d286270fad66,2024-06-28,2024-06,Adobe Fire,['Stanislaus'],50,37.422757,-121.36663,41.0,100.0
3b90a126-3830-4950-8136-ef8684706a31,2024-10-30,2024-10,Hog Fire,['Tehama'],52,40.24402,-121.972909,40.0,100.0
a36e624c-126e-4ca7-9444-d5d0edaace57,2024-10-24,2024-10,Golden Fire,['Riverside'],33,33.443458,-116.87992,40.0,100.0
0d339412-fd42-4037-94ba-6d1ce25ac3e9,2024-09-02,2024-09,Gabriel Fire,['Los Angeles'],19,34.122607,-117.953154,40.0,100.0
c1545163-959e-4258-848c-3ffde697345a,2024-07-25,2024-07,Pentz Fire,['Butte'],4,39.638817,-121.680996,40.0,100.0
f9fafd72-6c1a-4a06-864f-dcd4ff15b5b7,2024-06-04,2024-06,Sorrel Fire,['San Bernardino'],36,34.68341,-117.118935,40.0,100.0
6605381c-d5d9-4dde-866b-ac56c51dccb1,2024-05-11,2024-05,Jayne Fire,['Fresno'],10,36.137571,-120.192362,40.0,100.0
accf266c-8516-45cf-9570-8cf180c86ae1,2024-09-07,2024-09,Church 2 Fire,['San Diego'],37,32.700797,-116.357286,39.6,100.0
6417486d-65c9-46ef-9c66-09a224aae0d4,2024-10-21,2024-10,Iowa Fire,['Yuba'],58,39.293028,-121.48061,38.0,100.0
fbc44da8-44a9-47ac-8051-d7aa398df2e5,2024-09-28,2024-09,86 Fire,['Riverside'],33,33.540008,-116.099893,38.0,100.0
32eb6c42-4a6f-4ce9-9b47-1ad496dddd45,2024-08-27,2024-08,Excelsior Fire,['Sacramento'],34,38.524067,-121.279094,38.0,100.0
2d437393-53dd-43c7-93db-5822d65372b8,2024-06-19,2024-06,Scotts Fire,['Lake'],17,39.118221,-122.984408,38.0,100.0
bb43ada8-6aba-4e9d-a1c9-b901804b5622,2024-10-31,2024-10,Montezuma Fire,['San Diego'],37,32.77126,-117.09495,37.0,100.0
f6ef4321-1db2-479e-a658-09174fb579cd,2024-07-19,2024-07,Panoche Fire,['San Benito'],35,36.606754,-120.876583,37.0,100.0
d9d67720-8b28-47d1-a05d-3033c70b73a3,2024-05-07,2024-05,Magnolia Fire,['Riverside'],33,33.9208,-116.807061,36.6,100.0
a40b4b2d-54ea-4aa7-8fa0-528c91bc8424,2024-07-24,2024-07,Flora Fire,['Sonoma'],49,38.590922,-122.768983,36.0,100.0
68755884-e4c5-4564-830e-94df1e45f9bf,2024-06-27,2024-06,Bar Fire ,['Butte'],4,39.5281902,-121.533535,36.0,100.0
78c444a4-62f6-4a10-a6c5-82060428386c,2024-06-01,2024-06,Boyd Fire,['Tulare'],54,36.573169,-119.238103,36.0,100.0
4a98e8c8-7580-4a5f-b15d-4f7190db358e,2024-07-01,2024-07,Sunrise Fire,['Los Angeles'],19,34.432003,-117.834801,35.3,100.0
7f988847-1efa-42e3-95b8-b9d736bdddbb,2024-09-28,2024-09,Chase Fire ,['Kern'],15,35.374332,-118.84398,35.0,100.0
d915cd6a-951f-473b-89e3-d75c5f47abd6,2024-09-20,2024-09,Phelps Fire,['Fresno'],10,36.15407,-120.259824,35.0,100.0
aeab6c71-3acc-4c35-b6e4-4c171a33af62,2024-07-16,2024-07,Donomore Fire,['Siskiyou'],47,42.0083,-122.90457,35.0,100.0
16fd6b9b-95dd-4fac-a4bb-43af69c55401,2024-07-09,2024-07,Todd Fire,['Los Angeles'],19,34.7192091,-118.023431,35.0,100.0
83e1720b-4a7e-4402-891c-13a834b15d6e,2024-05-29,2024-05,Zediker Fire,['Fresno'],10,36.617148,-119.520906,35.0,100.0
f1d428ec-c2be-4b9a-bd76-86bfd6193cdc,2024-05-29,2024-05,Clark Fire,['Fresno'],10,36.501499,-120.389098,35.0,100.0
18caa406-cd3d-4080-88c6-74ba37a456cf,2024-11-22,2024-11,Canal Fire,['Madera'],20,37.051003,-119.926528,34.0,100.0
198d519a-12b0-455d-bae4-42f078683a31,2024-06-07,2024-06,Pan Fire,['Fresno'],10,36.786999,-120.764998,34.0,100.0
fd38093a-e9db-4603-99f0-e760d7c92e97,2024-06-06,2024-06,Little Fire,['Fresno'],10,36.777907,-120.729222,34.0,100.0
367bb551-c370-4dac-9ce5-7ee4999878a5,2024-05-28,2024-05,Dillon Fire,['Riverside'],33,33.925778,-116.600203,34.0,100.0
dd8e4500-bd34-4dea-acde-fd1b4ff00ca3,2024-05-25,2024-05,Shirleon Fire,['Riverside'],33,33.895775,-116.901498,34.0,100.0
18203802-22ca-41cb-8a32-366c82948168,2024-08-29,2024-08,Two Fire,['Sonoma'],49,38.264246,-122.743925,33.0,100.0
63bee7bc-19c6-43d5-b004-563ffefa95dd,2024-08-20,2024-08,Quimby Fire,['Santa Clara'],43,37.333444,-121.7338333,33.0,100.0
4cc240db-5c8a-4833-a4c6-8757772a858f,2024-06-17,2024-06,Slough Fire,['Riverside'],33,36.996139,-120.383187,33.0,100.0
24ea1259-3db7-44bb-9d52-ec12666d7c14,2024-05-30,2024-05,Howard Fire,['Riverside'],33,33.56557,-116.718429,32.0,100.0
b60b3089-a801-462b-a3de-3ded5f8c72ea,2024-07-04,2024-07,Deer Fire,['Tehama'],52,40.2003,-122.30328,31.9,100.0
f030fe29-09cc-4912-91ce-4c47048f6fb4,2024-07-08,2024-07,Sand Fire,['Tulare'],54,36.640352,-119.242623,31.0,100.0
d64ada14-14ac-4ef6-a77b-495b6b17136f,2024-12-14,2024-12,Addie Fire,['Kern'],15,35.27248,-119.61551,30.0,100.0
02289a33-8abe-468b-93bf-55ef3ec7122f,2024-09-11,2024-09,Joshua Fire,['Los Angeles'],19,34.50295,-118.045033,30.0,100.0
4d9c178d-e086-42f4-b6b1-a931b5b2b2a9,2024-08-04,2024-08,Morrison Fire,['Tuolumne'],55,37.9043,-119.615283,30.0,100.0
b1c20387-c024-40d6-bb7d-ed46655c4222,2024-06-16,2024-06,Inkopah 5 Fire,['Imperial'],13,32.655183,-116.099983,30.0,100.0
e493c4b8-5848-4f01-ac3a-d577c393eb12,2024-06-14,2024-06,5 Fire,['Kern'],15,35.50256,-119.53449,30.0,100.0
1e0cde32-bc40-4d78-a9cd-052f304f1103,2024-06-13,2024-06,Llano Fire,['Los Angeles'],19,34.498542,-117.686469,30.0,100.0
591daf80-c234-485c-8d0e-38c9c6049980,2024-06-08,2024-06,Poleline Fire,['Merced'],24,36.928296,-120.834941,30.0,100.0
8dc8f472-8478-4acd-abcd-53cff119034a,2024-06-05,2024-06,Lotus Fire,['Riverside'],33,34.013717,-117.403656,30.0,100.0
1b0ccbca-742f-4831-a196-476252eaf7c1,2024-07-12,2024-07,Ranch Fire,['Monterey'],27,35.9001968,-120.433304,29.2,100.0
a4f1290c-c300-4ddf-a9c0-dcee4938e4eb,2024-05-28,2024-05,Pepper Fire,['Fresno'],10,36.68768,-119.158199,29.0,100.0
75070ec5-7169-459d-a57e-cb39f1768062,2024-05-16,2024-05,Idria Fire,['San Benito'],35,36.490486,-120.801731,29.0,100.0
0ec4424a-581e-40e4-b2b2-1a92503b45a5,2024-10-05,2024-10,Dutch Fire,['Nevada'],29,39.227018,-120.834831,28.0,100.0
410327d5-b412-4a81-99f5-bd10c9e9c832,2024-06-11,2024-06,Cod Fire,['Siskiyou'],47,41.900664,-122.444022,28.0,100.0
8272c94a-4757-4ee4-9395-69cf62f0d857,2024-06-02,2024-06,Raymond Fire,['Madera'],20,36.974519,-120.044449,27.2,100.0
14837591-2b5d-43c0-bfa9-48d9ed8da226,2024-07-08,2024-07,Tesla Fire,['Alameda'],1,37.66504,-121.696665,27.0,100.0
49095c12-ea76-4ac6-8034-ff1da7b6c03f,2024-05-18,2024-05,Mission Fire,['Riverside'],33,33.984278,-116.583317,27.0,100.0
dd8d3cf2-5fe1-4da7-9d5c-6a332b65f528,2024-08-23,2024-08,Chevelle Fire,['Tulare'],54,35.805079,-119.053499,26.5,100.0
6d5fa9cd-13a8-4f93-8a28-de9895dc9a30,2024-12-18,2024-12,Soto Fire,['Riverside'],33,34.002023,-117.440844,25.0,100.0
fdb3f801-7382-42c9-8377-57beef2432f2,2024-11-04,2024-11,Wolf Fire,['Riverside'],33,33.886528,-116.90239,25.0,100.0
a32d77be-a62d-444a-9872-68f997469297,2024-10-02,2024-10,Lago Fire,['Los Angeles'],19,34.497433,-118.616267,25.0,100.0
6f67d619-6533-4889-a740-c0d018ae9cda,2024-09-07,2024-09,Mill Creek 4 Fire,['Humboldt'],12,41.1088,-123.6761,25.0,100.0
5daa1233-03e4-4b8f-938c-ccfd3971bde5,2024-08-22,2024-08,Canyon Fire,['Los Angeles'],19,34.29046,-118.288398,25.0,100.0
a23de8e2-c318-48bb-8056-b0256fc21cf7,2024-08-20,2024-08,Grade Fire,['Santa Barbara'],42,34.5337178,-120.195855,25.0,100.0
5892dc0c-3c9e-481e-8be1-580a1f9c8bdc,2024-06-20,2024-06,Vista Fire,['Merced'],24,36.960029,-120.653749,25.0,100.0
6b829633-220c-4833-b6a7-f3bd61c5d97d,2024-06-08,2024-06,Koala Fire,['San Bernardino'],36,34.520882,-117.451094,25.0,100.0
b56fbb47-fef4-4027-b4dc-fb908dd86088,2024-06-04,2024-06,Russell Fire,['Fresno'],10,36.916374,-120.657895,25.0,100.0
ce63986b-174f-46e1-9e29-38e7c848783f,2024-06-10,2024-06,Rawson Fire,['Tehama'],52,40.111484,-122.232365,24.9,100.0
ee8b1361-f3a8-4d56-a043-d54bbd3e3d4e,2024-11-21,2024-11,Michigan Fire,['Amador'],3,38.379304,-120.986172,24.1,100.0
7f75a7b7-f2dc-4817-b321-bb570f6b4991,2024-05-11,2024-05,Dom Fire,['Fresno'],10,36.362559,-120.340061,23.8,100.0
42e08471-48c0-426e-961f-07542259f9c0,2024-11-17,2024-11,Sandy Fire,['Monterey'],27,35.956529,-120.654725,23.4,100.0
28fb4b10-eb02-4c62-ae6e-cd0a94816fb9,2024-08-17,2024-08,Marysville Fire,['Butte'],4,39.468991,-121.561366,23.3,100.0
97a83444-c9d0-4fed-bf10-cf8650ce0efa,2024-08-24,2024-08,Wild Wash Fire,['San Bernardino'],36,34.701134,-117.204094,23.1,100.0
d4696bb6-7e95-48ee-8573-477aa199a1c2,2024-06-11,2024-06,Flynn Fire,['Alameda'],1,37.719182,-121.660326,23.0,100.0
add17318-bcac-4a2a-b413-1e225d62812e,2024-06-10,2024-06,Spenceville Fire,['Yuba'],58,39.133016,-121.309465,23.0,100.0
4d60a968-e916-483c-89b8-ae7991b191a2,2024-07-03,2024-07,Watt Fire,['Placer'],31,38.736113,-121.392532,22.9,100.0
9ed61dc6-ca25-4cba-a9b5-f39c07a617b8,2024-06-07,2024-06,Albers Fire,['Santa Clara'],43,37.904572,-121.765839,22.8,100.0
85074131-29f7-435f-8f43-8c9cf067bbd2,2024-05-27,2024-05,Vince Fire,['Los Angeles'],19,34.50941,-118.05215,22.4,100.0
d9d0b205-3d25-47eb-bdc1-40f5b6636e04,2024-08-27,2024-08,Pioneer Fire,['San Bernardino'],36,34.452109,-117.077204,22.1,100.0
ddf4e347-29bf-45c2-8e53-2120f3ceed5d,2024-10-05,2024-10,Wolf Fire,['Fresno'],10,36.692574,-119.645931,22.0,100.0
66410b74-8cbe-402a-9092-4aa366831702,2024-08-31,2024-08,Minton Fire,['Riverside'],33,33.758036,-117.112489,22.0,100.0
e8b9c282-b3a6-48a3-ab48-e97a92615a25,2024-08-25,2024-08,Solar Fire,['Merced'],24,37.115241,-121.033398,22.0,100.0
4f0d65a1-d601-4eb6-bd6e-3da7b6b272e9,2024-08-19,2024-08,Interlake Fire,['Monterey'],27,35.8378,-121.038125,22.0,100.0
cb115973-a1bd-4023-8445-3566116629e7,2024-07-14,2024-07,Pickett Fire,['Trinity'],53,40.3464,-123.362,22.0,100.0
aeaaa127-7246-4a93-b7af-1a705002ada2,2024-05-31,2024-05,Fields Fire,['Merced'],24,37.565014,-120.425878,22.0,100.0
cf71f1c1-3a96-4bc9-bb51-fe036b5c17c5,2024-06-14,2024-06,Peterson Fire,['Lassen'],18,39.879737,-120.028888,21.9,100.0
575b3dff-3c7e-4915-ac34-d7174ba7f555,2024-08-10,2024-08,Summit Fire,['Calaveras'],5,38.324942,-120.427903,20.9,100.0
7c1116af-a5e8-4a35-95b6-6f46dddb7f7b,2024-07-11,2024-07,Ranch Fire,['Lassen'],18,39.803617,-120.03505,20.8,100.0
45612673-c1eb-4b45-823c-58ac4cd9bf04,2024-07-10,2024-07,Woodland Fire,['Los Angeles'],19,34.60698,-118.3211,20.3,100.0
042df069-7226-4d37-877b-3371902356a8,2024-11-13,2024-11,Eternal Fire,['Lassen'],18,40.361854,-120.446162,20.0,100.0
05edf868-2c42-4981-a7df-9f66f98800c3,2024-09-10,2024-09,Coyote Fire,['Riverside'],33,33.803944,-116.30113,20.0,100.0
0de2ba3a-b8de-447b-bd19-eced55f97497,2024-09-09,2024-09,Rice 2 Fire,['San Diego'],37,33.353446,-117.135771,20.0,100.0
4e768968-bce1-45ea-b5f1-a28d75679300,2024-08-12,2024-08,Anita Fire,['San Diego'],37,32.717599,-116.927749,20.0,100.0
87afc01a-76e9-4e5a-84d0-1b4aa0ee6808,2024-07-26,2024-07,Lammers Fire,['San Joaquin'],39,37.7146,-121.4764,20.0,100.0
60b87395-037e-4e90-be9d-00f555a2bf2b,2024-07-12,2024-07,Indiana Fire,['Merced'],24,37.112938,-120.595644,20.0,100.0
8887929d-bf06-47d5-aa8b-c592cbe60134,2024-07-09,2024-07,Teresa Fire,['Santa Clara'],43,37.201128,-121.736403,20.0,100.0
99c744c7-b28d-48d4-a5ce-55fc82f942d4,2024-06-26,2024-06,Pass Fire,['Alameda'],1,37.744764,-121.596245,20.0,100.0
ccba94f4-0300-45e6-9f9c-247ad68ef603,2024-06-20,2024-06,Kirk Fire,['Solano'],48,38.220139,-122.234173,20.0,100.0
f54c82c5-4429-4709-8ab9-ddf874e851c2,2024-09-01,2024-09,Armstrong Fire,['Contra Costa'],7,37.838349,-121.632921,19.9,100.0
578b4cc5-a0b3-4d99-b06e-69ffc53a6220,2024-06-13,2024-06,Johnson Fire,['San Joaquin'],39,38.177683,-121.033739,19.5,100.0
9090538e-dcd6-451a-9641-fd08a8606707,2024-05-29,2024-05,Watt Fire,['Placer'],31,38.728881,-121.392475,19.5,100.0
2bce08e5-efea-409f-a8c6-bc8f9254432e,2024-07-02,2024-07,Yolla Fire,['Shasta'],45,40.386141,-122.760479,19.3,100.0
2b097232-3f87-4cf3-85de-169a64cddc14,2024-07-06,2024-07,Vestal Fire,['Tehama'],52,40.200879,-122.539089,19.1,100.0
03232795-7d5f-4998-b04b-98628cdb40db,2024-06-15,2024-06,Felipe Fire,['Santa Clara'],43,37.28197,-121.73844,19.1,100.0
a176fc51-c857-48c5-bba6-35fcc907de72,2024-08-29,2024-08,Gulch Fire,['Sonoma'],49,38.233952,-122.520366,19.0,100.0
dbcdf92c-2be1-4f61-afa7-e0eae6cec5c3,2024-06-24,2024-06,Bear Fire,['Mariposa'],22,37.557104,-120.171776,19.0,100.0
2578f6da-a787-4269-818d-c1616b35de18,2024-05-21,2024-05,Elk Fire,['Glenn'],11,39.598771,-122.476758,19.0,100.0
20850293-7c71-4c60-8a88-678e79a05c7c,2024-07-25,2024-07,Hatchett Fire,['Tulare'],54,35.99271,-118.934596,18.5,100.0
a8738494-879c-4588-a7c5-13a9419b2c9a,2024-09-06,2024-09,Pine Fire,['Mendocino'],23,39.351831,-123.186117,18.0,100.0
9617f448-9db9-4f9a-9192-688f939658cc,2024-08-28,2024-08,Keys Fire,['San Diego'],37,33.2902,-117.0764,18.0,100.0
198ef9d9-1f09-44fe-bced-8640414f3f5e,2024-08-13,2024-08,Queenstone Fire,['Marin'],21,38.043415,-122.562044,18.0,100.0
073a621b-0e81-4a52-9332-1b32a9400d21,2024-07-02,2024-07,Luken Fire,['Riverside'],33,33.79682,-117.264072,18.0,100.0
8f5c5e63-78a9-42d1-a3d9-57ddb6c6a0af,2024-05-31,2024-05,Limonite Fire,['Riverside'],33,33.975351,-117.505873,18.0,100.0
f4fa469d-e2bd-41e7-bc84-86372acdcd44,2024-05-25,2024-05,Harford Fire,['Riverside'],33,33.812223,-117.340976,18.0,100.0
dcf00ad9-98e6-44c8-b5f3-9693133814c5,2024-05-13,2024-05,Love 2 Fire,['San Diego'],37,32.7754088,-116.8004,18.0,100.0
df1a7e0d-7fc9-49af-be53-4e2d5b818411,2024-04-21,2024-04,Pendola Fire,['Yuba'],58,39.494086,-121.070752,18.0,100.0
12b846f3-b12a-477c-acb0-14a93a94412e,2024-07-05,2024-07,Meiss Fire,['Sacramento'],34,38.483838,-121.074404,17.8,100.0
e25bfa39-b7c2-418a-9dd1-af0fa6677fab,2024-06-15,2024-06,Rocky Fire,['Butte'],4,39.548761,-121.355159,17.7,100.0
65e96e18-3c2e-4211-a0f9-798f59264ef7,2024-09-11,2024-09,Alpaugh Fire,['Tulare'],54,35.863675,-119.536893,17.5,100.0
5e835ec5-e5aa-4fb7-bf45-0d437e73fcdf,2024-08-13,2024-08,Kahlon Fire,['Merced'],24,37.181034,-120.32559,17.1,100.0
316917c5-f720-43df-8cd6-efe8d3a68fbc,2024-10-18,2024-10,Mission Fire,['Riverside'],33,33.979878,-117.401904,17.0,100.0
245e918e-6df6-4096-be50-d9921df0e306,2024-08-24,2024-08,Benito Fire,['Fresno'],10,36.730979,-120.360998,17.0,100.0
1542dc82-a61e-40fe-b01b-33dc2dc26773,2024-07-25,2024-07,Lawton Fire,['San Bernardino'],36,34.042687,-117.26745,17.0,100.0
7860b848-c83b-4f45-9359-91836fc1d8c8,2024-06-11,2024-06,Lincoln Fire,['Los Angeles'],19,34.65729,-118.09927,17.0,100.0
06a7fc2d-2bf7-4595-8449-04bb3bcc3d5e,2024-06-11,2024-06,Jellys Fire,['Tehama'],52,40.354308,-122.172379,17.0,100.0
d88897da-5b31-475a-981f-6d8367809aef,2024-06-04,2024-06,Springs Fire,['Tuolumne'],55,37.842308,-120.524741,17.0,100.0
9fdbe919-5581-44a9-aaf6-307037193995,2024-05-22,2024-05,Knolls Fire,['San Diego'],37,33.02113,-117.170895,17.0,100.0
041dd61f-f516-421e-a295-8bdafe8fb5eb,2024-09-29,2024-09,Ridge Fire,['Santa Barbara'],42,34.50334,-120.274,16.9,100.0
2d3d58b3-520a-4751-8208-9e6266567369,2024-09-27,2024-09,Pinnacles Fire,['San Benito'],35,36.493781,-121.147092,16.8,100.0
578eabb5-afe7-4558-814d-040343bf69e2,2024-08-21,2024-08,Ace Fire,['Calaveras'],5,38.190649,-120.828003,16.3,100.0
d5b0f558-7125-43f1-a400-bb5c8eb7fbe1,2024-10-15,2024-10,Canyon Fire,['San Luis Obispo'],40,35.318949,-120.133664,16.2,100.0
03ab8b8e-1942-4f12-8401-e5af993ed822,2024-08-30,2024-08,Vasco Fire,['Alameda'],1,37.777334,-121.71679,16.1,100.0
0cc5c422-569b-45ed-b166-cfd3cfa5f074,2024-08-19,2024-08,Livermore Fire,['Alameda'],1,37.665174,-121.740217,16.0,100.0
e14709f8-b57c-4cb4-ab3d-1c8db55c1800,2024-08-19,2024-08,Grant Fire,"['Alameda', 'San Joaquin']","1,39",37.740555,-121.585729,16.0,100.0
dcfb3ac9-baa3-486e-885f-d15bf6e27afc,2024-07-19,2024-07,Tire Fire,['Fresno'],10,36.29538,-120.267799,16.0,100.0
86c8ff02-a1bd-4de9-80d6-a6cfefa224eb,2024-06-29,2024-06,Creek Fire,['El Dorado'],9,38.895723,-120.930485,16.0,100.0
0e052869-ee1a-4358-8f0f-179baea54b3b,2024-10-27,2024-10,Alray Fire,['San Bernardino'],36,34.35491,-117.467864,15.6,100.0
783fc0e6-ffd3-41a9-8ce5-843f092a007e,2024-08-26,2024-08,Park Fire ,['Riverside'],33,33.7580149,-116.9496357,15.5,100.0
eea01808-482f-4684-974f-a2b4e9608cf4,2024-10-26,2024-10,Lost Fire,['Fresno'],10,36.048799,-120.164271,15.0,100.0
b3daa0d0-d783-4551-8a29-c76e0f29a643,2024-10-19,2024-10,Pedley Fire,['Riverside'],33,34.017513,-117.479583,15.0,100.0
a3d4d931-1eee-40ab-a990-4e907f4321db,2024-10-18,2024-10,Keller Fire,['Alameda'],1,37.7741494,-122.1569455,15.0,100.0
253e08bd-21fb-4fab-8a2c-7aab9f700290,2024-10-05,2024-10,Central 2 Fire,['Fresno'],10,36.69212,-119.5922,15.0,100.0
61e2fd92-51f6-403e-8448-cc94014c5cc1,2024-09-15,2024-09,Ripple Fire,['Fresno'],10,36.682583,-119.189459,15.0,100.0
5a5fd941-d2c6-470c-9403-fa632a127c0d,2024-08-28,2024-08,Johnson Fire,['San Bernardino'],36,34.4045559,-117.559695,15.0,100.0
2738e71c-0c75-42ae-b308-41237e5cd310,2024-08-21,2024-08,Turner Fire,['Merced'],24,37.372385,-120.959582,15.0,100.0
7de63eaa-38b5-4afa-a845-429ff6a1b18a,2024-08-20,2024-08,Bishop Fire,['San Luis Obispo'],40,35.275553,-120.644048,15.0,100.0
b50cc0ce-29f2-4300-9014-747d94b7a5e4,2024-08-13,2024-08,Moon Fire,['Los Angeles'],19,34.284624,-117.8406047,15.0,100.0
ff69211f-e39d-4974-8396-c50a46821bb5,2024-07-22,2024-07,Canyon Fire,['Stanislaus'],50,37.47012,-121.24303,15.0,100.0
99f2e9d4-f771-40d4-8eb2-d56ab49ef211,2024-07-01,2024-07,Kern Fire,['Kern'],15,35.434012,-117.977028,15.0,100.0
f7853da2-4ea7-4d3d-8dcd-a032f1e68275,2024-06-21,2024-06,Pfe Fire,['Placer'],31,38.728881,-121.392475,15.0,100.0
84856109-00eb-410f-b86e-908b8788fbfb,2024-06-17,2024-06,Coast Fire,['Monterey'],27,36.311477,-121.855352,15.0,100.0
b82bba9f-0d5e-44a4-9547-190c7b147ebc,2024-06-15,2024-06,Sioux Fire,['Madera'],20,37.207647,-119.673538,15.0,100.0
24c4eb8f-5ee7-4fa9-ad87-b3c69d6580cd,2024-06-10,2024-06,Acorn Fire,['Calaveras'],5,38.1179241,-120.79181,15.0,100.0
82b3117e-68c8-4994-99e2-c863fe19f38e,2024-05-29,2024-05,Shirleon Fire,['Riverside'],33,33.896179,-116.917099,15.0,100.0
89242de3-daa9-449d-a350-36832b8579d7,2024-05-11,2024-05,Border 44 Fire,['San Diego'],37,32.571374,-116.711161,15.0,100.0
93d607c9-fc8d-4e3c-b19b-3feb61bb224e,2024-10-06,2024-10,Hambone Fire,['Siskiyou'],47,41.281183,-121.652642,14.9,100.0
c850a914-f9f2-4e3f-9605-45c3c871ac93,2024-07-05,2024-07,Paloma Fire,['Merced'],24,37.396908,-120.460411,14.4,100.0
fa87ab64-243c-4b62-90b7-312c020e656c,2024-06-07,2024-06,Morgan Fire,['Riverside'],33,33.487833,-117.052745,14.4,100.0
d4df6b62-f791-4b72-a376-ff33d5c33901,2024-08-05,2024-08,Kimtu Fire,['Humboldt'],12,40.08453,-123.807764,14.2,100.0
59096d89-7195-4b37-b4cc-6d02ab922848,2024-07-06,2024-07,View Fire,['Ventura'],56,34.19518,-118.90918,14.2,100.0
2fedc823-b47c-4edb-8993-600bf99e2122,2024-07-18,2024-07,Sloane Fire,['San Diego'],37,32.773489,-116.803223,14.0,100.0
4aad6061-4f7d-4a62-b441-255a9c53b43e,2024-05-05,2024-05,Tram Fire,['Riverside'],33,33.858369,-116.55819,13.8,100.0
030f3dea-4803-45b0-8bca-bc9ad347439d,2024-09-03,2024-09,Hawk Fire,['San Luis Obispo'],40,35.313339,-120.623763,13.7,100.0
1fee6b10-8868-412b-973d-9af87fd96c06,2024-07-06,2024-07,Rancho Fire,['Ventura'],56,34.173631,-118.853661,13.6,100.0
0e7ec8f8-87e5-4a70-9369-08b96059d3eb,2024-05-14,2024-05,Janell Fire,['Riverside'],33,33.471139,-116.8539685,13.6,100.0
2877ac5e-5f3c-45f5-bfdb-d39777b57f85,2024-09-26,2024-09,Plymire Fire,['Tehama'],52,40.201159,-122.284309,13.5,100.0
7dcfb7b4-7b93-4338-8969-ba1041ab9986,2024-06-23,2024-06,Oak Fire,['Riverside'],33,33.653953,-116.927015,13.3,100.0
9a4f6a74-807d-4be5-bb55-c072f7600b83,2024-09-29,2024-09,Cindy Fire ,['Los Angeles'],19,34.5352699,-118.1176558,13.2,100.0
c985d631-a65d-42f6-b4a3-5af4d804a21a,2024-07-28,2024-07,Sunset Fire,['Humboldt'],12,40.368506,-124.362017,13.0,100.0
55424dca-0bf0-48c6-a7d3-e892b8e7fafe,2024-07-24,2024-07,Horse Fire,['Modoc'],25,41.742143,-121.304529,13.0,100.0
f56284c7-82cf-4384-a344-61e133842dcc,2024-07-02,2024-07,Bowman Fire,['Kern'],15,35.608374,-117.899544,13.0,100.0
a172c94e-6352-456e-b2fd-424844667ec2,2024-06-17,2024-06,Railroad Fire,['Madera'],20,37.010829,-120.056215,13.0,100.0
a952074a-0d98-4b47-a18e-f3265d778236,2024-06-02,2024-06,Park Fire,['Riverside'],33,33.790804,-116.927045,13.0,100.0
8b16b848-b0c4-4a65-87d7-7222b774a7fe,2024-05-29,2024-05,County Fire,['Tuolumne'],55,37.828925,-120.634375,13.0,100.0
b1345511-654e-48c2-a117-7c5c3322567e,2024-06-17,2024-06,62 Fire,['Riverside'],33,33.984079,-116.583039,12.8,100.0
b24e4e25-08ed-410b-87bc-4222a507158b,2024-05-05,2024-05,Dawn Fire,['Kern'],15,34.9117,-118.23,12.8,100.0
01c51255-f075-4460-9639-6105599ed000,2024-11-15,2024-11,John Fire,['Merced'],24,36.862905,-120.781992,12.6,100.0
e9e95a19-489b-4a24-b0d8-2744f72dc605,2024-05-25,2024-05,Central Fire,['Fresno'],10,36.67799,-119.7858,12.6,100.0
8acc2c5c-d96a-4197-8b87-354bb9a6915f,2024-08-14,2024-08,White Fire,['Riverside'],33,33.922735,-116.650391,12.5,100.0
d379549a-4026-49d4-81f7-12eee7c3134c,2024-06-20,2024-06,Double Fire,['Yuba'],58,39.458459,-121.303342,12.5,100.0
e4775796-95cc-45ef-b47a-f07c84169590,2024-06-16,2024-06,Summit Fire,['San Bernardino'],36,34.369667,-117.335667,12.5,100.0
a3884db9-94ac-414f-883c-c71bcbf7c2e9,2024-08-28,2024-08,Silver Fire,['Calaveras'],5,38.361834,-120.499717,12.2,100.0
1b69ebdd-1add-4f85-a9f9-47275bc5118e,2024-10-06,2024-10,Verjeles Fire,['Yuba'],58,39.3574,-121.3681,12.0,100.0
47f8f0a7-6f42-4979-8030-0b0b6c60a9f4,2024-09-14,2024-09,Bell Fire,['El Dorado'],9,38.545436,-120.840433,12.0,100.0
b7c8c806-ca83-4f94-b343-6af19a3dac15,2024-08-23,2024-08,Far Fire,['Placer'],31,39.037213,-121.312694,12.0,100.0
7f2f64d4-8a53-44a3-b2fd-043ce5857574,2024-07-27,2024-07,Cosgrove Fire,['Calaveras'],5,38.222987,-120.802822,12.0,100.0
1fb7abf0-6d39-4453-8507-4ba02c7489b3,2024-07-23,2024-07,Border 63 Fire,['San Diego'],37,32.59738,-116.568589,12.0,100.0
5da0884b-54c9-453c-9e71-54faa8ec0993,2024-06-26,2024-06,Anchor Fire,['Fresno'],10,36.631882,-119.3226,12.0,100.0
f2432688-2a7d-4030-b3be-94991c782cf5,2024-06-24,2024-06,Willms Fire,['Tuolumne'],55,37.814796,-120.656478,12.0,100.0
a53fc171-b27f-4475-8968-4789becbf807,2024-06-17,2024-06,Ingomar Fire,['Merced'],24,37.15858,-120.968478,12.0,100.0
b5746d62-f66c-4bc2-a8a9-4b91bce936b2,2024-05-30,2024-05,Bank Fire,['Tehama'],52,40.089713,-122.398582,12.0,100.0
3f03a89c-3bdd-4ef8-a89f-c68161ee84e4,2024-05-26,2024-05,Border 51 Fire,['San Diego'],37,32.57583,-116.76972,12.0,100.0
d52efcc5-01bb-4f2e-b838-7599a1f17c14,2024-05-20,2024-05,Hall Fire,['Tehama'],52,40.014819,-122.129559,12.0,100.0
94509745-c6c6-412e-8767-2b511381fe84,2024-05-14,2024-05,John Fire,['Merced'],24,37.244144,-120.652034,12.0,100.0
04f84ac3-d09e-4cd3-a78f-1c3a8e44c0c3,2024-08-05,2024-08,Gover Fire,['Shasta'],45,40.393586,-122.176593,11.7,100.0
c52a7849-5237-4015-9f24-c69764f78c07,2024-08-03,2024-08,Echo Fire,['Mariposa'],22,37.756167,-119.416517,11.5,100.0
1d36aec9-c1bd-4049-a40b-096c6b7dc0b7,2024-06-24,2024-06,Serrano Fire,['Riverside'],33,33.89433,-117.55522,11.5,100.0
d3452156-04ed-47d1-ae1a-3bb6c5478310,2024-11-20,2024-11,Millar Fire,['San Diego'],37,32.72754,-116.93722,11.0,100.0
c5c7b82d-ff26-4aaf-ae25-692c281396c0,2024-11-12,2024-11,Bull Fire,['Kings'],16,35.96313,-119.966199,11.0,100.0
ec0d1ada-cec3-4876-a613-6c4b9b3cae89,2024-08-31,2024-08,Union Fire,['San Luis Obispo'],40,35.655361,-120.533933,11.0,100.0
03ea04f4-53d6-47a1-a553-ab52eba0ef5a,2024-08-23,2024-08,Motor Fire,['Los Angeles'],19,34.6592518,-118.7548048,11.0,100.0
740b2301-9651-4a38-baa1-1a1a0d64448f,2024-08-21,2024-08,Amaral Fire,['Solano'],48,38.252807,-122.171501,11.0,100.0
ac21a214-0984-4fb9-98ed-0b812bd43bee,2024-07-29,2024-07,Carmen Fire,['Riverside'],33,33.910649,-116.782856,11.0,100.0
e336a3ee-7318-4439-bb9d-b23f325782e8,2024-07-14,2024-07,Solar Fire,['Monterey'],27,35.856649,-120.278024,11.0,100.0
5c70cc79-8ef5-4306-97fa-74093ab5bd89,2024-07-06,2024-07,Pocket Fire,['Sonoma'],49,38.742834,-122.907373,11.0,100.0
4130ec76-340c-450d-996e-c4e2c71a2365,2024-07-03,2024-07,Little Fire,['Fresno'],10,36.786172,-120.757128,11.0,100.0
26f3518d-8978-4220-b98b-42d51c89ef02,2024-06-25,2024-06,Preston Fire,['Sonoma'],49,38.845861,-123.019703,11.0,100.0
c393bae6-7c2f-49e0-8d83-e1bb77d887d7,2024-06-21,2024-06,Gulch Fire,['Madera'],20,37.313117,-119.791537,11.0,100.0
f0c2d5f8-c9d2-41c6-81b0-9bef9d78b798,2024-06-08,2024-06,Springs Fire,['Siskiyou'],47,41.474683,-122.520453,11.0,100.0
198dd536-7be9-44ca-b300-763e8927737c,2024-05-23,2024-05,Seven Fire,['Butte'],4,39.539678,-121.908346,11.0,100.0
c32fd360-9830-4ad1-9595-0b3a67257eba,2024-02-27,2024-02, Bryson Fire,['Monterey'],27,35.81148,-121.084104,11.0,100.0
57d63840-b05a-414b-ba25-27d8403302d5,2024-11-06,2024-11,Valley Fire,['Shasta'],45,40.432155,-122.426405,10.8,100.0
b626b2e7-7816-4152-9515-c8db804022ff,2024-06-28,2024-06,Frazier Fire,['Fresno'],10,37.06783,-119.50857,10.8,100.0
1b90265d-3400-4b35-a684-378a3acbdba4,2024-08-12,2024-08,Oso Fire,['Stanislaus'],50,37.471329,-121.23737,10.7,100.0
bc27ec48-5efe-4806-929e-abd03c053e57,2024-08-21,2024-08,Winchester Fire,['Riverside'],33,33.71271,-117.08414,10.4,100.0
f500704e-ed06-4a63-8ac4-55dc34c688d2,2024-07-08,2024-07,Hilldale Fire,['Merced'],24,37.081199,-120.998125,10.4,100.0
dc7cec75-1f29-498e-9139-01644df3b418,2024-06-22,2024-06,Jolon Fire,['Monterey'],27,35.87405,-120.835545,10.2,100.0
79847059-1dc0-4c33-8dec-750d312742a7,2024-12-11,2024-12,Rogers Fire ,['San Bernardino'],36,34.6492,-117.3543,10.0,100.0
45775a15-671d-4ea1-868b-25ef4f487a28,2024-11-17,2024-11,Kamm Fire,['Fresno'],10,36.531149,-120.485099,10.0,100.0
cea84acc-7922-4e0e-b8ad-1df4819eb573,2024-10-31,2024-10,Quarry Fire,['San Diego'],37,32.69011,-117.01352,10.0,100.0
f4d1a569-fee6-466a-8973-ed1a3cb91966,2024-08-07,2024-08,Town Fire,['Calaveras'],5,38.217239,-120.833961,10.0,100.0
dd43c38f-a57b-496f-a935-d4b2c2cee574,2024-07-26,2024-07,Victoria Fire,['Los Angeles'],19,34.50523,-118.245656,10.0,100.0
d524998a-1423-4088-a562-b5b511b6457b,2024-07-24,2024-07,Acres Fire,['Madera'],20,37.081853,-120.074549,10.0,100.0
46a2ab3e-8d76-4f30-8453-248c47b99624,2024-07-23,2024-07,Harry Fire,['Siskiyou'],47,41.673939,-122.369802,10.0,100.0
73ee0e93-b35e-43a0-9475-8a45aacbae1c,2024-07-19,2024-07,Abbey Fire,['San Bernardino'],36,34.083439,-117.139626,10.0,100.0
170e3b34-380c-4293-9b3e-d1bdd1763e6f,2024-07-15,2024-07,Holloway Fire,['Kern'],15,35.6453,-119.76107,10.0,100.0
56f348d1-578a-4495-afa9-045eb8d3181b,2024-07-11,2024-07,Carrizo 5 Fire,['San Diego'],37,32.636552,-116.165773,10.0,100.0
3dddbc43-507f-4b3f-ace9-14342e2ea5af,2024-07-05,2024-07,Rd 18.75 / Ave 24 Fire,['Madera'],20,37.09824,-120.206748,10.0,100.0
e829b726-f797-435e-85d5-fd2b4fa5b2cd,2024-07-05,2024-07,Storey Fire,['Madera'],20,36.974414,-120.032252,10.0,100.0
cfed11d4-8e8e-4d81-b373-f96c756ee12f,2024-07-04,2024-07,Grubbs Fire,['Butte'],4,39.43511,-121.507399,10.0,100.0
bb8c7694-46c8-4eb0-8fa0-0c9d4b45664f,2024-06-11,2024-06,Travel Fire,['Fresno'],10,36.074598,-120.102025,10.0,100.0
28552125-1000-40d7-b0bd-f1433fe82de4,2024-05-30,2024-05,Hawk Fire,['Fresno'],10,36.842961,-119.601701,10.0,100.0
6db79b13-4fbf-4f00-ae3c-f7da5e388a7a,2024-05-29,2024-05,Nby1 Fire,['San Bernardino'],36,34.812972,-116.663042,10.0,100.0
2cedf02a-5a4b-4a3f-b8e6-bb5f9157c546,2024-05-28,2024-05,Yer1 Fire,['San Bernardino'],36,34.88011,-116.815632,10.0,100.0
74f2dc61-32ff-4e11-86e5-d19112203bc0,2024-05-28,2024-05,Valley Center Fire,['San Bernardino'],36,34.879647,-116.792378,10.0,100.0
9c4b2458-d757-41c0-86cb-9cec1e9b4f83,2024-05-16,2024-05,Ranch Fire,['Butte'],4,39.693268,-121.449913,10.0,100.0
76ad692e-263c-4d74-95f7-01fc4308a49c,2024-10-04,2024-10,Ranch Fire,['Kings'],16,35.854009,-120.08283,9.5,100.0
91e1c5d1-1ff2-485c-9f5e-cf9925208700,2024-08-20,2024-08,Rancho Fire,['San Luis Obispo'],40,35.704967,-120.582252,9.0,100.0
903c80ce-5474-4a5a-95f9-e5862b2856f1,2024-07-20,2024-07,Lehi Fire,['Placer'],31,38.8807773,-121.156605,9.0,100.0
ce14cca7-d5c4-4882-9008-d9b5493406fa,2024-11-11,2024-11,Waucoba Fire,['Inyo'],14,37.0211,-118.007,8.0,100.0
db413a52-db59-4a89-9509-cfdc7082822c,2024-10-17,2024-10,Snake Fire,['San Luis Obispo'],40,35.375211,-120.435273,8.0,100.0
94cb3aa5-ae82-4b57-8b25-b59309da9f23,2024-07-05,2024-07,Lumpkin Fire,['Butte'],4,39.54992,-121.35037,7.5,100.0
9adc01e7-b88e-4c83-9be7-90e1c87a4ea8,2024-08-19,2024-08,Green Fire,['Alameda'],1,37.7055278,-121.6971111,6.0,100.0
6a1188d5-5785-4ae8-b303-cc53d3f18104,2024-10-24,2024-10,Coalinga Fire,['Fresno'],10,36.281579,-120.300799,5.3,100.0
86cbe59b-509f-4d16-bd7b-ac29e1145084,2024-07-05,2024-07,Sonora Fire ,['San Bernardino'],36,34.50711,-117.5124,5.0,100.0
537d9c10-45f0-4cef-b936-580e9f08775c,2024-06-29,2024-06,Mines Fire,['Alameda'],1,37.520283,-121.5458,5.0,100.0
f32ee943-4fe5-4e0a-a1fe-ac02ea7501c6,2024-09-30,2024-09,Tiger Fire,['Amador'],3,38.4546979,-120.49265,4.0,100.0
9fe2d2a0-b5e4-49fb-8dde-7c623be9b040,2024-08-31,2024-08,Bichota Fire,['Los Angeles'],19,34.25914,-117.856102,3.2,100.0
ba97837b-0723-465c-8782-4b5168dcbe94,2024-06-23,2024-06,Valley Fire,['Tulare'],54,36.274399,-119.090599,2.0,100.0
842042fa-04d9-49b2-af6e-92143b21ebb1,2024-05-17,2024-05,Roberts Fire,['Monterey'],27,35.829559,-120.811491,,
f7e0845c-7209-4a79-8368-7c8862383221,2024-04-12,2024-04,Marsh Fire,['Sacramento'],34,38.05686,-121.83332,,
a8d01a9f-0a2f-44ee-b011-517c9b4df43e,2025-08-07,2025-08,Canyon Fire,"['Los Angeles', 'Ventura']","19,56",34.441462,-118.73503,5370.0,100.0
3e9cca98-ed61-4b7a-bf78-a39caa8b0535,2025-09-02,2025-09,18-1 Fire,['Merced'],24,37.250521,-120.197971,463.0,100.0
60365bac-8607-4078-815b-bf227729da15,2025-06-30,2025-06,Sims Fire,['Lassen'],18,40.142467,-120.185357,223.0,100.0
741b7993-0acd-4942-8bd2-7e6984bc48f6,2025-05-20,2025-05,Cunningham Fire,['Merced'],24,37.344921,-120.25151,201.0,100.0
79f430c5-2150-453d-931d-71bf0e777565,2025-07-06,2025-07,Zediker Fire,['Fresno'],10,36.611938,-119.520899,164.0,100.0
acf7159e-eb73-4cbd-ba94-20871e0edb11,2025-07-08,2025-07,Pyrite Fire,['Riverside'],33,34.017805,-117.462368,150.0,100.0
80a0e51a-71e4-4327-a248-eb2e3438740d,2025-09-02,2025-09,Rock Fire,['Sacramento'],34,38.621374,-121.113812,143.0,100.0
5ab32f4d-a6a0-4e9f-9689-f55b7a2c03cf,2025-05-20,2025-05,Crossing Fire,['Riverside'],33,33.466549,-116.8260846,126.0,100.0
a7e25ed4-93bb-423c-89cf-64b48afbd1e0,2025-05-14,2025-05,L7a 2 Fire,['Merced'],24,37.493638,-120.445783,120.0,100.0
d3ba42d8-d13d-4040-9edc-5c1f44522f44,2025-05-13,2025-05,Robinson Fire,['Merced'],24,37.498636,-120.44704,120.0,100.0
5f946e5b-abfa-4ded-bf89-4c8375cb1395,2025-06-13,2025-06,Linda Fire,['Solano'],48,38.4513,-122.0102,111.0,100.0
3862596b-1d06-4879-98a5-764e88524db6,2025-05-22,2025-05,Dan Fire,['Merced'],24,37.244432,-120.670161,100.0,100.0
c6873239-c5f6-4b51-834a-44f0d3644c07,2025-06-20,2025-06,Coal Fire,['Fresno'],10,36.29538,-120.267799,90.0,100.0
db6f387b-2654-44a6-815e-20491c5a37a2,2025-01-21,2025-01,Lilac Fire,['San Diego'],37,33.30932,-117.152114,85.0,100.0
8dcc0ed8-641f-4b85-b853-9ed4473f5e51,2025-01-21,2025-01,Ncfr3 4 Fire,['San Diego'],37,33.299921,-117.174205,80.0,100.0
575264c0-167c-4a74-b2e6-f23756f19d0a,2025-07-02,2025-07,Oakdale Fire,['Yolo'],57,38.673273,-122.017383,78.3,100.0
7a8fc21c-498c-4704-8575-79eda2d34cf5,2025-07-04,2025-07,Grove Fire,['Butte'],4,39.3742124,-121.4139814,78.2,100.0
b95a33a4-0367-4ea4-95bd-08be90b94fa5,2025-05-28,2025-05,Belmont Fire,['Fresno'],10,36.749107,-120.373279,75.0,100.0
be9dfed2-0edc-416b-9c69-b13e13f664a9,2025-08-26,2025-08,Paskenta Fire,['Tehama'],52,40.00074,-122.298489,65.0,100.0
11055429-59f4-49dc-b759-a0c0d1225efc,2025-01-14,2025-01,Auto Fire,['Ventura'],56,34.23661,-119.20224,61.0,100.0
68839891-cd6f-4a9a-9d7e-aef108232cf4,2025-05-15,2025-05,Baxter Fire,['Riverside'],33,33.610162,-117.149827,59.5,100.0
ba050422-aa00-4d3b-8025-4169b9d9f84a,2025-06-27,2025-06,Red Fire,['Madera'],20,37.08604,-119.698787,53.8,100.0
5d4edc6a-7049-47c8-b977-11faf06889a1,2025-05-20,2025-05,Mission Fire,['Merced'],24,37.27341,-120.451639,53.8,100.0
f9ef205c-d2ea-4edb-9705-9840cb30cdb1,2025-05-26,2025-05,Cherry Fire,['Solano'],48,38.34346,-122.016511,52.0,100.0
825b12a9-3cd8-43fc-8456-918381122381,2025-08-10,2025-08,Clark Fire,['Lassen'],18,40.91808,-121.170005,50.7,100.0
d3fb8961-81d2-497a-ace3-e89d369ffddb,2025-07-07,2025-07,Nichols Fire,['Riverside'],33,33.7198782,-117.36247,50.0,100.0
a247e76b-059a-46f2-9f81-72296062ee01,2025-06-19,2025-06,Rider Fire,['Riverside'],33,33.827937,-117.26152,50.0,100.0
763c63d2-2f39-4e7f-8f24-5a2808c08389,2025-06-14,2025-06,Eldorado Fire,['Fresno'],10,36.2548,-120.211198,50.0,100.0
3edb01e6-4e6b-4560-8309-857931f2d0d4,2025-05-01,2025-05,Felipe Fire,['San Diego'],37,33.098585,-116.470729,50.0,100.0
f2a9ea76-12dd-4bda-847e-44c747f70e08,2025-04-25,2025-04,Church Fire,['Riverside'],33,33.638422,-116.142626,50.0,100.0
78a75770-7abe-41cb-be5b-98b04750d43f,2025-05-28,2025-05,Juniper Fire,['Siskiyou'],47,41.5892356,-122.3472513,49.0,100.0
d868ae36-7e0e-4d19-a189-ad934b180a95,2025-05-16,2025-05,Academy Fire,['San Diego'],37,33.0859909,-116.9455267,49.0,100.0
4c572138-64a7-4bba-ae74-4b5ed8e78df8,2025-06-09,2025-06,Reading Fire,['Trinity'],53,40.6399341,-122.9447813,47.4,100.0
536afa9c-eee6-419e-911d-a839680da5f6,2025-07-08,2025-07,Bert Fire,['Los Angeles'],19,34.449864,-118.611317,46.7,100.0
567159bf-77c4-44de-9d1a-c807d08fe78d,2025-07-04,2025-07,District Fire,['Butte'],4,39.4464985,-121.4836105,44.0,100.0
27d27175-c7e1-4a5d-8e98-b4b29201da28,2025-05-12,2025-05,Energy Fire,['San Luis Obispo'],40,35.351787,-120.040599,43.0,100.0
d94d8f86-a05c-4a9f-a309-cd5f7823a656,2025-08-20,2025-08,Vineyard Fire,['Madera'],20,36.865734,-120.140056,41.0,100.0
b8b66c83-2a4d-495e-b51c-6dc071ddaa5a,2025-01-22,2025-01,Clay Fire,['Riverside'],33,33.96682,-117.47055,39.0,100.0
900dfb7b-90a8-42c3-b98d-88e84bd07b9e,2025-06-13,2025-06,Eagle Fire,['San Luis Obispo'],40,35.78442,-120.926961,38.0,100.0
8f9c92f4-ea71-44cd-aeac-a88c3c358213,2025-04-01,2025-04,Wild Fire,['Fresno'],10,36.72005,-120.387063,37.0,100.0
bbecde18-3f28-4a67-bd74-7353fdc804ae,2025-07-03,2025-07,Ravine Fire,['Nevada'],29,39.064532,-121.267354,35.0,100.0
a1bff10a-0a85-425a-8175-a33a98b1070c,2025-08-13,2025-08,Lost Fire,['Fresno'],10,36.974318,-119.724423,31.0,100.0
8adc6368-26e7-4a91-9299-6289d17328ea,2025-07-30,2025-07,Rd 15  Madera_acres Fire,['Madera'],20,36.995304,-120.274202,30.0,100.0
2695f2b1-10c4-4934-bdb2-60f90e8e9b9d,2025-06-10,2025-06,Miller Fire,['Trinity'],53,40.436496,-123.409997,30.0,100.0
70033b2a-f28f-4545-b1a4-fd29950a3c9d,2025-05-18,2025-05,Grange Fire,['Stanislaus'],50,37.6693899,-120.4395747,30.0,100.0
a6ce84c1-8ced-46b6-a5a1-501b7890dff6,2025-05-18,2025-05,Adams Fire,['Fresno'],10,36.631825,-119.317698,30.0,100.0
00e82f13-a668-4fac-96e5-87db742562f4,2025-04-20,2025-04,Panoche Fire,['San Benito'],35,36.656093,-120.876101,29.3,100.0
abe10547-4150-4df1-b847-87af8feddf72,2025-05-26,2025-05,Lake Fire,['Stanislaus'],50,37.648407,-120.492179,28.0,100.0
78eb688f-34df-421a-a407-5bf1ec002095,2025-07-06,2025-07,Rancho Fire,['San Luis Obispo'],40,35.532939,-120.622981,27.6,100.0
12a260cb-2f14-4527-ae9c-f8d5ffe19934,2025-07-05,2025-07,Hunter Fire,['Mariposa'],22,37.565899,-120.152833,27.0,100.0
04483315-ddce-4a70-a56f-8733f9d0fcd3,2025-08-09,2025-08,Arden Fire,['Lake'],17,39.100802,-122.805092,26.0,100.0
a1012121-c7fc-4a33-9dec-1033603bf1f5,2025-08-06,2025-08,Pond Fire,['Mendocino'],23,39.73421,-123.51271,25.2,100.0
d70f377b-58e9-419a-bf5b-00117e270fac,2025-05-16,2025-05,Washoe Fire,['Fresno'],10,36.652363,-120.460299,25.0,100.0
e9a1b964-9bff-443e-aa89-f8f933c66bd6,2025-03-24,2025-03,Buchanan Fire,['Riverside'],33,33.525303,-116.100296,25.0,100.0
c71e52ee-6c58-44ea-9a55-6751ff5ba081,2025-07-31,2025-07,Orion Fire,['Santa Barbara'],42,34.80493,-120.53608,24.7,100.0
1d662ad8-9166-4cf7-a7ff-cc2e6f8d35f1,2025-05-15,2025-05,White Fire,['Merced'],24,37.244386,-120.198126,23.4,100.0
f5c8200f-94df-4fb9-bb8b-c6079bf67cea,2025-07-07,2025-07,Fish Fire,['Fresno'],10,36.794181,-119.411635,23.0,100.0
66725740-7447-4122-97a8-185c6a949f9f,2025-05-31,2025-05,Coyote Fire,['Lassen'],18,40.4095336,-120.526195,21.6,100.0
cfa8c26e-46ab-4186-9238-cce50f9d0ce6,2025-07-07,2025-07,Corning Fire,['Tehama'],52,39.928283,-122.2985996,21.1,100.0
89dd1be6-dc1a-4b44-8430-434c3e80fd4d,2025-07-05,2025-07,Ignacio Fire,['Riverside'],33,33.543824,-116.918051,21.0,100.0
d01f8246-e27f-421e-b342-58d949af2209,2025-04-24,2025-04,Sandy Fire,['Merced'],24,37.185799,-120.513485,21.0,100.0
e57e0893-279b-4e41-a896-7b164bc0f3e7,2025-07-05,2025-07,Cactus Fire,['Riverside'],33,33.908497,-117.287235,20.6,100.0
89e8f675-02f3-4f55-897f-6ecc52be596b,2025-06-25,2025-06,Fleming Fire,['Riverside'],33,34.023047,-117.47683,20.6,100.0
1582c12d-e5c7-4901-b173-9b41b056445e,2025-05-22,2025-05,Sierra Fire,['Riverside'],33,33.847742,-117.461546,20.1,100.0
208363bf-46b4-45e8-b40c-5913b5404df8,2025-06-27,2025-06,Orange 2 Fire,['Fresno'],10,36.617488,-119.327231,20.0,100.0
5a3e58ea-ae58-40aa-842f-1742cb72ab50,2025-06-19,2025-06,South Fire,['Fresno'],10,36.617484,-119.325847,20.0,100.0
1f34192f-55aa-4fde-a116-d65b56609fdc,2025-06-13,2025-06,Clement Fire,['Shasta'],45,40.479167,-122.4495,20.0,100.0
f69dcde3-24f7-4b06-8ec4-a2a2e1884297,2025-10-26,2025-10,Grant Fire ,['Alameda'],1,37.734211,-121.620807,19.8,100.0
b85fdc63-f8c9-4746-8091-f0e459a2e6cc,2025-05-17,2025-05,Kahlon Fire,['Merced'],24,37.187714,-120.333898,18.5,100.0
5cec84ed-8b30-46ef-9ac9-f031ae689997,2025-07-04,2025-07,Springs Fire,['Riverside'],33,33.919507,-117.103765,18.0,100.0
9259639b-d550-4ec6-9c54-89ed5d79ef8e,2025-06-11,2025-06,Willow Fire,['Modoc'],25,41.812667,-120.245333,18.0,100.0
5cc37f7a-3247-44ab-ae0e-76ad1a632125,2025-07-20,2025-07,Alta Fire,['Butte'],4,39.422347,-121.470538,17.0,100.0
805b2240-1e96-4920-8bea-b4ae44005640,2025-05-13,2025-05,Hansen Fire,['San Joaquin'],39,37.719785,-121.53522,16.0,100.0
94eb10cc-563b-41a7-917e-8ae3d1b8aaa6,2025-07-09,2025-07,Victoria Fire,['Alameda'],1,37.655501,-121.659503,15.0,100.0
534d3171-a0e9-4875-af3d-cb7638dfd0fa,2025-07-07,2025-07,Birds Fire,['Solano'],48,38.1303671,-121.79616,15.0,100.0
e8ea496f-b48e-4c0e-aa43-d7fee5dcd8f2,2025-05-31,2025-05,Mccabe Fire,['Merced'],24,37.125121,-121.088612,15.0,100.0
35d0844e-0ceb-420f-b267-ab22d3afb4df,2025-05-18,2025-05,Jacobs Fire,['Fresno'],10,36.639031,-119.313661,15.0,100.0
a79b51d3-9ae7-4ec3-a8ca-9f733b89df9a,2025-01-24,2025-01,Gibbel Fire,['Riverside'],33,33.708601,-116.964339,15.0,100.0
46f15a2b-23e5-4935-8fb8-918a5ab275a5,2025-06-11,2025-06,Ford Fire,['Colusa'],6,39.302133,-122.488411,14.0,100.0
c1e1567d-4ce5-427a-9070-7be99a793ce3,2025-05-31,2025-05,Cove Fire,['Fresno'],10,36.63234,-119.3495,14.0,100.0
f5d6e65b-19e4-4ca3-83fb-f7c3f8bfafe7,2025-05-26,2025-05,Pecan Fire,['Fresno'],10,36.611351,-119.43763,14.0,100.0
6dcb6454-eea6-4f54-99c9-a8048d57f06d,2025-05-22,2025-05,Creston Fire,['San Luis Obispo'],40,35.564837,-120.560704,14.0,100.0
d4fd55a5-d2bc-4b99-bc11-7284ece809a9,2025-04-02,2025-04,68 Fire,['Riverside'],33,33.554725,-116.07895,13.3,100.0
35411052-3bc4-4ba7-a867-eec3fd57136e,2025-07-07,2025-07,Bluff Fire,['Riverside'],33,33.950365,-116.880684,12.9,100.0
98426066-4586-4ebc-a8ae-573eb3b663fe,2025-09-24,2025-09,Springs Fire,['Riverside'],33,33.768255,-117.084452,12.7,100.0
a28bd151-9463-4ea3-8a4f-d6e720f01c60,2025-08-14,2025-08,Preston Fire,['Mariposa'],22,37.257358,-119.97478,12.7,100.0
556f1827-6c95-49b8-a708-74027a55cfdf,2025-08-01,2025-08,Bernardo Fire,['San Diego'],37,33.0088892,-117.0978951,12.7,100.0
4591cb85-cb46-4af4-a772-ae36ab73c07e,2025-09-10,2025-09,Tornado Fire,['Riverside'],33,33.473554,-117.170723,12.0,100.0
3989ef92-24f5-460f-a90d-aa3f17035628,2025-07-06,2025-07,Morgan Fire,['Contra Costa'],7,37.773964,-121.778644,12.0,100.0
72824b38-fae5-4939-a262-8626d43fb202,2025-06-21,2025-06,Le Grand Fire,['Merced'],24,37.227475,-120.378832,12.0,100.0
a826b1bf-cb1f-4f11-9d1c-e8c6a70b9419,2025-06-09,2025-06,Windy Fire,['Madera'],20,37.34,-119.327,12.0,100.0
0f25abe3-087f-43cc-8523-7f8830f359d7,2025-05-24,2025-05,Pluto Fire,['Siskiyou'],47,41.573333,-122.295,12.0,100.0
7660065b-dc72-49fa-a5d4-c25f29f5f12d,2025-05-20,2025-05,Spring Fire,['Siskiyou'],47,41.33512,-122.32687,12.0,100.0
06178d7d-8293-470d-86d4-98ffa4d97586,2025-05-30,2025-05,Grubbs Fire,['Butte'],4,39.444691,-121.45917,10.4,100.0
bce3d832-a999-4314-8f5d-dec78b6b8a2a,2025-05-31,2025-05,State Fire,['Riverside'],33,33.799855,-116.972054,10.3,100.0
f7341ae4-55b4-4fb9-bb59-353f8c7951e5,2025-07-07,2025-07,Tractor Fire,['Tulare'],54,36.224616,-118.832595,10.0,100.0
dcafbf03-7e3d-452e-ba19-51f201392e69,2025-05-30,2025-05,Emily Fire,['Los Angeles'],19,34.7561047,-118.46498,10.0,100.0
3bad40df-622b-4172-8bd5-79f5b95816bf,2025-05-26,2025-05,Orange Fire,['Tulare'],54,36.60254,-119.296,10.0,100.0
6e547ca0-c187-4a01-9ec8-4104fdd45566,2025-05-18,2025-05,12th St / B St Fire,['Fresno'],10,36.630347,-119.320298,10.0,100.0
15127f35-1f17-42c2-8137-56ece7061ba0,2025-05-12,2025-05,Sapphire Fire,['San Bernardino'],36,33.954739,-117.702445,10.0,100.0
0001934f-901f-40aa-93f2-017d7debbcef,2025-04-14,2025-04,Lake Fire,['Del Norte'],8,41.869329,-124.185699,10.0,100.0
c883666b-ccbc-45ca-b800-bdd60443e6f2,2025-07-06,2025-07,Soboba Fire,['Riverside'],33,33.786094,-116.923214,9.0,100.0
7eee0dc7-7020-4a86-9be7-82b084f105d9,2025-01-22,2025-01,Center Fire,['San Diego'],37,33.001,-117.0887,7.0,100.0
c26bbba5-e5c9-4d07-85ea-830845edb464,2025-08-13,2025-08,Smittle Fire,['Napa'],28,38.560009,-122.234924,5.3,100.0
8fa12e35-097e-4de9-931c-2a2c111dcdaa,2025-06-20,2025-06,Happy Fire,['Shasta'],45,40.486435,-122.393131,2.0,100.0
fb7c1cc7-8104-4776-b89e-fd27cb9b7be9,2025-08-01,2025-08,Gifford Fire ,['Santa Barbara'],42,35.111258,-120.097902,131612.0,100.0
01e7e83e-1a4c-4f14-bd39-9ef36136a91f,2025-07-02,2025-07,Madre Fire,['San Luis Obispo'],40,35.099242,-119.982548,80779.0,100.0
ff0b75c2-1968-4021-b7cb-070b7bd73769,2025-08-24,2025-08,Garnet Fire,['Fresno'],10,36.86508,-119.027914,59844.0,100.0
5da4a983-58e7-49ad-b5fd-0be908b61d1d,2025-09-01,2025-09,Salt Fire,"['Fresno', 'Monterey']","10,27",36.011656,-120.36348,25579.0,100.0
abfed7a3-794a-4294-9852-43176dcbc18a,2025-01-07,2025-01,Palisades Fire,['Los Angeles'],19,34.07022,-118.54453,23448.0,100.0
c1c21095-0f44-4ddb-8b34-6b9c06507f3b,2025-07-09,2025-07,Orleans Complex ,['Siskiyou'],47,41.3255556,-123.4177777,22153.0,100.0
4e07582c-e388-47e6-8408-cdc7142e7091,2025-07-02,2025-07,Green Fire,['Shasta'],45,40.834939,-122.094146,19022.0,100.0
dbfa574e-1b10-4467-b5e5-7d1c06ebc8dc,2025-01-08,2025-01,Eaton Fire,['Los Angeles'],19,34.203483,-118.069155,14021.0,100.0
4eabc8a7-b2a0-4492-8b19-f2329d4bbc01,2025-09-02,2025-09,TCU September Lightning Complex ,"['Calaveras', 'San Joaquin', 'Stanislaus', 'Tuolumne']","5,39,50,55",37.998587,-120.475152,13869.0,100.0
914e88e1-6397-481c-913f-c99cbd6db94e,2025-08-26,2025-08,Dillon Fire,['Siskiyou'],47,41.54121,-123.539009,11929.0,100.0
bf194e6a-78cb-46bc-849b-567bceaabbb6,2025-01-22,2025-01,Hughes Fire,['Los Angeles'],19,34.553008,-118.56687,10425.0,100.0
85af7553-a237-4ce6-921b-e9d46a86bbce,2025-09-03,2025-09,6-5 Fire,['Tuolumne'],55,37.819667,-120.437333,7037.0,100.0
5b4fef80-5eca-4bc6-acae-02aa42a7a18b,2025-08-21,2025-08,Pickett Fire,['Napa'],28,38.6001023,-122.5519541,6820.0,100.0
a9719e0a-db5d-48d4-895c-5b096ae1802d,2025-01-23,2025-01,Border 2 Fire,['San Diego'],37,32.5947,-116.8437,6625.0,100.0
549b3868-2d30-4653-b876-eafce2d832a9,2025-09-03,2025-09,1-4 Fire,['Mariposa'],22,37.255225,-120.067334,4451.0,100.0
0b1307ff-5e5a-4a3d-b27a-9e94e0558cde,2025-06-13,2025-06,Dogs Fire,['Kern'],15,35.6025,-119.0082,4407.0,100.0
ab3eab9f-862e-47f1-803a-243507ea128c,2025-05-19,2025-05,Jaw Fire,['Kern'],15,35.3158,-118.2225,4327.0,100.0
5fbb7563-7dc7-4a36-849b-400b8488a9dd,2025-06-10,2025-06,Ranch Fire,['San Bernardino'],36,34.3745,-117.1232,4293.0,100.0
3ce1e1a6-8b18-47a4-a0c2-504b8e0d23a7,2025-08-27,2025-08,Blue Fire,['Siskiyou'],47,41.78715,-123.18499,3713.0,100.0
b664fdcf-0407-4dfd-8aaa-422e53915089,2025-07-24,2025-07,Mammoth Fire ,['Modoc'],25,41.684141,-121.323879,2533.0,100.0
c098ae85-db2e-41da-83ca-037d827c5166,2025-08-22,2025-08,Little Fire,['Kern'],15,35.569296,-118.585846,2506.0,100.0
818f89d4-5daa-471a-992b-626f26b21cec,2025-06-29,2025-06,Wolf Fire,['Riverside'],33,33.88649,-116.89942,2387.0,100.0
42ce05cd-de08-4d5f-8f0e-be53ba48dc3d,2025-11-13,2025-11,Pack Fire,['Mono'],26,37.56243,-118.788215,1974.0,100.0
a7823000-b882-4363-8cae-d92340e14a8b,2025-05-06,2025-05,Springs Fire,['Tulare'],54,35.817188,-118.954931,1817.0,100.0
32bba53a-d4c6-4672-b63a-49448c53fa68,2025-08-04,2025-08,Rosa Fire,['Riverside'],33,33.56604,-116.53338,1671.0,100.0
052d91b6-4122-4d11-a0e9-9a8bdd6b20f8,2025-06-14,2025-06,Bitter Fire,['San Luis Obispo'],40,35.543275,-120.155841,1651.0,100.0
014151c4-c77d-4fe5-9ffc-d90909ed8f4b,2025-03-30,2025-03,Silver Fire,['Inyo'],14,37.399684,-118.352523,1600.0,100.0
04a5ac6f-f585-4327-8632-c9a152fb4f1f,2025-06-17,2025-06,Monte Fire ,['San Diego'],37,32.8921885,-116.8435559,1495.0,100.0
bf459045-cd6d-46ca-b6b5-7c3383132dad,2025-06-02,2025-06,Rose Fire,['Fresno'],10,36.60343,-120.178698,1200.0,100.0
504dec0c-b35c-47f9-9ef1-df84c5412c70,2025-09-01,2025-09,Log Fire,['Siskiyou'],47,41.41726,-123.2668,1170.0,100.0
adb9e4c0-569d-485d-bced-0cee394bc3c3,2025-07-16,2025-07,Dale Fire,['Riverside'],33,33.51744,-116.78672,1096.0,100.0
0ccc3062-fdb2-43e1-95e3-08a91f262264,2025-08-04,2025-08,Gold Fire,['San Bernardino'],36,34.320286,-116.906906,1079.0,100.0
98dad47e-805e-4300-8220-c908df687b4b,2025-01-09,2025-01,Kenneth Fire,"['Los Angeles', 'Ventura']","19,56",34.185198,-118.66991,1052.0,100.0
0c0572ad-e2dc-4467-a678-c9e8ba57a410,2025-09-03,2025-09,Marmon Fire,['Fresno'],10,36.24125,-120.102889,1034.0,100.0
7e192d1a-cdab-443a-b895-b6190b050526,2025-09-02,2025-09,6-2 Fire,['Tuolumne'],55,37.77721,-120.38529,1025.0,100.0
bc6cfae1-6556-46a7-ab4a-4a7598c07d8b,2025-08-11,2025-08,Mountain Fire,['Modoc'],25,41.8124,-121.33,980.0,100.0
b0eaba5c-1bf5-4123-aa6e-26c212bd596e,2025-05-18,2025-05,Democrat Fire,['Kern'],15,35.479027,-118.7094208,895.0,100.0
a691fef4-eefe-4f79-bff8-64fa7e0fe8c5,2025-06-25,2025-06,Dias Fire,['Fresno'],10,36.0498,-120.3988,852.0,100.0
ed36cf94-75d8-43f6-913a-d15646907311,2025-01-08,2025-01,Hurst Fire,['Los Angeles'],19,34.32533,-118.478134,799.0,100.0
08531865-4d19-4fe5-9eb2-11fbb173063d,2025-06-30,2025-06,Juniper Fire,['Riverside'],33,33.801555,-117.325778,756.0,100.0
639d1196-4ded-42d0-a787-06d84bd8082f,2025-07-03,2025-07,Marble Complex Fire,['Siskiyou'],47,41.52404,-123.13222,747.0,100.0
377b11f3-53f5-40f6-8cd0-d3ca6a20da5d,2025-09-01,2025-09,Root Fire,['Shasta'],45,41.159093,-122.397152,729.0,100.0
c8d4f29a-e833-49e9-a905-f02af3a6205e,2025-05-22,2025-05,Inn Fire,['Mono'],26,38.009312,-119.156506,728.0,100.0
10b40268-289c-4fcc-a7ce-0e2d584b745f,2025-07-15,2025-07,Fay Fire,['Kern'],15,35.7349929,-118.3068082,686.0,100.0
55621216-5ec5-430d-aff6-0f93b203fbfb,2025-05-14,2025-05,Acres Fire,['Madera'],20,37.0815942,-120.0170157,636.0,100.0
c70ae143-c751-48fe-a10a-f1c0347c3bd6,2025-08-20,2025-08,Coyote Fire,['El Dorado'],9,38.535896,-120.636971,624.0,100.0
3ddaa74b-f795-4e8d-8e53-d837f98be748,2025-06-13,2025-06,Hudson Fire,['Kern'],15,34.9578,-119.403,616.0,100.0
a503c875-cf30-411a-925b-d120439d5ffd,2025-06-11,2025-06,Little Fire,['San Benito'],35,36.656093,-120.876101,586.0,100.0
31e4db70-aaf9-4864-ab09-d2e90201764e,2025-08-14,2025-08,King Fire,['Los Angeles'],19,34.720071,-118.79656,577.0,100.0
dab25b3c-d36c-4778-a9e8-edf2f5ef7407,2025-08-25,2025-08,Swift Complex,['Trinity'],53,40.9044444,-122.8508333,540.0,100.0
c6b55ce4-48c8-4027-978b-b880b4dfd5b5,2025-05-17,2025-05,Nella Fire,['Merced'],24,37.0462978,-120.9680028,535.0,100.0
ce840fb1-e2d2-4b9a-bc9c-fbe67dbddb7f,2025-08-24,2025-08,R-3 Fire,['Lassen'],18,40.435833,-120.477333,500.0,100.0
65296e0e-94a3-405e-bd6a-a28ace795d80,2025-08-21,2025-08,Crow Fire,['San Diego'],37,33.4530278,-117.5346389,500.0,100.0
9163f470-265d-422f-92fb-5d8ea9ca1acf,2025-06-28,2025-06,Lake Fire,['San Bernardino'],36,34.28816,-117.349169,485.0,100.0
6028f6f3-75b9-414c-a66b-a4cfec15ed54,2025-06-12,2025-06,Firestone Fire,['Fresno'],10,36.0931954,-120.4557421,482.0,100.0
33ce048a-b003-4336-a9ee-fa2d9511d760,2025-08-14,2025-08,Hawk Fire,['Los Angeles'],19,34.5314258,-118.2272114,481.0,100.0
f49cf3f1-35c2-4863-a7ee-755e908c9d18,2025-09-03,2025-09,Paladino Fire,['Kern'],15,35.417279,-118.927674,461.0,100.0
512e6848-d749-4ecb-b9c3-4f89495ec383,2025-09-06,2025-09,Pyrite Fire,['Riverside'],33,34.017805,-117.462368,450.0,100.0
38ad3e62-0bfb-44c9-b160-86e8fd9c3b0d,2025-06-22,2025-06,Benito Fire,['Fresno'],10,36.730979,-120.360998,430.0,100.0
357031c1-f5cb-40af-a634-754e427f7fb0,2025-07-13,2025-07,Max Fire,['Fresno'],10,36.9646836,-119.2280383,426.0,100.0
77f07fa7-3b2e-46f0-a5db-a96fd1ea226b,2025-08-07,2025-08,Panoche Fire,['San Benito'],35,36.635134,-120.989102,423.0,100.0
6b89b685-6a60-49dd-81ea-f33ec5dfa215,2025-05-26,2025-05,Run Fire,['Madera'],20,37.08447,-119.99113,420.0,100.0
6018c27d-885c-49b7-bb73-bb95969347f6,2025-09-19,2025-09,Solar Fire,['Fresno'],10,36.61751,-120.333854,418.0,100.0
76b3ce59-5628-4cb0-9ac5-0ed5664745b5,2025-08-28,2025-08,Lake Fire,['Modoc'],25,41.86292,-121.22717,401.0,100.0
c64713dc-7279-43b0-b075-9570a4211973,2025-08-03,2025-08,Lake Fire,['Lake'],17,38.9775809,-122.6525158,401.0,100.0
ff703d8a-d4be-4eaa-8a56-64dbed6c9d79,2025-09-02,2025-09,Hornitos 1-2 Fire,['Mariposa'],22,37.529667,-120.256117,390.0,100.0
fb704e26-37b6-4832-a15a-b7630d6438b6,2025-06-05,2025-06,Fort Fire,['Kern'],15,34.8892431,-118.920401,389.0,100.0
c606c9b4-5e5d-4d54-8ae0-00ad4239a277,2025-06-20,2025-06,Camino Fire,['Tuolumne'],55,37.759084,-120.464241,387.0,100.0
96558c49-db9a-4e14-8329-6f5a487287ea,2025-07-02,2025-07,Horse Fire,['Shasta'],45,40.87206,-122.55849,385.0,100.0
c139680a-c78e-4ebf-8de2-c0b4870b97a2,2025-11-02,2025-11,Gianelli Fire,['Tuolumne'],55,38.077702,-120.196545,372.0,100.0
3502e42e-91be-4d4f-a164-a0b139383059,2025-07-07,2025-07,Bridge 3 Fire,['Humboldt'],12,40.172678,-123.60102,366.0,100.0
6d56edaa-f51d-4fe7-a478-db1e6e7f0795,2025-06-19,2025-06,Somersville Fire,['Contra Costa'],7,37.981065,-121.850359,358.0,100.0
83adc92b-bd6c-458a-a2b1-43b3ee2c27b3,2025-01-08,2025-01,Lidia Fire,['Los Angeles'],19,34.4408,-118.2433,348.0,100.0
bdc85ac3-5b32-41f9-9731-2ed55ae7fb8f,2025-04-26,2025-04,Reef Fire,['Kings'],16,35.813704,-120.014805,335.0,100.0
1191b16b-f398-4545-9827-674ed99b1f05,2025-05-17,2025-05,Idria Fire,['San Benito'],35,36.543667,-120.835667,330.0,100.0
7533b587-26cd-4518-bbe7-299050c6e2fb,2025-09-02,2025-09,Moraga Fire,['Merced'],24,37.079208,-120.962011,315.0,100.0
d9f850ad-d72a-4fe6-9c10-5e140356b7af,2025-10-29,2025-10,Bummer Fire,['Tuolumne'],55,38.305002,-120.026064,293.0,100.0
ba0bb42a-b850-4305-9f87-ad1807020261,2025-09-02,2025-09,Canal Fire,['Madera'],20,37.119648,-120.074557,272.0,100.0
9a83f189-c39b-49f9-a853-879593dc77bc,2025-06-11,2025-06,Dino Fire,['Santa Clara'],43,37.066401,-121.219118,266.0,100.0
f65d7124-a461-4c82-b892-d55105860d13,2025-07-27,2025-07,Medicine Fire,['Mendocino'],23,39.831628,-123.267618,262.8,100.0
9ba4bf27-e4d6-4055-8d65-9f2162ae9287,2025-05-22,2025-05,Midway Fire,['Alameda'],1,37.71488,-121.561663,261.0,100.0
075f506d-0a46-474f-8734-fcfa7cd2ae74,2025-10-27,2025-10,Sage Fire,['Mono'],26,37.4864,-118.4867,260.0,100.0
7f9b2183-819f-4487-926b-aa36b4a31c1b,2025-07-31,2025-07,1-4 Fire,['Lassen'],18,40.445172,-120.656672,260.0,100.0
1f30d922-c369-4462-b736-d7148c82c029,2025-05-31,2025-05,Henderson Fire,['San Diego'],37,33.3803841,-117.0608758,256.0,100.0
d06257a8-4409-4238-8f45-b27b8cf899b1,2025-09-03,2025-09,1-3 Fire,['Mariposa'],22,37.262108,-120.007439,250.0,100.0
48a7d32f-2ecc-4030-acf5-e4a2a1ef8ce3,2025-08-14,2025-08,Heather Fire,['Siskiyou'],47,41.932642,-122.4019,240.0,100.0
e68315fd-ee43-4666-baaf-5d02e7c741c2,2025-07-26,2025-07,Boneyard Fire,['Tuolumne'],55,37.773371,-120.214807,227.0,100.0
a1a24bab-e19d-49d5-a3f2-46281022f261,2025-05-30,2025-05,Eureka Fire,['San Bernardino'],36,34.0618164,-116.3269976,214.0,100.0
58a0c153-985b-4481-961c-92af3023bb6b,2025-06-27,2025-06,Saddle Fire,['Tulare'],54,36.400201,-118.944829,206.0,100.0
b0fbc28d-1c08-45a6-9fb9-85489e5db871,2025-06-10,2025-06,Cahuilla Fire,['Riverside'],33,33.540872,-116.740299,188.0,100.0
9ffc1d50-1031-4227-a4b5-4d000ae8f8ae,2025-06-17,2025-06,Bonanza Fire,['El Dorado'],9,38.65789,-120.88977,181.2,100.0
dfbec069-f13b-4c6b-a906-18279d69fe85,2025-06-24,2025-06,Monterey Fire,['Fresno'],10,36.486982,-120.370491,180.0,100.0
110b2fac-26a2-41b3-8ce1-6333e009cbb0,2025-06-24,2025-06,Granite Fire,['Kern'],15,35.511497,-119.01354,175.0,100.0
01fa37af-7ca8-4d5a-bdfc-60888a4b444f,2025-05-10,2025-05,Catlett Fire,['Placer'],31,38.846183,-121.407882,175.0,100.0
b10d856e-7741-4295-88eb-cd1c834ff295,2025-08-15,2025-08,Herman Fire,['Solano'],48,38.097839,-122.131599,167.0,100.0
22cea9ae-fd92-4502-8ae6-f3470dfbc8f0,2025-07-12,2025-07,Scavenger Fire,['Fresno'],10,36.226722,-120.193833,165.0,100.0
ae18777a-ca05-418d-965c-b34355a324d1,2025-08-10,2025-08,Richbar Fire,['Kern'],15,35.468395,-118.722809,158.3,100.0
14cd1228-9114-43be-810e-867fc540bec4,2025-06-19,2025-06,Rancho Fire,['Shasta'],45,40.405179,-122.314137,157.0,100.0
3482d4a7-c0f5-4b99-b428-bb093275e90f,2025-09-04,2025-09,Rd 29 / Ave 16.25 Fire,['Madera'],20,36.985276,-120.019506,150.8,100.0
4876140b-cfd2-4790-b779-619cb3b72fd8,2025-08-04,2025-08,Ranch Fire,['Placer'],31,38.839,-121.299167,140.0,100.0
3e30d9df-db01-4acb-934c-af5cd0fe2879,2025-08-23,2025-08,Lierly Fire ,['Kern'],15,34.995365,-119.044543,139.0,100.0
7ccaece9-72e8-4e4a-9cd6-176dfae15511,2025-06-11,2025-06,Rocky Fire,['Tulare'],54,36.301073,-119.089751,137.0,100.0
4cba24e3-da08-4c70-9bd1-9ba7a4de5db8,2025-08-04,2025-08,Claypit Fire,['Sacramento'],34,38.409043,-121.028053,128.0,100.0
ee3f98a9-3e34-4ac0-a032-78afd6c1b0b1,2025-07-23,2025-07,Euclid Fire,['San Bernardino'],36,33.922339,-117.64923,120.0,100.0
48ce54e5-c038-4496-9574-eebcfec97748,2025-08-22,2025-08,Parks Fire,['Alameda'],1,37.732098,-121.908142,118.0,100.0
64f3cd30-8327-4384-bb56-63ac835a0b7f,2025-08-08,2025-08,Tiger Fire,['Amador'],3,38.430401,-120.516289,118.0,100.0
e93e606b-bcb0-4df3-8ae2-20e80bb43d87,2025-07-03,2025-07,Helena Fire,['Trinity'],53,40.794628,-123.132571,110.0,100.0
83cf174a-71c4-4590-acf9-3ba7a78d91ae,2025-06-29,2025-06,Mindy Fire,['Riverside'],33,33.55768,-116.85995,109.0,100.0
b8f95fe9-87af-4f12-a351-4fd38ad0bae6,2025-06-10,2025-06,SKU Early June Lightning Complex,['Siskiyou'],47,41.716795,-122.345743,108.1,100.0
e88762cb-c444-463b-a9fa-bd131be581b4,2025-10-04,2025-10,Alma Fire,['San Luis Obispo'],40,35.307304,-119.860559,107.0,100.0
e2e8daf9-9b18-457b-b741-f6f57c5f3ebf,2025-08-25,2025-08,SKU Late August Lightning Complex,['Siskiyou'],47,41.0,-122.0,107.0,100.0
55e1f98c-9529-4506-a70c-9e0dcd1390be,2025-10-09,2025-10,Rancho 3 Fire,['San Diego'],37,33.0751624,-116.769802,105.0,100.0
588fcef3-7626-44c3-ab26-83f2ef19111c,2025-05-29,2025-05,Frazier Fire,['Kern'],15,34.8229,-118.9121,105.0,100.0
460e65e4-366e-46d1-8729-7d1756fca41a,2025-01-29,2025-01,Rosa Fire,['San Luis Obispo'],40,35.303682,-119.982524,105.0,100.0
28868992-a898-4079-979b-360e726002e0,2025-09-02,2025-09,Cedar Fire,['Trinity'],53,40.406746,-123.231979,104.0,100.0
de9b8a01-9e10-4ca7-97ad-67043afe44b4,2025-08-26,2025-08,Pomegranate Fire,['Fresno'],10,36.647094,-120.133591,100.0,100.0
99c6e291-683f-4922-88b8-deb713154b5e,2025-08-25,2025-08,R-10 Fire,['Lassen'],18,40.678028,-120.24025,100.0,100.0
77bd9c52-9888-406b-8e75-f416723bbf98,2025-07-31,2025-07,Howards Fire,['Modoc'],25,41.48008,-120.957447,100.0,100.0
e3fe0bfb-f128-4374-94d3-6c5ea20c2610,2025-06-17,2025-06,Ranch Pl Fire,['Santa Clara'],43,37.4097645,-121.8445081,92.3,100.0
08c79b64-8b60-4645-9010-ffaea3674ed8,2025-08-25,2025-08,Aberdeen Fire,['Inyo'],14,36.99955,-118.232528,91.0,100.0
bf804af8-b50d-449b-a1e4-fcb89e11def4,2025-09-03,2025-09,Myers Fire,['Riverside'],33,33.753799,-117.024162,90.0,100.0
c48978b9-c4c7-4101-b9c1-1fb310574e55,2025-05-04,2025-05,Carroll Fire ,['Sacramento'],34,38.350603,-121.398847,90.0,100.0
f967b9d0-6970-4f20-bccc-3c8df66cd38e,2025-08-08,2025-08,Runner Fire,['San Diego'],37,32.687885,-116.281929,88.4,100.0
06477093-53c9-4ee7-9883-18a739be764a,2025-09-11,2025-09,Boggs Fire,['Tehama'],52,39.962679,-122.398034,88.0,100.0
22e01b30-09bf-4e3f-9855-6b830e81543f,2025-08-10,2025-08,Ponderosa Fire,['Yuba'],58,39.386003,-121.295635,87.0,100.0
5fa1beec-2657-45ff-8f6c-3c16313ad424,2025-09-30,2025-09,Paloma Fire,['Mariposa'],22,37.482008,-120.272427,86.0,100.0
9682483b-a5ec-4aa9-9078-25b5ec45bbfb,2025-08-07,2025-08,102 Fire,['Yolo'],57,38.69111,-121.72738,86.0,100.0
f9dd207d-0f51-449a-882d-7aa6aa1eaf7c,2025-05-11,2025-05,Pozo Fire,['San Luis Obispo'],40,35.4018646,-120.1997983,86.0,100.0
b7cfefea-e9ff-441d-b58b-4d4e113dbb72,2025-06-29,2025-06,Mandalay Fire,['Riverside'],33,33.955583,-117.483115,83.1,100.0
5b3d8229-b45b-4625-8905-c35a3c471bca,2025-06-28,2025-06,Smiley Fire,['San Bernardino'],36,34.005867,-117.192261,83.0,100.0
d45df9b2-8dc5-4d88-864b-f3a842c8a2fc,2025-01-23,2025-01,Laguna Fire,['Ventura'],56,34.1655,-119.059,83.0,100.0
2bf1f3d9-4cf9-4e44-a9fd-21d8d9846781,2025-09-05,2025-09,Lodge Fire,['San Diego'],37,32.7256,-116.95884,75.0,100.0
89a8a29c-d0d3-4091-b8ca-72ad757148f7,2025-06-22,2025-06,Green Fire,['Alameda'],1,37.7378488,-121.6171198,75.0,100.0
05855e72-f24b-494c-b816-1c4c54193111,2025-06-03,2025-06,Ford Fire,['Fresno'],10,36.7485076,-119.3741071,75.0,100.0
090cbdd1-ed88-4f1b-97a6-235cc420271a,2025-07-06,2025-07,Flume Fire,['Tulare'],54,36.161296,-118.706452,73.0,100.0
c2fc1e28-9afb-497f-99d3-889923a98c95,2025-10-12,2025-10,Black Rock Fire,['San Bernardino'],36,34.063714,-116.393457,72.0,100.0
5672f0d9-db24-48c3-817c-e7b99cf25711,2025-07-13,2025-07,Canon Fire,['Solano'],48,38.2986878,-121.933483,68.1,100.0
426e587d-404d-43dc-a013-913bc5a1f41f,2025-11-02,2025-11,Scissors Fire,['San Diego'],37,33.100441,-116.478846,68.0,100.0
6cd99766-91c5-4519-95dd-602482cd1caf,2025-08-08,2025-08,Berry Fire,['Napa'],28,38.6989922,-122.2707332,68.0,100.0
48f09db4-0701-48f1-88b5-12bcea02289e,2025-05-14,2025-05,Duck Fire,['San Joaquin'],39,37.944835,-120.928401,68.0,100.0
5227a3b1-2574-449d-a60d-2c3f3a791c19,2025-05-05,2025-05,Pioneer Fire,['Tehama'],52,40.2367915,-122.4158944,68.0,100.0
3a26f52a-e198-480a-98bb-6a6f1caf3fc5,2025-05-08,2025-05,Scarlet Fire,['Fresno'],10,36.6034,-120.3885,66.0,100.0
76c3740b-7a9f-48b5-b689-97a3595a96ad,2025-06-23,2025-06,Rodeo Fire,['Contra Costa'],7,38.022773,-122.24052,65.0,100.0
481e4ea4-bbed-4ac9-8d4d-a09787de9d08,2025-05-18,2025-05,Sunset Fire,['Placer'],31,38.824583,-121.349272,65.0,100.0
e54fd92b-fcaf-4483-9f9b-cb1bbb83da7a,2025-09-14,2025-09,Madera Fire,['Madera'],20,37.010829,-120.056215,64.0,100.0
23e3e015-7049-4e65-bbc9-740f3f0c8763,2025-06-16,2025-06,Mission Fire,['Alameda'],1,37.579302,-121.917569,64.0,100.0
2a8b160f-6e69-4e79-848b-e8f77a8cc86c,2025-11-08,2025-11,Border 18 Fire,['San Diego'],37,32.594887,-116.761976,62.0,100.0
d652bbb1-ce43-459a-8dba-605eb426de13,2025-07-18,2025-07,Blue Fire,['Tulare'],54,35.8649,-118.8175,62.0,100.0
6f67ec22-c9db-4f85-af9f-1d65c8102b7c,2025-06-02,2025-06,Vista Grande Fire,['Solano'],48,38.276076,-122.0643336,62.0,100.0
6bcfdaca-6440-42fa-aa12-d0f2d7f74385,2025-09-02,2025-09,Brown Fire,['Sacramento'],34,38.464121,-121.043423,60.0,100.0
cf48f92e-8154-4f92-a003-0df210ed8d4a,2025-07-03,2025-07,Heart Fire,['Fresno'],10,36.210429,-120.085599,60.0,100.0
55e18040-1f91-4e09-9c4a-d46c149c917f,2025-03-08,2025-03,Ranch Fire,['San Bernardino'],36,34.643056,-117.351944,60.0,100.0
117f74f1-b674-4ad1-90ac-de4958715559,2025-05-23,2025-05,Spence Fire,['Yuba'],58,39.118918,-121.331078,58.2,100.0
632408e7-21ae-4c17-93b0-98150158978b,2025-08-05,2025-08,Bridge Fire,['Fresno'],10,36.733265,-120.337696,57.0,100.0
04517066-44b3-4ba0-aab6-be990571c73e,2025-06-02,2025-06,Rector Fire,['Fresno'],10,36.7665646,-119.238331,56.0,100.0
ded457ce-a55b-4d57-8ed4-da2ff5b64a3f,2025-09-06,2025-09,Crump Fire,['Riverside'],33,33.71145,-117.313944,55.0,100.0
6b986ba9-e86a-4c6d-8de5-8c44228793f8,2025-08-23,2025-08,Vail Fire,['Riverside'],33,33.498964,-116.997928,55.0,100.0
a92539ed-ed8f-4143-9f1a-2fb40672d144,2025-05-21,2025-05,Auburn Fire,['San Bernardino'],36,34.590737,-117.465727,54.2,100.0
a5827766-cb05-47eb-b8e4-659ac49fd43e,2025-07-16,2025-07,Debbie Fire,['Lassen'],18,40.092913,-120.111242,54.0,100.0
683d0fec-5b0c-4c62-a8d1-2863f2177f27,2025-06-16,2025-06,Maria Fire,['Ventura'],56,34.338157,-119.068341,54.0,100.0
36182a86-5cd4-4788-a511-addfcb488902,2025-07-19,2025-07,Jury Fire,['Tuolumne'],55,37.916947,-120.356289,53.7,100.0
110f3c65-1507-4c6f-aeee-e9170a835f1f,2025-07-25,2025-07,Shady Fire,['Riverside'],33,33.656632,-116.172565,52.4,100.0
90d8c1b4-9d68-460e-ac08-50d32436ccf9,2025-07-04,2025-07,Elwood Fire,['Fresno'],10,36.811475,-119.383467,52.0,100.0
4ba011be-8053-463f-97a0-225ae21d7ad9,2025-06-28,2025-06,Chance Fire,['San Luis Obispo'],40,35.765157,-120.769914,52.0,100.0
be3d405d-c19a-4c9e-9f17-5284a710d9d8,2025-05-18,2025-05,Walnut Fire,['Contra Costa'],7,37.874694,-121.69861,51.2,100.0
ea201a75-e79c-4ff4-91fb-3ccc9142f1aa,2025-08-02,2025-08,Donovan Fire,['San Luis Obispo'],40,35.527328,-120.508946,51.0,100.0
c7c33e08-b93d-4de0-8394-6ef53d2ce621,2025-08-01,2025-08,Lassen Fire,['Tehama'],52,40.028565,-122.086035,51.0,100.0
ee23cc11-ce64-4edf-83ac-930943e2ed52,2025-07-23,2025-07,Mitchell Fire,['Riverside'],33,33.563156,-116.695847,51.0,100.0
3c0ac68e-5cec-4c96-a322-18bc6e43992c,2025-06-19,2025-06,Hawick Fire,['San Diego'],37,32.828836,-116.8865217,51.0,100.0
9e256520-38d3-4c92-84f5-d09ca04fcd94,2025-09-01,2025-09,S-14 Fire,['Modoc'],25,41.317155,-120.115829,50.0,100.0
9b226bc1-de53-4e6b-abd2-a743d7f1c121,2025-07-20,2025-07,Frontage Fire,['San Bernardino'],36,34.548782,-117.296674,50.0,100.0
c594e5d5-06d5-4f9a-bd37-f2280f9af8f1,2025-07-11,2025-07,Springs Fire,['San Diego'],37,32.7145184,-116.7478188,50.0,100.0
95855b3f-ff88-45cd-8de6-86fa973ac967,2025-06-06,2025-06,Jack Fire,['Kern'],15,35.708223,-120.157902,50.0,100.0
ae42afac-b38f-4d58-968d-d876d5e29ced,2025-06-15,2025-06,Riosa Fire,['Placer'],31,38.9750021,-121.3711948,49.1,100.0
e6f0fbb8-8a04-4969-9dfe-6ff995e1c84c,2025-08-30,2025-08,Tombstone Fire,['Fresno'],10,36.901167,-118.817167,49.0,100.0
aa24ecdd-5b7c-4ef2-8423-dc88687c5965,2025-08-26,2025-08,Butter Fire,['Kern'],15,35.464035,-118.147758,48.0,100.0
c1318018-7d6a-44ba-9e01-568fa18267aa,2025-08-29,2025-08,Peter Fire,['Lake'],17,38.919426,-122.876633,47.0,100.0
9d372a20-0746-4842-bd0f-bff3c34d4bf3,2025-08-24,2025-08,Canal Fire,['Madera'],20,37.097674,-120.029309,46.0,100.0
f8074843-7b89-41ff-b0bb-8d9fb609a236,2025-08-03,2025-08,Oak Fire,['Riverside'],33,34.0005417,-117.1513823,46.0,100.0
799f9d83-3649-4b48-afce-a64ff2fa476e,2025-06-23,2025-06,Grizzly Fire,['Tuolumne'],55,37.783207,-120.26613,46.0,100.0
a347e4a0-e25d-4fd8-aec2-eeb90773fe53,2025-06-21,2025-06,Colvin Fire,['Tulare'],54,36.470737,-119.167075,46.0,100.0
473966df-9c8c-4030-8d6a-3f99304e088f,2025-06-13,2025-06,Airline Fire,['San Benito'],35,36.351124,-120.963426,46.0,100.0
c59e12dd-db75-450d-b3bd-af542dc2372c,2025-08-07,2025-08,Butte Fire,['Modoc'],25,41.955097,-121.120371,45.0,100.0
631c3c90-dfad-4cac-8859-06950210132d,2025-06-12,2025-06,Claro Fire,['San Diego'],37,33.080796,-117.212509,45.0,100.0
0434262e-c6ca-4232-a2b4-ad0f5589b036,2025-01-23,2025-01,Sepulveda Fire,['Los Angeles'],19,34.0968,-118.47541,45.0,100.0
d769e11f-e3dc-479d-853f-f339470d7ca3,2025-09-02,2025-09,Sierra Fire,['Placer'],31,38.862604,-121.21753,44.0,100.0
48c29c55-5fe3-4551-84f3-26498eba7bc3,2025-06-17,2025-06,Howe Fire,['Ventura'],56,34.390543,-118.788721,44.0,100.0
6f61252e-c7f6-4c2b-b445-ffb1a666515d,2025-05-09,2025-05,Anchor Fire,['Fresno'],10,36.704866,-119.30285,43.5,100.0
810ed9c5-010c-4149-ad21-4afaa724d944,2025-05-24,2025-05,Milpas Fire,['San Bernardino'],36,34.413935,-117.102917,43.2,100.0
6155c47b-b61c-48d6-bb2c-6a69a6431761,2025-08-24,2025-08,Point Fire,['Shasta'],45,40.38862,-122.40685,43.0,100.0
bd1877e5-4421-4e52-b4cc-4b863f708c87,2025-06-10,2025-06,McNamara Fire,['Merced'],24,37.228714,-120.457979,43.0,100.0
3b0d8af8-f3c9-4629-8735-641d9f6af3e7,2025-01-09,2025-01,Sunset Fire ,['Los Angeles'],19,34.1105,-118.3536,42.8,100.0
fa144dab-4ddd-45f8-83b6-1a90f50d67b3,2025-08-18,2025-08,Carlos Fire,['San Luis Obispo'],40,35.453419,-120.66952,42.5,100.0
35a51e16-3605-4756-970f-828aeebb8090,2025-07-26,2025-07,3-5 Fire,['Lassen'],18,40.9814,-121.280552,42.5,100.0
e2f7d285-7b47-40c0-802e-b7de9e51da56,2025-01-02,2025-01,Oak Fire,['Santa Barbara'],42,34.883723,-120.246601,42.0,100.0
24e81360-1adc-4698-a555-8889e495116a,2025-08-27,2025-08,5-4 Fire,['Shasta'],45,40.782379,-122.639809,40.5,100.0
be152584-dd03-495a-9f91-e0bf8ececbff,2025-06-17,2025-06,Tule Fire,['Tulare'],54,36.024449,-118.803799,40.4,100.0
d93b91e1-a909-4c1d-ae42-3249ef874b43,2025-08-23,2025-08,Tanabe Fire,['Yuba'],58,39.265104,-121.514636,40.0,100.0
0ac52778-b57a-40d3-a456-a2695c8d1114,2025-07-14,2025-07,Jefferson Fire,['Fresno'],10,36.654009,-120.315699,40.0,100.0
dd9ec694-07b3-45ee-a17f-a1729ef2460d,2025-07-13,2025-07,Marie Fire,['Fresno'],10,36.748969,-120.369387,40.0,100.0
23e74ed4-dda9-4762-bbcf-3e7a339758c0,2025-08-26,2025-08,3-22 Muck Fire,['Lassen'],18,40.97749,-121.227729,39.8,100.0
bb8a6dc1-0875-4144-b56b-07d3796155b3,2025-07-25,2025-07,Pearl Fire,['Kern'],15,35.6182,-118.48813,39.7,100.0
4a9e5bab-2700-4f02-ba6a-6408daff194c,2025-10-11,2025-10,Rock Fire,['Lake'],17,38.885668,-122.44521,39.0,100.0
c59146ec-ab73-416a-b66f-e4b568f5208a,2025-02-28,2025-02,Scout Fire,['San Diego'],37,33.250188,-116.688664,39.0,100.0
ffbf3cae-7cb8-4bed-98ed-fc8a8e512b5e,2025-07-20,2025-07,Trap Fire,['Mariposa'],22,37.514275,-120.012292,38.3,100.0
f6e3470c-a717-4e52-9c88-2be8d359631f,2025-04-18,2025-04,Dunes Fire,['Del Norte'],8,41.804082,-124.220177,37.0,100.0
2d15d2af-d4a5-4f41-a17c-b17e3030ea93,2025-09-26,2025-09,Martell Fire,['Stanislaus'],50,37.906127,-120.732557,36.8,100.0
d5765fe2-4b65-4dcd-8e1e-923926c23d35,2025-09-25,2025-09,Joaquin Fire,['Fresno'],10,36.219908,-120.498195,36.7,100.0
c956becc-63af-4fd1-8aa6-9da2e496d5d5,2025-09-03,2025-09,Forebay Fire,['Butte'],4,39.524747,-121.612192,36.4,100.0
314d2f97-54dd-422b-9864-16135e58a0e3,2025-08-21,2025-08,Cantova Fire,['Sacramento'],34,38.489675,-121.100506,36.3,100.0
25ec6d00-c91d-450d-bd04-73656a96622d,2025-09-17,2025-09,East Fire,['Merced'],24,37.491158,-120.612219,36.0,100.0
0c1912a0-f243-4219-94b9-0c3b96c6de9e,2025-08-25,2025-08,High Fire,['Fresno'],10,36.964445,-119.343755,36.0,100.0
a7ecc916-19c1-4b1a-b018-a0a656526752,2025-06-26,2025-06,Jasper Fire,['Los Angeles'],19,34.4255821,-118.6586194,36.0,100.0
72dd20ec-d741-40bf-b459-43a9ed28bc3d,2025-06-23,2025-06,Washington Fire,['Merced'],24,37.302318,-120.760519,35.0,100.0
67a0c1a1-175f-4ca1-85f4-9ba3245f6880,2025-07-01,2025-07,Peak Fire,['Tulare'],54,36.523445,-118.894072,34.3,100.0
a09db6c1-addb-4985-b09f-79c9dee4dcea,2025-08-27,2025-08,Franciscan Fire,['Shasta'],45,40.472116,-122.181166,34.0,100.0
6c143c7e-d33c-4d0b-b434-d33a13705328,2025-01-15,2025-01,Little Mountain Fire,['San Bernardino'],36,34.154384,-117.32064,34.0,100.0
62a80530-b52c-4fe2-9d3a-d5057db88a6d,2025-09-02,2025-09,Michigan Fire,['Amador'],3,38.379304,-120.986172,33.3,100.0
6289cfc9-cacf-4db5-94a0-0b8b7e8f8895,2025-09-05,2025-09,Springs Fire,['San Bernardino'],36,34.361588,-117.16674,33.0,100.0
f4e57b28-c96e-45bb-bf29-d4844d9abc7d,2025-06-20,2025-06,Rush Fire,['Trinity'],53,40.712794,-122.81401,33.0,100.0
d6fc3032-2416-4bae-b758-76c722c657ad,2025-09-01,2025-09,Springs Fire,['Tehama'],52,40.4017003,-121.8143349,32.0,100.0
e6937d67-d13e-4941-8079-559703c0660d,2025-05-09,2025-05,99 Fire,['Butte'],4,39.55236,-121.688719,32.0,100.0
c3bac26e-e528-48de-ba61-d275d4382bab,2025-07-16,2025-07,Grain Fire,['Tulare'],54,35.91106,-119.03899,31.8,100.0
a587f706-5428-44f7-aa94-ead7be01edac,2025-07-19,2025-07,Willow Fire,['Madera'],20,37.118,-119.932289,31.5,100.0
5ae072be-edb9-4553-afd2-ef8d0108a63d,2025-05-29,2025-05,Paloma Fire,['Merced'],24,37.396908,-120.460411,31.0,100.0
052109ae-c63f-42e5-96db-e0caec9d0796,2025-08-31,2025-08,Stonewall Fire,['Monterey'],27,36.448208,-121.226906,30.6,100.0
cd5d2222-9721-4800-a0b7-604d56b86a93,2025-09-29,2025-09,Vleck Fire,['Sacramento'],34,38.482401,-121.074736,30.0,100.0
e66a9f93-dd3c-41bf-8a95-ec2671bd116f,2025-08-04,2025-08,Santa Fire,['Merced'],24,37.053702,-120.966641,30.0,100.0
86ecd8ea-4e67-400a-970f-c0d7033232ca,2025-08-02,2025-08,Fremont Fire,['San Bernardino'],36,34.429401,-117.653566,30.0,100.0
938c350c-e4c7-43aa-b74a-a60878fac303,2025-06-17,2025-06,Raymond 2 Fire,['Madera'],20,36.98112,-120.034098,30.0,100.0
f24fc520-d285-4223-ace6-e46b93bd26d0,2025-05-29,2025-05,Stadium Fire,['Fresno'],10,36.613311,-119.322764,30.0,100.0
27998576-98a2-4a2d-bc1a-afdf09066ecb,2025-05-27,2025-05,65 Fire,['Kern'],15,35.46115,-119.08242,30.0,100.0
c2159108-ab33-4b74-8ef1-3706df7aecda,2025-01-08,2025-01,Woodley Fire,['Los Angeles'],19,34.17973,-118.47438,30.0,100.0
cb94c161-a4a5-4734-ac55-80bad3ccfc8b,2025-07-15,2025-07,Fobes Fire,['Riverside'],33,33.636667,-116.634361,29.0,100.0
b228fa71-e2c7-4b82-aa46-cefd7f2149fb,2025-08-25,2025-08,Branch 2 Fire,['Fresno'],10,36.950182,-119.34644,28.0,100.0
5e349d97-2863-4b52-a2ed-0f4560d8b1cf,2025-07-09,2025-07,Steele Fire,['San Diego'],37,32.733209,-116.914968,28.0,100.0
f7e153f3-91da-4cc3-a33b-dd7783c36a02,2025-05-14,2025-05,Toro Fire,['Riverside'],33,33.757845,-117.345037,27.8,100.0
d11d8cdb-f0c4-487b-8a1d-bf9e0a64b355,2025-05-18,2025-05,Panoche Fire,['Fresno'],10,36.63874,-120.624598,27.0,100.0
0ae5bd29-1d0f-4a1e-b1cc-400386f7d1b8,2025-05-15,2025-05,Globe Fire,['Santa Barbara'],42,34.886238,-120.593673,27.0,100.0
69d2b787-9eed-431c-87d3-e584ca37e464,2025-07-04,2025-07,Sabe Fire,['San Benito'],35,36.801216,-121.271644,26.7,100.0
c75674f5-5290-49b0-aafc-8d5c24add457,2025-06-29,2025-06,Kenyon Fire,['Shasta'],45,40.54094,-122.40611,26.0,100.0
13a5b063-02bb-4f53-b110-928f98d2fa27,2025-06-22,2025-06,Rock Fire,['Merced'],24,37.515906,-120.452933,26.0,100.0
9666b843-8126-4a70-a753-93711f782529,2025-05-18,2025-05,Corn Fire,['Fresno'],10,36.661361,-119.14466,26.0,100.0
b6bba77b-4892-4f29-832b-04a58a1ba9b1,2025-04-19,2025-04,Canyon Fire,['Merced'],24,36.991952,-120.908311,26.0,100.0
1693e271-6411-4c4e-a83f-af66f94ca823,2025-07-01,2025-07,Quarry Fire,['San Joaquin'],39,38.308538,-120.970323,25.9,100.0
462ddd93-568f-4a64-bb6a-4825e2503d3f,2025-09-17,2025-09,Pass Fire,['Tulare'],54,36.20052,-118.181595,25.7,100.0
8a3c1044-8b32-40f7-8036-c87890c6d0b3,2025-06-21,2025-06,Clark Fire,['Butte'],4,39.619667,-121.628921,25.3,100.0
c3f6d925-9839-4139-baad-2765138f45db,2025-09-02,2025-09,Park Fire,['Monterey'],27,35.945333,-120.3755,25.0,100.0
f6fd378d-cb6e-429a-b871-7f9bcc82025a,2025-08-08,2025-08,Philadelphia Fire,['Riverside'],33,34.033455,-117.50691,25.0,100.0
33d6cf9b-2d77-4039-baac-19b90988f804,2025-08-01,2025-08,4-8 Fire,['Modoc'],25,41.319441,-120.747715,25.0,100.0
080119cb-3fea-4f59-91bd-1cb0a3f98fe3,2025-06-13,2025-06,Rica Fire,['Yuba'],58,39.27736,-121.479804,25.0,100.0
4eef0191-65aa-46a0-8227-d1553896a5b0,2025-01-02,2025-01,Border Fire,['San Diego'],37,32.59853,-116.82817,25.0,100.0
0f725e7d-48e5-4fdd-9671-c62a5e0ab18f,2025-07-19,2025-07,Coulter Fire,['El Dorado'],9,38.55184,-121.004153,24.9,100.0
c7565eb5-c12d-4401-ae8f-aeb3cc41b605,2025-07-25,2025-07,W-2 Fire,['Modoc'],25,41.392519,-120.43839,24.7,100.0
9292651d-1137-42aa-8d50-982437246e91,2025-07-01,2025-07,Perch Fire,['Siskiyou'],47,41.920673,-122.4204,24.4,100.0
b6055b28-a825-4be5-a9ef-a5f63f377cb4,2025-09-04,2025-09,Billy Fire,['Merced'],24,37.020145,-120.99063,24.3,100.0
fb38fa74-9a89-4e09-a208-aaa84ad5656d,2025-07-12,2025-07,Parkway Fire,['Sacramento'],34,38.493586,-121.09374,24.2,100.0
4bf75173-5605-4990-8525-233af5de2f70,2025-06-05,2025-06,Juan Fire,['San Luis Obispo'],40,35.386609,-120.1656,24.2,100.0
0e752865-9282-4376-a47b-a01b3137198e,2025-10-07,2025-10,Sandia Fire,['San Diego'],37,33.444583,-117.264357,24.0,100.0
d9b216b4-4c0d-4756-b37f-a463cedca03d,2025-08-31,2025-08,Kettle Fire,['Fresno'],10,36.9397,-118.7677,24.0,100.0
b693a737-9d35-4881-bd17-d6d548c86ad1,2025-08-27,2025-08,Parkville Fire,['Shasta'],45,40.43326,-122.188718,24.0,100.0
270ab2cc-1c68-4ffc-a7b2-5990bebe1de6,2025-08-26,2025-08,3-27 Fire,['Lassen'],18,41.088854,-121.057196,24.0,100.0
b73f17b3-812a-48d1-8392-f96c65f4ad8a,2025-08-04,2025-08,Mckinley Fire,['Fresno'],10,36.778239,-120.657099,24.0,100.0
6292b9d7-ea32-4342-b869-c04244c71224,2025-05-30,2025-05,Hensley Fire,['Madera'],20,37.100283,-119.883749,24.0,100.0
4e227d77-89e7-4979-9939-fcc5ffa68845,2025-10-07,2025-10,School Fire,['San Mateo'],41,37.320463,-122.366039,23.5,100.0
c9efe369-7ff1-463a-82a1-076732c3e4df,2025-09-14,2025-09,Hunt Fire,['Calaveras'],5,38.021791,-120.775674,23.3,100.0
310efa03-a8be-465b-b30f-102a76b15080,2025-07-24,2025-07,Posta Fire,['San Diego'],37,32.667663,-116.430132,23.0,100.0
66bbfc0a-d8a9-4bb3-b4af-e0b891083c48,2025-06-11,2025-06,Lake Fire,['Kern'],15,35.116076,-119.30306,23.0,100.0
ad8a290a-744d-498e-b4e9-b94f78b5e146,2025-08-21,2025-08,Watson Fire,['Santa Clara'],43,37.084305,-121.644112,22.8,100.0
7704bb91-db3a-4a24-b125-1b0e689fca4e,2025-05-15,2025-05,Acampo Fire,['San Joaquin'],39,38.148511,-121.040983,22.1,100.0
d598137f-a3d8-47c3-beb4-8a3b4fcb4084,2025-09-22,2025-09,Uphill Fire,['El Dorado'],9,38.827689,-120.998424,22.0,100.0
68594725-8904-4e2d-83aa-ab833f666deb,2025-07-18,2025-07,Stetson Fire,['Riverside'],33,33.729228,-117.076401,22.0,100.0
6655119d-7259-4e18-bc85-85f95e590d2a,2025-06-16,2025-06,Mission 2 Fire,['San Diego'],37,33.304144,-117.222897,21.4,100.0
6d0de3a4-b1e2-4869-a2ae-f624a4e0d3f5,2025-07-26,2025-07,Green Fire-RRU,['Riverside'],33,33.882719,-117.641517,21.0,100.0
b4d57fe0-8b23-4c00-9b32-140f485698ec,2025-07-15,2025-07,Piedra Fire,['Fresno'],10,36.745812,-119.450866,21.0,100.0
510ca45e-10ff-4440-82ea-e02a312fc631,2025-09-08,2025-09,Lake Fire,['Lassen'],18,40.375587,-120.48818,20.8,100.0
8a82fc3c-9e5b-4498-b59f-6e11eacdd7ce,2025-07-24,2025-07,4-1 Fire,['Modoc'],25,41.459967,-120.924262,20.7,100.0
4782d694-390c-4f8a-8e9f-d34cb123216b,2025-08-28,2025-08,Hutton Fire,['San Luis Obispo'],40,34.990911,-120.437696,20.5,100.0
9ebacc83-5d1a-4ef4-b62d-65792274abb6,2025-06-15,2025-06,Heaven Fire,['Siskiyou'],47,41.829538,-122.655185,20.1,100.0
be4c1c64-9b6c-4d40-bbfc-f4b8b24804a5,2025-08-23,2025-08,Anderson Fire,['Madera'],20,37.067374,-119.620204,20.0,100.0
0fe66384-ed74-40d2-8cef-f78ee5e7fbd8,2025-07-15,2025-07,High Fire,['Fresno'],10,36.66331,-119.786,20.0,100.0
686318b6-46bf-41f4-b9ce-c935c4e875fc,2025-07-13,2025-07,Ivory Fire,['Glenn'],11,39.574,-122.707,20.0,100.0
406739ea-78f6-4255-9697-d6fc2e73ba59,2025-07-10,2025-07,Moore Fire,['Placer'],31,38.873631,-121.322879,20.0,100.0
543374ff-d1c3-4c76-9ca4-3086a9598ad7,2025-07-09,2025-07,Button Fire,['Fresno'],10,36.654779,-119.435896,20.0,100.0
492a3401-c34b-4778-82a1-924934025dd1,2025-06-29,2025-06,Marysville Fire,['Yuba'],58,39.382915,-121.151358,20.0,100.0
daf2547e-0b0a-4876-b073-58c2a9655725,2025-06-25,2025-06,Montana Fire,['Siskiyou'],47,41.627217,-122.365602,20.0,100.0
0d2c4259-7d63-4c13-99e8-881d2d64c9bc,2025-06-20,2025-06,Pilitas Fire,['San Luis Obispo'],40,35.351553,-120.496248,20.0,100.0
186bed99-513f-46f0-9b12-8eae54434060,2025-06-19,2025-06,Cut Fire,['Kings'],16,36.07288,-120.102299,20.0,100.0
f71c1c56-b75f-4afa-bb35-8d65ed87bc9b,2025-06-12,2025-06,River Fire,['Madera'],20,36.858259,-120.442537,20.0,100.0
a2c5a778-4896-4812-ba19-1e966a2aa253,2025-06-10,2025-06,Bethany Fire,['Los Angeles'],19,34.2,-118.309,20.0,100.0
d8c67864-71fe-44f7-b36c-0e18df46af61,2025-06-06,2025-06,Perez Fire,['Fresno'],10,36.766702,-120.384115,20.0,100.0
e3bc74fc-b0a6-4580-9a6e-4988f3e15376,2025-05-20,2025-05,Phillips Fire,['Merced'],24,37.03473,-120.818154,20.0,100.0
34d330e6-6eab-4527-b350-3616b17fcff0,2025-05-10,2025-05,Cherokee Fire,['Tulare'],54,36.4213337,-118.9149505,20.0,100.0
f0f3d279-102e-42f2-a8ab-824dd1240549,2025-06-28,2025-06,Llano Fire,['San Luis Obispo'],40,35.489202,-120.720399,19.6,100.0
c3f60dde-0a15-4a38-b176-26182671e5c4,2025-08-29,2025-08,Scott Fire,['Lake'],17,39.043833,-122.972167,19.4,100.0
89f1e05a-5652-451a-8c41-4d65df907617,2025-06-09,2025-06,Feather Complex Fire,['Plumas'],32,39.8913619,-121.2897146,19.4,100.0
be139824-1afe-4cb0-92fd-83eca05e577b,2025-06-02,2025-06,Cottonwood Fire,['Siskiyou'],47,41.923333,-122.566666,19.4,100.0
8a5549c9-2dd3-448e-8b57-46c7e646ac99,2025-10-21,2025-10,Grove Fire,['Mariposa'],22,37.357481,-119.870253,19.2,100.0
d882a22e-f9b8-43c9-a378-bfe462e34f4c,2025-05-24,2025-05,Rifle Fire,['Fresno'],10,36.944525,-119.676186,19.1,100.0
88e7a844-f124-44ea-8000-35da04017bcd,2025-10-27,2025-10,Gyle Fire,['Tehama'],52,40.001361,-122.275786,19.0,100.0
9fd8ec22-00ac-4d40-919a-673171e2e5db,2025-10-18,2025-10,Parkmead Fire,['Riverside'],33,33.861292,-116.561245,19.0,100.0
210bd886-cea4-4916-9d04-7bd28063c8dd,2025-09-03,2025-09,Granite Fire,['Butte'],4,39.890933,-121.451769,19.0,100.0
238f0a06-c6ef-46b9-9917-f0034f83d142,2025-09-01,2025-09,Pump Rd / Woo Rd Fire,['Merced'],24,36.931478,-120.809789,19.0,100.0
c0d28e66-6e9d-4b11-b35c-6b6faced0038,2025-08-24,2025-08,Sky Fire,['Lake'],17,38.89991,-122.527007,19.0,100.0
3630f3bb-9d85-46d2-9a24-bbfd8286055f,2025-07-10,2025-07,Madera Fire,['Riverside'],33,33.50064,-117.01089,19.0,100.0
f2ea3802-fc3e-4475-b248-7b8a5db23e20,2025-06-29,2025-06,Cable Fire,['San Bernardino'],36,34.22809,-117.374501,19.0,100.0
997830f3-c5df-46be-9f26-fa6d802bb6ad,2025-06-29,2025-06,Turner Fire,['Merced'],24,37.157274,-120.700946,19.0,100.0
a93eab36-e8a3-4a4e-be4d-2372e3ba4957,2025-01-10,2025-01,Archer Fire,['Los Angeles'],19,34.3087,-118.5111,19.0,100.0
6f534590-a9fd-46e2-b408-e58a3d7261de,2025-07-04,2025-07,Cowden Fire,['San Benito'],35,36.809334,-121.390959,18.5,100.0
249fb1ec-a4f7-4140-86cf-251ef00f4eeb,2025-08-04,2025-08,Eden Fire,['Alameda'],1,37.7023074,-122.023919,18.0,100.0
08cb4a51-41b2-4be7-bf9b-6dc1fab5169f,2025-07-10,2025-07,Reche Fire,['Riverside'],33,33.95918,-117.191827,18.0,100.0
2c50aa25-713b-415c-b041-a866ab86c521,2025-07-05,2025-07,Sanderson Fire,['Riverside'],33,33.787296,-117.006785,18.0,100.0
3f92262b-599b-4753-a002-f514ab1e36ab,2025-06-09,2025-06,Antonio Fire,['Santa Clara'],43,37.353834,-121.554371,18.0,100.0
9999500b-3028-440f-b23e-e3455b10755f,2025-09-01,2025-09,Tracy Fire,['Shasta'],45,40.40398,-122.31726,17.8,100.0
d8027cd6-0b3f-480c-a090-ce2e5360d903,2025-07-06,2025-07,Van Clief Rd Stevenson Fire,['Merced'],24,37.288251,-120.833366,17.7,100.0
8c2e4c76-3096-4030-b96e-2ec0238a0c29,2025-10-07,2025-10,Muck Fire,['Lassen'],18,40.986657,-121.264818,17.5,100.0
05a1d89c-3180-4833-b7c2-93801a7bff87,2025-08-04,2025-08,Cool Fire,['San Diego'],37,33.213005,-117.002097,17.4,100.0
b595bc7e-fc8a-43da-afea-b84e20909a97,2025-07-16,2025-07,Baker Fire,['Tehama'],52,40.3125,-122.578667,17.0,100.0
62259ad8-31b4-4198-aed3-09f8294688b8,2025-06-16,2025-06,Elm Fire,['Monterey'],27,36.285576,-121.288116,17.0,100.0
ed4aad14-a112-44f6-8238-cf573ad1da49,2025-06-15,2025-06,Oak Fire,['Fresno'],10,37.029083,-119.521241,17.0,100.0
29ba0d62-b0a1-456b-b45a-3a903e11533d,2025-05-05,2025-05,Putah Fire,['Solano'],48,38.492882,-122.004577,16.8,100.0
74af6e1b-0ca9-4094-869d-ecae0a778cfb,2025-01-21,2025-01,Pala Fire,['San Diego'],37,33.363226,-117.162897,16.8,100.0
1d4b5639-9ac4-42de-8f20-9884ed8f6657,2025-06-05,2025-06,Sabe Fire,['San Benito'],35,36.800358,-121.274403,16.7,100.0
1e07aada-6a3c-47be-8dc9-f6db9ff596f6,2025-09-08,2025-09,Sycamore Fire,['Riverside'],33,33.594925,-116.940637,16.1,100.0
08f5737e-f8fb-4b58-972f-6cd8aeed2419,2025-08-26,2025-08,Mesa Fire,['Tuolumne'],55,37.891253,-120.488153,16.1,100.0
e34f6f9c-fd60-486f-96c1-c30aaaf52ffc,2025-07-17,2025-07,Little Fire,['Lassen'],18,41.12607,-120.932333,16.1,100.0
6d86f896-f2e9-4189-b816-239b65f58d26,2025-02-09,2025-02,Cross Fire,['Monterey'],27,35.945458,-121.117684,16.1,100.0
b8ef214b-a9a6-4138-bab9-6ebe1e502669,2025-09-09,2025-09,Fantasy Fire,['Tulare'],54,36.056176,-118.930008,16.0,100.0
129fd6b8-e9df-483c-9d7b-c21969377634,2025-09-01,2025-09,Valley Fire,['El Dorado'],9,38.72489,-121.032,16.0,100.0
f77059ce-71e5-429e-867c-3cb616e94659,2025-08-29,2025-08,Garden Fire,['Siskiyou'],47,41.31546,-123.23382,16.0,100.0
ed9b3543-756f-4a0a-9e21-d49b318a8874,2025-08-05,2025-08,Calaveras Fire,['Alameda'],1,37.576408,-121.864915,16.0,100.0
8690b495-e0ed-42db-93b8-9a1b521a4152,2025-08-05,2025-08,Keith Fire,['Riverside'],33,33.602245,-117.134907,16.0,100.0
4172fad3-c130-4607-a91c-f18612dfb07b,2025-07-29,2025-07,19 Fire,['Madera'],20,37.07642,-120.202377,16.0,100.0
dcbcd806-0402-4989-bc61-a3391604f956,2025-07-03,2025-07,Snelling Fire,['Merced'],24,37.471435,-120.501308,16.0,100.0
8cce41e0-a556-4472-b351-9d835122e9dc,2025-06-04,2025-06,Quail Fire,['Shasta'],45,40.542584,-122.274206,16.0,100.0
4a5efe57-a4a1-4e52-9db5-1d592f156ea0,2025-09-09,2025-09,Nella Fire,['Merced'],24,37.056509,-120.969345,15.8,100.0
6fdf7f24-d7b7-42f9-a81e-4f746d24607d,2025-09-01,2025-09,Ellie Fire,['Los Angeles'],19,34.545175,-119.106092,15.8,100.0
77de68c2-06ae-486e-9624-5cb82edfe1b4,2025-07-05,2025-07,Pomo Fire,['Lake'],17,39.139455,-122.881426,15.5,100.0
d8b9c4f8-d96c-43d3-bf53-a97420332b75,2025-03-12,2025-03,Aha Quin Fire,['Riverside'],33,33.732521,-114.510789,15.5,100.0
d34cc9cd-2663-483f-a11e-c2da18f0d289,2025-12-04,2025-12,Beaver Fire,['Amador'],3,38.4835,-120.347667,15.3,100.0
3efab425-a77d-48e1-a7d2-31d2de991864,2025-08-12,2025-08,Perez Fire,['Modoc'],25,41.714,-121.286667,15.3,100.0
39a92f5a-8c43-465a-afa7-17cae1e7e271,2025-08-06,2025-08,Jewel Fire,['Madera'],20,37.08471,-119.757059,15.0,100.0
94ed6ea4-43db-40e4-bf0b-cad6fa718372,2025-07-01,2025-07,Brown Fire,['Solano'],48,38.430903,-122.045526,15.0,100.0
1d1fe063-d67c-41f3-837b-99d7da818aa2,2025-06-25,2025-06,Dry Fire,['Mono'],26,37.720963,-118.966856,15.0,100.0
d658643f-eaa9-45a5-9e45-67b9d9b3e01e,2025-06-16,2025-06,Vista Fire,['Riverside'],33,33.817645,-116.865296,15.0,100.0
9962bc8d-5341-4f8e-a271-78d1d9a64c12,2025-05-23,2025-05,Orange Fire,['Fresno'],10,36.624674,-119.322692,15.0,100.0
e6656c72-2905-43bb-b838-74c36adcd257,2025-04-28,2025-04,County Fire,['Siskiyou'],47,41.92216,-121.3501,15.0,100.0
805b0f33-c6d9-4aa4-b3c1-e067b490bed6,2025-04-24,2025-04,Laporte Fire,['Yuba'],58,39.516462,-121.19237,15.0,100.0
6a2b37ec-72e0-4e4f-8836-7176f05a9f62,2025-04-17,2025-04,Boyd Fire,['Imperial'],13,32.9021295,-115.2930033,15.0,100.0
56ea5974-d922-41cf-9cf6-ef7372a32b44,2025-04-08,2025-04,Wildrose Fire,['San Bernardino'],36,34.7001802,-117.1823536,15.0,100.0
8d927633-20e5-4938-871e-8903dec1045f,2025-05-23,2025-05,Guadalupe Fire,['Santa Clara'],43,37.2106583,-121.8947894,14.8,100.0
69a4e5f7-b848-41b6-a707-a0f6c5f56dde,2025-08-29,2025-08,South Constantia Fire,['Lassen'],18,39.941076,-120.004618,14.5,100.0
da5d92f0-bdba-46d6-bd78-857153ff630c,2025-08-07,2025-08,Farm Fire,['Shasta'],45,40.409513,-122.52078,14.5,100.0
34e4304f-08ba-4f21-a702-4194334667d8,2025-07-25,2025-07,Sliger Fire,['El Dorado'],9,38.943781,-120.926046,14.4,100.0
14822539-1d7f-48be-b38f-b19bcb0d742f,2025-03-12,2025-03,Range Fire,['Santa Barbara'],42,34.738888,-120.574436,14.2,100.0
04e9f4df-71c5-44e7-af1d-82e24f1c1933,2025-09-07,2025-09,Aqueduct Fire,['Kern'],15,35.223722,-118.118136,14.0,100.0
d6757966-5b8c-425d-8673-9c0d3f6c569c,2025-07-11,2025-07,Kirker Fire,['Contra Costa'],7,37.982895,-121.898942,14.0,100.0
d4c0aebc-cfdf-4b78-abce-dd7fbd3e7042,2025-06-27,2025-06,Springs Fire,['Siskiyou'],47,41.5625133,-122.3668324,14.0,100.0
990f3704-6b5e-4069-a709-a7fd401ae3fe,2025-06-20,2025-06,Ruth Fire,['Fresno'],10,36.723722,-119.147595,14.0,100.0
59f47699-1014-4dc6-9349-7c1372e64221,2025-04-07,2025-04,Hillcrest Fire,['Kern'],15,35.38229,-118.90064,14.0,100.0
15701491-c78d-4cef-af34-06398c665132,2025-09-25,2025-09,Baldy Fire,['Mendocino'],23,39.926657,-123.341945,13.5,100.0
2041e6f5-b306-427a-ae1a-57cc8d135250,2025-09-05,2025-09,Walnut Fire,['San Luis Obispo'],40,35.233355,-120.754223,13.5,100.0
814f890b-75ab-443d-9cdf-badffd41e9f9,2025-08-30,2025-08,Coach Fire,['Monterey'],27,36.805649,-121.561084,13.4,100.0
717fbc19-c59b-4e59-ab00-bfd9d28006ef,2025-08-26,2025-08,Kibbie Fire,['Tuolumne'],55,38.028263,-119.824371,13.4,100.0
6b40be2c-f184-4b2b-a784-a140a3cd31de,2025-07-06,2025-07,Bartlett Fire,['Lake'],17,39.165061,-122.613599,13.4,100.0
aa2daeb0-ecc2-419d-b413-915a32ad8d62,2025-06-11,2025-06,Lobinger Fire,['Tehama'],52,39.943968,-122.211579,13.3,100.0
d6d4577f-661b-42c1-8fb8-90ff55f60844,2025-09-13,2025-09,Shale Fire,['Solano'],48,38.458292,-122.056304,13.1,100.0
75c850b6-27a5-493e-aaef-a42e02b2eab4,2025-09-25,2025-09,Lost Fire,['Ventura'],56,34.301578,-118.751784,13.0,100.0
a1f25049-f72b-455b-9fc3-1a9f0a5fa3f6,2025-09-10,2025-09,Buell Fire,['Shasta'],45,40.474673,-122.619388,13.0,100.0
afeee627-e908-40e0-918d-885d3259b147,2025-08-29,2025-08,Grant Fire,['Alameda'],1,37.740292,-121.585802,13.0,100.0
5dbdfbfb-070b-4de1-8c40-c68341ae8605,2025-08-04,2025-08,Midway Fire,['San Luis Obispo'],40,35.222269,-120.103532,13.0,100.0
a59d32cc-2d6d-4440-a666-13e425d335aa,2025-07-22,2025-07,Orange Fire,['Stanislaus'],50,37.789557,-120.744427,13.0,100.0
ad2c68a3-7e84-4da9-aa45-32831db93a91,2025-07-14,2025-07,Chowchilla Fire,['Madera'],20,37.098778,-120.265957,13.0,100.0
059fbe95-ec41-4a58-9b48-475061f42517,2025-05-09,2025-05,Grande Fire,['Stanislaus'],50,37.462643,-121.183569,12.9,100.0
63aead75-03bc-41a2-aeab-fc3b7d577a19,2025-10-11,2025-10,Dart Fire,['Tulare'],54,36.066607,-118.966173,12.7,100.0
a93d0a70-3bc0-4871-8174-9244ef286600,2025-08-17,2025-08,Hadley Fire,['Madera'],20,37.214319,-119.56892,12.7,100.0
8624e244-bdfb-4faf-b0bd-c7daf549633f,2025-08-12,2025-08,Utah Fire,['Mariposa'],22,37.573647,-120.126968,12.7,100.0
45da254c-b880-463d-b7c0-8b3daa08d8a0,2025-05-20,2025-05,Sargent Fire,['Monterey'],27,35.952527,-120.859456,12.7,100.0
48a9cb94-d7ee-482e-a4fe-274f5b20d1ac,2025-08-26,2025-08,H-10 Fire,['Shasta'],45,40.737144,-121.330697,12.6,100.0
18af619f-4885-40d4-8cff-7001f2b6130a,2025-06-19,2025-06,Band Fire,['Mariposa'],22,37.644013,-120.32096,12.5,100.0
e46c8db3-3b39-463e-90f6-3a805431af3e,2025-06-05,2025-06,Fink Fire,['Stanislaus'],50,37.39594,-121.145689,12.5,100.0
c5a3cf01-9174-47e7-b646-03834502dd4d,2025-06-30,2025-06,Blanca Fire,['Madera'],20,37.041595,-119.761885,12.4,100.0
d8faf459-c016-4748-a700-8b3a55031d79,2025-10-07,2025-10,Nichols Fire,['Nevada'],29,39.101047,-121.251881,12.3,100.0
793418f8-d217-44c3-8409-617b2a3107a2,2025-09-26,2025-09,Cobb Fire,['Humboldt'],12,40.463864,-123.527677,12.2,100.0
bd5030d1-9bee-402b-81c2-0509dc67356d,2025-07-12,2025-07,Stardust Fire,['Placer'],31,38.882558,-121.247136,12.2,100.0
4b917f26-a403-4f61-96d4-d861d50ddd4e,2025-09-20,2025-09,Pippo Fire,['Solano'],48,38.416028,-122.003395,12.0,100.0
14e4411e-04ff-401d-97b8-7bbd6217244f,2025-08-26,2025-08,Murphy Fire,['Siskiyou'],47,41.211359,-123.173767,12.0,100.0
c8df0d76-a014-495f-be50-250593d901ef,2025-08-09,2025-08,Mariposa Fire,['San Bernardino'],36,34.325756,-117.477459,12.0,100.0
6b9366ba-bd79-4e04-b486-23fed65a6a2f,2025-08-02,2025-08,Rush Fire,['Mariposa'],22,37.770605,-120.038987,11.8,100.0
9bfdc8b5-0d7a-4d02-a19b-ceef70afacc3,2025-06-19,2025-06,Iverson Fire,['Monterey'],27,36.527575,-121.41631,11.4,100.0
949a2c98-c78a-4af3-b26e-f17238cba107,2025-10-15,2025-10,Ranch Fire,['Tulare'],54,36.025508,-118.843604,11.3,100.0
fbffffd7-48c4-4770-a7ef-2155b6d054ed,2025-08-24,2025-08,Look Fire,['Tulare'],54,36.536667,-118.909333,11.3,100.0
65bba8de-90eb-4af0-853c-7920557d4303,2025-06-11,2025-06,Greilich Fire,['Amador'],3,38.454,-120.889,11.3,100.0
7a358a73-e272-4675-9046-9cc2c9fca091,2025-04-15,2025-04,33 Fire,['Kern'],15,35.120005,-119.43823,11.3,100.0
fa5f5923-ea10-4b02-93d4-b0ed55684942,2025-06-09,2025-06,Letter Fire,['Plumas'],32,39.8933,-121.287,11.1,100.0
92dad1c8-af50-47f9-93d9-dc7fca758455,2025-08-08,2025-08,North Fire,['Lake'],17,38.994765,-122.680639,11.0,100.0
41af5239-6953-44a1-b5f5-e51a296b0c43,2025-07-05,2025-07,Chow1 Fire,['Madera'],20,37.136643,-120.226007,11.0,100.0
ca0402e9-9abd-4463-8187-074d9fcab146,2025-05-25,2025-05,Gun Fire,['Fresno'],10,36.622453,-120.657656,11.0,100.0
8ea1537d-2560-4d08-bfe0-060cf5275e54,2025-01-08,2025-01,Olivas Fire,['Ventura'],56,34.244456,-119.2567768,11.0,100.0
c3e0b57e-f5b9-41e0-b9ec-eb524797c874,2025-01-08,2025-01,Tyler Fire,['Riverside'],33,33.706565,-116.164126,11.0,100.0
3f461214-6919-46f3-b160-fd0dc32d0689,2025-08-26,2025-08,6-3 Fire,['Butte'],4,39.523797,-121.650849,10.9,100.0
958027b6-fb08-4446-a276-0696bb0bf778,2025-09-02,2025-09,Copper Fire,['Amador'],3,38.484002,-121.007605,10.7,100.0
1594de54-e7b8-48ea-8869-ece45db609e9,2025-05-24,2025-05,Southside Fire,['San Benito'],35,36.77321,-121.345501,10.6,100.0
a8e68f07-1d49-4baf-b6be-9807c5459bc9,2025-07-16,2025-07,Foster Fire,['Shasta'],45,40.388446,-122.541885,10.5,100.0
0491500f-f692-4f2b-8ea4-6cef3134d875,2025-09-11,2025-09,Elephant Fire,['Tulare'],54,35.99553,-118.48688,10.4,100.0
ce483b9d-a84b-486a-b8c6-fb271795d49b,2025-11-09,2025-11,Highline Fire,['Imperial'],13,32.901984,-115.293446,10.3,100.0
90ce6dac-d2df-4fd4-a228-53dbabe869aa,2025-09-02,2025-09,Orange Fire,['Tehama'],52,39.960829,-122.164789,10.2,100.0
f9818c6f-7638-4425-96ef-1ba8703c127f,2025-08-06,2025-08,Van Vleck Fire,['Sacramento'],34,38.483838,-121.074404,10.2,100.0
a5bbfa60-7ac3-4bb2-95fc-3122598ea125,2025-06-20,2025-06,Raven Fire,['Siskiyou'],47,41.883057,-122.439466,10.2,100.0
e291bb03-c0ad-411c-b616-4327c9032095,2025-05-19,2025-05,Gunsmoke Fire,['Tehama'],52,40.1624,-122.5868,10.2,100.0
5798325d-b91c-42eb-a9bd-159d52cbd8db,2025-05-06,2025-05,Matthew Fire,['Nevada'],29,39.067758,-121.273365,10.2,100.0
e0a4553b-e334-4136-8b2d-2a82e4fe2a66,2025-09-03,2025-09,Porter Fire,['Placer'],31,39.013895,-121.340233,10.1,100.0
178b7844-a934-45b4-8f9a-e83dda369eaf,2025-09-02,2025-09,Fuel Fire,['Fresno'],10,37.044697,-119.472565,10.1,100.0
f0ce9509-7f67-4063-9e46-0d5395a7fc99,2025-09-03,2025-09,16-4 Fire,['Yuba'],58,39.342777,-121.350555,10.0,100.0
bb9b7499-20f7-4511-879f-b9b14c82f146,2025-09-02,2025-09,F22 Fire,['Fresno'],10,35.944667,-120.349833,10.0,100.0
12bda901-0709-4358-b92f-95949e776973,2025-09-01,2025-09,Palo Fire,['Alameda'],1,37.689612,-122.020693,10.0,100.0
f8959720-f626-4d96-8e3d-6a58560e934e,2025-08-30,2025-08,Edgewood Fire,['San Mateo'],41,37.443956,-122.265569,10.0,100.0
eb382b3b-d965-4bae-a906-c1bde34d4ec5,2025-08-26,2025-08,Grade Fire,['Siskiyou'],47,41.217878,-121.590689,10.0,100.0
4d5d4b02-54e9-4c85-88d9-defe7c93e56d,2025-08-05,2025-08,Camel Fire,['Solano'],48,38.054161,-122.135164,10.0,100.0
21cd718c-9ec8-4f5b-a65b-bcf3d1c03450,2025-08-02,2025-08,Radar Fire ,['Modoc'],25,41.7203467,-121.1305479,10.0,100.0
1fa0e0a7-9161-422c-9742-f705a0c92828,2025-07-26,2025-07,Hoffman Fire,['Kern'],15,35.300512,-118.000889,10.0,100.0
84026364-cfae-4482-b14b-b749a71d5ddb,2025-07-22,2025-07,Stokes Fire ,['Tulare'],54,36.518055,-119.196666,10.0,100.0
0dfbed5a-c4ff-4d44-a777-ede21cc385ac,2025-07-14,2025-07,Fandango Fire,['Modoc'],25,41.79792,-120.19432,10.0,100.0
f7583812-6b99-4429-9ee1-cb016865ba44,2025-07-12,2025-07,Island Fire,['Fresno'],10,36.864545,-119.315821,10.0,100.0
b7168e23-a985-4e7e-b870-22006a55a069,2025-07-09,2025-07,Pickup Fire,['Madera'],20,37.244233,-119.731216,10.0,100.0
f7b79536-9a39-4b11-b880-004d0b554cd5,2025-06-27,2025-06,Parlier Fire,['Fresno'],10,36.611927,-119.516953,10.0,100.0
867acd06-a71c-4c21-b062-a8e4ddc71afc,2025-06-16,2025-06,Raymond Fire,['Madera'],20,36.982098,-120.03479,10.0,100.0
eb2e3d29-afa3-4e95-8393-7a2580e337ad,2025-05-02,2025-05,Eastman Fire,['Madera'],20,37.2304128,-119.9868107,9.8,100.0
2f318308-6d04-4f05-8834-9f7cdce2383a,2025-07-27,2025-07,Needles Fires,['San Bernardino'],36,34.828072,-114.583454,9.5,100.0
2aa79a44-8202-4483-bee9-4e8315f8e76e,2025-06-23,2025-06,Ward Fire,['Lassen'],18,40.396723,-120.42736,9.5,100.0
ed541421-5044-45d6-b1ea-d00b6a84a863,2025-06-16,2025-06,Flume Fire,['Tuolumne'],55,38.002498,-120.428245,9.5,100.0
27b9f8cd-a1b4-4bb9-8f2a-2e75322ba48e,2025-10-29,2025-10,Sophie Fire,['Riverside'],33,33.756323,-117.273098,9.3,100.0
29275d9b-f736-4c1c-90c2-e13248e300a4,2025-07-06,2025-07,Sage Fire,['Riverside'],33,33.929799,-117.186627,9.1,100.0
6d5a6244-9219-4c4f-b525-f0d248630af8,2025-07-04,2025-07,Walnut Fire,['Fresno'],10,36.70169,-119.808899,9.0,100.0
06a7c71b-03ff-4c7b-aff8-1d8bcf3c9def,2025-02-26,2025-02,Penny Fire,['San Diego'],37,32.922111,-116.475667,9.0,100.0
62e3eb77-4a7a-4a50-83c2-c112dbaa651d,2025-10-22,2025-10,Slope Fire,['Tulare'],54,35.909937,-118.765302,8.0,100.0
21999b62-a462-4885-a870-4409459e4e16,2025-06-30,2025-06,Cherry Fire,['Solano'],48,38.336187,-122.02472,8.0,100.0
6568707c-d456-47e3-8919-27f6dd6d1167,2025-09-02,2025-09,4-1 Fire,['Sacramento'],34,38.438081,-121.048558,7.6,100.0
89621310-6279-4225-8a78-d7bc1436f88b,2025-08-07,2025-08,Real Fire,['Riverside'],33,34.015644,-117.453354,7.4,100.0
ebae5593-bef6-47e4-b2a2-5762997ad972,2025-06-05,2025-06,Grade Fire,['Monterey'],27,36.520325,-121.757033,7.1,100.0
784ab1c3-c83e-44a8-b49a-5f720b71c8a7,2025-07-19,2025-07,Pala Fire,['San Diego'],37,33.342918,-117.114678,7.0,100.0
f74ea816-839f-4d70-8b15-8977b8ea428e,2025-07-03,2025-07,Fairmont Fire,['Alameda'],1,37.714766,-122.104671,6.6,100.0
0baee5d9-2f57-4a41-b4db-37cf926cb62f,2025-09-08,2025-09,Coches 2 Fire,['San Diego'],37,32.832348,-116.905491,5.0,100.0
cc05df19-4f9a-419f-8c84-748a34a86303,2025-06-25,2025-06,Ariane Fire,['San Diego'],37,32.80368,-117.193056,5.0,100.0
6cb52bf3-56c1-45c7-b79b-6141519f75c5,2025-07-01,2025-07,No Name Fire,['Siskiyou'],47,41.7585,-123.2135,3.6,100.0
6bb588ff-4f53-492f-9e3a-1ff5900f6345,2025-01-21,2025-01,Friars Fire,['San Diego'],37,32.7702,-117.1698,3.0,100.0
b3bc4084-0e2f-4f6f-8075-7bde64d7dc8c,2025-06-01,2025-06,Round Fire,['Ventura'],56,34.709092,-119.336243,2.0,100.0
22ec23e5-b380-4ee4-942f-26c12a4576d7,2025-01-23,2025-01,Gilman Fire,['San Diego'],37,32.8622,-117.237,2.0,100.0
8a3dcaf5-4724-4176-83d4-08f96c79ffb6,2025-01-14,2025-01,Scout Fire,['Riverside'],33,33.989,-117.3887,2.0,100.0
38ea1329-35d9-4c54-8da5-d9f0e92c6348,2025-07-21,2025-07,Wolfsen Fire,['Merced'],24,37.211668,-120.788745,1.0,100.0
d49b7509-2632-4153-8252-ec4de0e385ff,2025-02-13,2025-02,Eaton Flood,['Los Angeles'],19,34.2038707,-118.1584203,0.0,
ca6b8a6a-12e9-4e87-8f9b-5cb01dd5a25f,2026-08-08,2026-08,Bug Fire,"['Lassen', 'Sierra']","18,46",39.727395,-120.0372941,93733.0,100.0
b7e4a30e-67ab-4964-882e-751da30b44e0,2026-08-09,2026-08,Timber Fire ,['Monterey'],27,36.224857,-121.72983,25351.9,88.0
56d8d619-5c5a-4f72-a1ae-cfd8b02698e1,2026-06-18,2026-06,Lost Fire,['Kern'],15,35.42113,-119.7667,7834.0,100.0
4883092e-485f-429d-878d-819f01172840,2026-09-15,2026-09,Dome Fire ,['Mariposa'],22,37.57,-119.61289,5898.7,40.0
21bc394c-05e3-4599-a25e-ab5965f10430,2026-09-10,2026-09,Lucas Fire,"['Lake', 'Mendocino']","17,23",39.2350501,-122.999536,4128.0,100.0
b59146d6-229f-47d3-979e-11d73e062989,2026-07-10,2026-07,Summit Fire,['Los Angeles'],19,34.45128,-117.695965,2690.0,100.0
e1faf4c6-ec12-4daa-889f-177ac0b19f5b,2026-08-12,2026-08,Plains Fire,['San Luis Obispo'],40,35.417481,-119.977955,2588.0,100.0
a9494c63-3df9-4f4f-b8c5-8b631fa52097,2026-05-14,2026-05,Rowlee Fire,['Kern'],15,35.7708,-119.4643,2520.0,100.0
748385a0-7bfe-4563-9c63-50af2d65b170,2026-06-05,2026-06,Waltz Fire,['Mariposa'],22,37.379931,-120.227357,1644.4,100.0
d0b9b471-218a-444a-9643-995a0b5af8ca,2026-06-15,2026-06,Mateo Fire,['San Diego'],37,33.459722,-117.490833,1335.0,100.0
8320f2dc-43c4-4a86-b3d4-9f2b734d7ba6,2026-07-21,2026-07,Little Fire,['Alameda'],1,37.61876,-121.848817,1007.3,100.0
7cb89857-3c8d-4b59-a4c3-682dd0e03d4d,2026-07-31,2026-07,Grade Fire,['San Diego'],37,33.26417,-116.76336,689.0,100.0
653b14c1-b18e-4531-9290-9362f5a2fd1b,2026-09-16,2026-09,Floriston Fire,['Nevada'],29,39.416068,-120.034537,622.0,100.0
e10afec4-10e1-47c0-ae38-166f8c6e4974,2026-06-20,2026-06,Star Fire,['Kern'],15,35.271924,-118.659357,577.0,100.0
1a52ef87-66db-405c-b8f9-2b340afd3939,2026-06-10,2026-06,November Fire,['San Diego'],37,33.244933,-117.351472,560.0,100.0
f63faa80-5f45-487d-b9aa-799d03827166,2026-06-28,2026-06,James Fire,['Fresno'],10,36.602706,-120.279716,558.0,100.0
26876c38-16a9-438d-acbe-c7e671aa44f4,2026-07-18,2026-07,Dog Fire,['Kern'],15,35.638321,-118.931748,556.3,100.0
5817a8d2-ef23-46eb-b52d-21a7b6a36999,2026-05-18,2026-05,Wood Fire,['Kern'],15,35.2920419,-118.65965,469.0,100.0
b9b88cd0-51d6-455c-bc93-f098c3fa0af6,2026-04-28,2026-04,Ranch Fire,['Kern'],15,35.645549,-118.949713,342.7,100.0
7fc17a2c-aef0-4d3b-ad48-48365dfa11ef,2026-04-30,2026-04,Panoche Fire,['Fresno'],10,36.730983,-120.361017,300.0,100.0
bccc129f-9250-4063-8aae-1796a642a6aa,2026-06-23,2026-06,Rocky Fire,['Modoc'],25,41.22687,-120.62987,298.0,100.0
f1305f68-6b22-4851-9448-6f1c209f9f21,2026-07-26,2026-07,Mines Fire,['Santa Clara'],43,37.403374,-121.486808,282.0,100.0
04d4f545-b297-4523-926e-6b10160ebf38,2026-08-01,2026-08,Parsons Fire,['Fresno'],10,36.10844,-120.3964,275.0,100.0
b59aee07-23a7-4975-a2f8-bb47cc51953a,2026-05-10,2026-05,Willow Fire ,['Kern'],15,34.8662,-118.3448,263.0,100.0
10da8fe3-c042-43fa-af5c-1b9a0421b9b7,2026-07-16,2026-07,Wagon Fire,['Lassen'],18,40.929274,-121.0478,205.2,100.0
00dc6f70-642d-463b-b6c1-89851187392c,2026-08-08,2026-08,Holser Fire,['Ventura'],56,34.445673,-118.737863,167.0,100.0
684a57ce-09f5-4c9c-a372-b9be2c342458,2026-05-19,2026-05,Santa Fire,['Merced'],24,37.0326,-121.15093,160.0,100.0
2db61f6d-71e4-46c7-9c9b-5bccc6bbb361,2026-05-18,2026-05,Rocky Hill Fire,['Tulare'],54,36.05049,-118.967963,160.0,100.0
3ccb43c8-cc08-432f-bb6a-007d59b872b4,2026-04-28,2026-04,Pine Fire,['Monterey'],27,36.165819,-120.869922,157.0,100.0
9612834a-95ba-43ae-937a-b3c4aad0226f,2026-06-20,2026-06,Panoche Fire,['Fresno'],10,36.730983,-120.361017,140.0,100.0
abec3b38-22dc-43ed-bc7f-56c0c97c81ee,2026-05-18,2026-05,Gibson Fire ,['Kern'],15,34.988441,-118.829313,138.2,100.0
8737af5d-e40c-47c9-8d4d-83d6194f6df4,2026-06-04,2026-06,Walker Fire,['Kern'],15,35.417,-118.5368,138.0,100.0
4107951b-7e67-434e-b62a-a48ef4e358f0,2026-07-17,2026-07,Nella Fire,['Merced'],24,37.056272,-120.953908,135.0,100.0
8660104a-79be-4094-8228-9804a1c44f55,2026-08-17,2026-08,Church 2 Fire,['San Diego'],37,32.6766,-116.355,132.0,100.0
dc8fdbc2-ebd3-4f33-b7ab-3aa54ee9a200,2026-05-18,2026-05,Isaac Fire,['Los Angeles'],19,34.7003,-118.258932,120.0,100.0
8504bd5d-724f-4b51-8052-03ae1f0ffc75,2026-06-06,2026-06,Alfred Harrel Fire,['Kern'],15,35.442023,-118.904257,107.0,100.0
04771a55-93ea-4810-a05c-23ee7fb2c8d6,2026-05-20,2026-05,Pan Fire,['Fresno'],10,36.730983,-120.361017,107.0,100.0
7f38f5f3-fbc2-4763-a37f-49eb0cf60610,2026-06-17,2026-06,Bella Fire ,['Los Angeles'],19,34.7969,-118.5995,98.0,100.0
fb18425c-1e54-428f-a4dc-48b14f4780c3,2026-04-21,2026-04,Line Fire ,['Kern'],15,35.536333,-119.791,96.0,100.0
b323b179-693a-47b9-8367-4da726cef72a,2026-07-19,2026-07,Miners Fire,['El Dorado'],9,38.783822,-121.015569,95.7,100.0
c2faa05b-a384-4925-a728-6ec6dc53c803,2026-06-15,2026-06,Rock Fire,['Los Angeles'],19,34.789196,-118.466611,95.0,100.0
7b0d17c1-cd35-48fc-8b21-978a6d6bc633,2026-06-08,2026-06,Sorrento Fire ,['San Diego'],37,32.90984,-117.21359,90.0,100.0
0ec5a0fe-35b3-41ef-947a-2065e4e879ff,2026-06-22,2026-06,Limonite Fire,['Riverside'],33,33.975498,-117.516743,89.0,100.0
273653ad-1368-4b5c-8042-74c3ac4ee622,2026-07-14,2026-07,Little Fire,['Lassen'],18,40.909643,-121.217542,82.6,100.0
1ed6a637-665e-402c-91a7-4e01327d3820,2026-06-08,2026-06,Lassen Fire,['Fresno'],10,36.22629,-120.103716,79.0,100.0
a5db8a2e-3c9e-454e-a844-180cabd7f3f6,2026-08-25,2026-08,Wood Fire,['Riverside'],33,33.80916,-117.31641,77.0,100.0
93a5508c-1453-479c-be82-02f8a7aedc54,2026-08-14,2026-08,Taffle Fire,['Riverside'],33,33.628978,-116.883557,77.0,100.0
2358e709-05b4-4427-82fc-b955cafc9957,2026-06-05,2026-06,Metz Fire,['Monterey'],27,36.359273,-121.217357,74.2,100.0
59000fd0-2ed6-4248-9711-f5af9e9daf0f,2026-09-01,2026-09,Hilary Fire,['Los Angeles'],19,34.52911,-118.05731,74.0,100.0
172a0cf6-6745-4cc1-bd58-98af7a8aac4e,2026-09-25,2026-09,Juniper Fire,['San Bernardino'],36,34.3968294,-117.1638398,73.0,70.0
ecff225e-aa0b-4a4d-a5db-875f9434ce74,2026-04-28,2026-04,North Fire,['Fresno'],10,36.683543,-119.667943,67.0,100.0
c03a2552-7312-4fc9-8500-7f038c0976b3,2026-08-09,2026-08,Woods Fire,['Alpine'],2,38.4103,-119.8404,65.2,100.0
6da81c42-ee31-47ef-9dc5-014b5b7db026,2026-10-01,2026-10,Grapevine Fire,['Kern'],15,34.924093,-118.923001,56.0,100.0
ef3d3cd1-1efb-462c-adf5-be828440429e,2026-06-27,2026-06,Deer Fire,['Contra Costa'],7,37.9385,-121.772333,54.0,100.0
7588de46-a86d-41c5-b170-9b817c324df6,2026-06-11,2026-06,Alamo Fire,['Imperial'],13,32.82192,-115.43651,52.0,100.0
3e27cd37-457b-43e3-a4be-c40965774286,2026-06-26,2026-06,Pond Fire,['Kern'],15,35.72887,-119.40067,50.0,100.0
91976d4f-ef86-492b-8280-c7b16121927a,2026-05-18,2026-05,Wimer Fire,['San Joaquin'],39,38.083485,-120.963414,46.3,100.0
bd576d09-3dc2-42e2-8623-9d779c1f2043,2026-07-23,2026-07,Kirby Fire,['Riverside'],33,33.555036,-116.648373,46.1,100.0
fcca8d8f-b39e-411e-a9a0-d68669f86611,2026-08-10,2026-08,Hawk Fire,['El Dorado'],9,38.611608,-120.65301,45.0,100.0
376c10b5-2419-4547-9732-d27f55e84950,2026-07-07,2026-07,Hayden Fire,['Merced'],24,37.303578,-120.302931,45.0,100.0
42223706-dfaf-490c-99fa-bb3acf48e8d5,2026-06-15,2026-06,Max Fire,['Los Angeles'],19,34.377838,-118.580459,45.0,100.0
fd18afa4-2577-4655-942f-7e6998783f7d,2026-04-02,2026-04,Well Fire,['Fresno'],10,36.229742,-120.313486,45.0,100.0
8296bc76-885a-4b0b-939c-6fdd33d70ab3,2026-09-26,2026-09,Blind Fire,['Mono'],26,37.847523,-118.535614,43.0,20.0
4d8b202f-3010-42b4-b2fe-025a407c0e77,2026-07-14,2026-07,Kearney Fire,['Nevada'],29,39.203241,-121.261405,41.0,100.0
e315a20d-e5b2-4c78-a065-4f6a0409a05b,2026-09-21,2026-09,Cotton Fire,['Yolo'],57,38.641966,-122.070901,40.1,100.0
3ce9f927-97d3-4221-bdb9-f0300b5e2115,2026-07-17,2026-07,Turlock Fire,['Merced'],24,37.477029,-120.646717,40.0,100.0
3e3f0399-f519-47dd-b8cb-09be4fae33e3,2026-05-11,2026-05,Lake Fire,['Fresno'],10,36.38595,-120.139041,40.0,100.0
44bc2754-3cc7-4247-b53c-42e50257c0c0,2026-04-20,2026-04,Reynolds Fire,['Merced'],24,36.9757612,-120.647066,40.0,100.0
34597883-fa79-4f2c-add1-df53791d7b16,2026-09-21,2026-09,Boon Fire,['Mendocino'],23,38.9999789,-123.335474,39.1,100.0
6960bc16-2480-4343-8506-588db44fbbcf,2026-04-19,2026-04,Skyline Fire,['San Bernardino'],36,34.164345,-116.438693,39.0,100.0
3c354867-68ad-4b7f-a7bf-5d7251b88646,2026-04-20,2026-04,Helios Fire,['San Luis Obispo'],40,35.322168,-119.942661,38.0,100.0
b1f91764-1b8f-47d8-ba2b-8528f8e38e12,2026-06-12,2026-06,Lake Fire,['Merced'],24,37.375698,-120.468356,34.5,100.0
fd93b0a0-eb9a-44cb-995f-b659b1a00f26,2026-09-23,2026-09,Grade Fire,['San Luis Obispo'],40,35.33659,-120.623271,33.0,100.0
63af4de3-436b-460f-9351-c8c4afcd40ea,2026-04-05,2026-04,Serena Fire,['Riverside'],33,33.52512,-117.09457,32.8,100.0
e519c3e7-6a63-49ad-9b9d-04ccbdd78ee8,2026-06-26,2026-06,Pentz Fire,['Butte'],4,39.719035,-121.57833,31.0,100.0
1bafe78b-4880-4266-83ff-c17066d18973,2026-07-29,2026-07,Raleigh Fire,['Fresno'],10,37.05504,-119.4893,30.9,100.0
c9714e61-62c3-42a3-ac4b-2f9e1ed09b94,2026-07-09,2026-07,Grande Fire,['Ventura'],56,34.385147,-118.697778,30.3,100.0
e7a17060-200c-4d1d-8068-ea3262064da0,2026-06-26,2026-06,Cinder Fire,['Inyo'],14,35.9777,-117.9274,30.0,100.0
f87bb19f-ea4b-4645-87c9-e8450e62f256,2026-06-26,2026-06,Wagon Fire,['Los Angeles'],19,34.76698,-118.23325,30.0,100.0
ea14fb04-6c0a-4112-ab2a-2a98bc961ea1,2026-04-10,2026-04,Rider Fire,['Riverside'],33,33.83131,-117.27363,29.9,100.0
d44bd3c0-6b62-4698-b7ff-b24a23206ba6,2026-09-19,2026-09,Gustin Fire,['Riverside'],33,33.824639,-117.33807,28.0,100.0
be8cb84a-0a6e-4697-b440-551236c564ee,2026-06-25,2026-06,Liberty Fire,['San Joaquin'],39,38.235432,-121.08891,27.4,100.0
895a67f4-3a9f-4250-ad0c-5f736b270d2d,2026-07-22,2026-07,Rainbow 3 Fire,['San Diego'],37,33.37572,-117.116495,26.2,100.0
03025b02-a5dd-464a-a647-cb0265184067,2026-06-07,2026-06,Cotton Fire,['San Luis Obispo'],40,35.778884,-120.194339,26.0,100.0
96fb8f67-4aa0-4c85-afc6-cffdec21c244,2026-07-22,2026-07,Mooney Fire,['Yuba'],58,39.204228,-121.278903,25.0,100.0
ac691a4d-67fe-4cc6-8a50-022402b46184,2026-06-10,2026-06,Jefford Fire,['Tehama'],52,40.279289,-122.442691,25.0,100.0
a82b36a3-8981-4be3-9888-2ee550025e92,2026-06-07,2026-06,Benito Fire,['Fresno'],10,36.730983,-120.361017,25.0,100.0
a1b88170-c656-48fe-95ae-62e743ae075a,2026-04-30,2026-04,Douglas Fire,['Fresno'],10,36.883029,-120.491517,25.0,100.0
e651d75e-b1f2-40d5-b6ab-d14778759284,2026-06-21,2026-06,Echo Fire,['San Diego'],37,32.6918754,-116.9011799,24.4,100.0
11a1fd0a-1989-4260-a35b-0ccce7ad51cc,2026-05-05,2026-05,Dutch Fire,['Siskiyou'],47,41.864171,-122.726125,24.0,100.0
52e04bc2-2e07-4b6d-9210-f699a542da3c,2026-03-24,2026-03,Derrick Fire,['Fresno'],10,36.603111,-120.347595,24.0,100.0
f76b66dc-1b40-4e87-9017-be3592b307e5,2026-06-10,2026-06,Stone Fire,['Merced'],24,37.031268,-120.890672,23.0,100.0
5acf5b07-2b95-457f-bf98-6b8d5c9c1c64,2026-05-18,2026-05,Frontier Fire,['Siskiyou'],47,41.644264,-122.357874,23.0,100.0
1fb9009a-d97d-447a-acab-875c628189de,2026-03-24,2026-03,Deer Fire,['Siskiyou'],47,41.554617,-122.1167,23.0,100.0
29b6f0a0-87cf-404c-9332-e7167d05f971,2026-06-20,2026-06,Pine Fire,['Monterey'],27,36.163488,-121.16235,22.6,100.0
570d39ad-89ee-4cc8-b78b-d1daf10fd202,2026-04-08,2026-04,Bourbon Fire,['San Bernardino'],36,34.3962,-116.99484,22.5,100.0
d7e59686-69f2-4477-b7a5-e3a0025f1662,2026-06-10,2026-06,Desavado Fire,['Siskiyou'],47,41.883402,-122.425536,22.4,100.0
cd9a0a99-31c0-489e-8683-8f50b4a73167,2026-06-18,2026-06,Hills Fire ,['Madera'],20,36.9085,-119.7794,22.2,100.0
e9a8f6c4-75e7-474c-bcb9-9508c1cbf892,2026-06-10,2026-06,Line Fire ,"['Riverside', 'San Bernardino']","33,36",34.002254,-117.075139,22.0,100.0
f7689f56-938c-4a12-a096-45645517a599,2026-07-06,2026-07,Martins Fire,['Los Angeles'],19,34.575514,-118.695178,21.2,100.0
811b3942-6305-43d6-83b3-2469deb63146,2026-03-22,2026-03,Hunter Fire,['Mariposa'],22,37.616619,-120.230337,20.7,100.0
09b28389-2fec-4268-be3f-a0e2c873038f,2026-07-16,2026-07,Pine Fire,['San Bernardino'],36,33.947715,-117.675354,20.5,100.0
f5648c76-1f81-4ed2-af83-c6c9922260ed,2026-06-27,2026-06,Katena Fire,['Sacramento'],34,38.433022,-121.164547,20.3,100.0
a63ac327-fb68-4511-bc6c-f05a8a84714d,2026-05-11,2026-05,Rick Fire,['Fresno'],10,36.720057,-120.387081,20.0,100.0
7ceb6ea0-3cb7-45cb-87ec-2b879ebc6c3a,2026-08-21,2026-08,Ross Fire,['Calaveras'],5,38.112448,-120.499796,19.5,100.0
5c377c5d-be0a-48d9-bee8-197228239d1d,2026-09-11,2026-09,Pouch Fire,['San Luis Obispo'],40,35.313395,-120.690062,19.3,100.0
b5ad4146-8e14-47de-ab04-4dd1ddc88f6e,2026-09-20,2026-09,Mineral Fire ,['Placer'],31,39.105732,-120.871037,19.0,92.0
1bea38af-cd2f-4a5c-955b-2e404818cc1f,2026-07-18,2026-07,Sapphire Fire,['San Bernardino'],36,34.403578,-116.996084,19.0,100.0
08919660-a1de-4b5e-82ad-20f7fdf2b20c,2026-06-09,2026-06,Sumner Fire,['Fresno'],10,36.624774,-119.331516,19.0,100.0
dda6b237-f9a7-442a-a841-f55a0c7190b3,2026-06-07,2026-06,McCabe Fire,['Merced'],24,37.1252,-121.088668,19.0,100.0
5e0f3014-4e8e-4505-94c1-c9afc078989e,2026-08-21,2026-08,Grant Fire,['Sacramento'],34,38.559162,-121.187226,18.0,100.0
57e6d6fc-66db-4864-8929-a578cac494dc,2026-03-21,2026-03,Canyon Fire,['Kern'],15,35.31376,-118.288987,17.0,100.0
2991ccc1-2ca3-4255-bf3a-b20b64c02d3e,2026-05-17,2026-05,Champlin Fire,['Tehama'],52,39.969727,-122.080013,16.9,100.0
1f51e7cd-eaff-472f-9c15-f03396b774d0,2026-07-29,2026-07,Combie Fire,['Nevada'],29,39.03317,-121.09253,16.8,100.0
8377c557-ba20-41a6-ba50-ee4a43b06b75,2026-06-27,2026-06,Grant Fire,['Sacramento'],34,38.554231,-121.18716,16.8,100.0
8827456b-8d91-496a-8a07-7171ca6e40af,2026-07-13,2026-07,Ledson Fire,['Sonoma'],49,38.448097,-122.569256,16.5,100.0
2a818f5b-7c56-49a8-8fa6-c6576d4db89f,2026-06-05,2026-06,Blackburn Fire,['Riverside'],33,33.693,-116.85,16.5,100.0
e51ff36f-408d-44a7-9374-319c1563dafe,2026-06-11,2026-06,Peach Fire,['Fresno'],10,36.605424,-119.718417,16.0,100.0
2be4f2a6-19d4-490e-8648-1acbea88a198,2026-05-05,2026-05,River Fire,['Siskiyou'],47,41.867405,-122.739601,16.0,100.0
c7a5e1ad-79d1-4823-a1a5-f4852cb71eec,2026-09-30,2026-09,Clay Fire,['Sacramento'],34,38.336172,-121.135507,15.9,95.0
1493c551-1d09-4320-ae4b-7bcd393445b5,2026-04-11,2026-04,Hill Fire,['Tulare'],54,36.287227,-119.084457,15.8,100.0
c7154033-1cf7-41e9-8442-0a318020786e,2026-04-06,2026-04,Blue Fire,['Kern'],15,35.715926,-118.814608,15.4,100.0
d051fbde-007c-42b6-8974-501064dfcd1a,2026-09-02,2026-09,Triangle Fire,['Kern'],15,35.562833,-119.799833,15.0,100.0
e1f9b2b5-95fc-4d8c-afcd-2b41a2bfbf0d,2026-06-28,2026-06,Lonestar 2 Fire,['San Diego'],37,32.578508,-116.951749,15.0,100.0
4389c566-4814-4201-989c-9dcf4c0ca876,2026-06-12,2026-06,Linden Fire,['Shasta'],45,40.5691,-122.3975,15.0,100.0
7a08f558-df85-4d75-8c72-e1ca78e32f00,2026-08-31,2026-08,Panarama Fire,['Riverside'],33,33.889498,-116.858653,14.0,100.0
bc4030fe-3e1c-469e-9513-839074a60fda,2026-05-11,2026-05,Mayhew Fire ,['Riverside'],33,33.762371,-117.471416,14.0,100.0
efbd6a3f-a7b0-4566-9765-e6f93fe299a3,2026-08-21,2026-08,Clover Fire,['Nevada'],29,39.13032,-121.02902,13.6,100.0
7567f739-c644-4c10-b116-d4643d0feb72,2026-06-12,2026-06,Santa Fe Fire,['Madera'],20,37.141599,-120.161096,13.5,100.0
7a578d42-20dd-478a-8689-c0399a75262a,2026-05-17,2026-05,Tennant Fire,['Siskiyou'],47,41.666615,-122.000899,13.5,100.0
a119566a-d30d-43e6-93f7-f61cc3b39bf8,2026-04-08,2026-04,Jess Fire,['Modoc'],25,41.274119,-120.311009,13.3,100.0
32f0f4b1-a639-4669-bcc9-93e508193e4e,2026-09-04,2026-09,Frank Fire,['Fresno'],10,36.714882,-119.421215,13.0,100.0
9007d58d-3831-423f-b45c-636acb04f10f,2026-07-13,2026-07,Hunt Fire,['Fresno'],10,36.583621,-119.68924,13.0,100.0
8da49c28-8b0e-46a8-9127-33f5f5809948,2026-06-07,2026-06,Shasta Fire,['Shasta'],45,40.679351,-122.348475,12.9,100.0
eb14b81b-381a-473c-b502-d688fde08e3b,2026-07-04,2026-07,Landrum Fire,['Amador'],3,38.480967,-120.853843,12.5,100.0
2b36783e-7966-4fa9-896b-481c63d64c5b,2026-07-23,2026-07,Celebration Fire,['Riverside'],33,33.768003,-117.240803,11.5,100.0
fbfaf3f7-94fe-4daa-b419-5e4515bf7e47,2026-07-22,2026-07,Underwood Fire,['Amador'],3,38.381133,-120.872627,11.5,100.0
58069319-befb-4f91-967c-ddd431d8a5eb,2026-09-03,2026-09,Knight FIre,['Kern'],15,35.30681,-118.681,11.3,100.0
27f0a069-7750-4e9d-93b9-568b614d2c38,2026-06-07,2026-06,Palm Fire,['Fresno'],10,36.209064,-120.391217,11.0,100.0
6d9c03f1-15d3-40bf-b6c3-9a610e180245,2026-05-31,2026-05,Nevada Fire,['San Bernardino'],36,34.454,-117.50852,11.0,100.0
ce471da2-50ae-40bd-81c9-9864b5a4fde3,2026-08-28,2026-08,Panoche Fire,['Fresno'],10,36.640065,-120.621014,10.0,100.0
6c9d6f07-ca06-42bf-8ea4-ab7e50ff5331,2026-06-26,2026-06,Pablo Fire,['Contra Costa'],7,38.05104,-122.242935,10.0,100.0
a86f93cd-3a0d-4ee2-bae7-c84a74bbb3f0,2026-06-21,2026-06,East Fire,['Fresno'],10,36.609205,-119.772825,10.0,100.0
6f35b438-574e-45e3-a503-84ae8faabcc9,2026-06-11,2026-06,Simpson Fire,['Riverside'],33,33.706812,-117.13656,10.0,100.0
786b9d0b-dd65-4d6a-a727-e376165933fc,2026-05-20,2026-05,Kirby Fire,['Riverside'],33,33.555036,-116.648373,10.0,100.0
1545d4a0-bde9-45fb-81c6-426f8e4b597a,2026-05-17,2026-05,James Fire,['Contra Costa'],7,37.970915,-121.825759,10.0,100.0
38072cab-1319-4e37-8cf7-eff12add7f41,2026-05-11,2026-05,Ramona Fire,['Riverside'],33,33.845919,-117.204183,10.0,100.0
dc6385e4-38c2-4697-bdb8-b623aab54957,2026-05-07,2026-05,Acorn Fire,['San Bernardino'],36,34.432653,-117.630638,10.0,100.0
8f9a3173-0ea3-46c2-a4f9-8b254990c187,2026-01-24,2026-01,Lamb Fire,['Trinity'],53,40.506958,-123.506241,10.0,100.0
d2e2f55d-a944-489d-a8e0-70e134bc3381,2026-07-06,2026-07,Priest Fire,['Tuolumne'],55,37.817593,-120.282985,9.5,100.0
80ad74a7-5c41-4d1c-b44c-60d2651b8967,2026-06-30,2026-06,Happy Fire,['El Dorado'],9,38.66233,-120.66869,8.0,100.0
31d37243-bb18-4db4-8278-d4c203d62f33,2026-09-05,2026-09,Pine Fire,['Siskiyou'],47,41.885,-122.4599,7.0,100.0
ea1e09ef-ed7f-4518-b5b8-44d77da57860,2026-08-28,2026-08,Greenwood Fire,['San Bernardino'],36,34.25512,-117.44845,7.0,100.0
c7a3cb86-dc97-4f1d-80d6-c00b0b34d0eb,2026-08-25,2026-08,Melba Fire,['Riverside'],33,33.742551,-117.103305,7.0,100.0
e350e69f-9bb6-4772-8566-be05e32a2952,2026-07-26,2026-07,Brick Fire,['Mendocino'],23,39.867509,-123.575115,7.0,100.0
863f5775-aa4f-47b4-bf43-5a62e540ab75,2026-09-03,2026-09,York FIre,['Los Angeles'],19,34.13631,-118.22868,5.0,100.0
a7560095-9bca-4fef-944e-275e9b0cc894,2026-05-01,2026-05,Landmark Fire,['San Diego'],37,33.228012,-116.523796,5.0,100.0
82d856f7-6110-4d22-8273-3fa572f40783,2026-09-22,2026-09,Estrella Fire ,['San Luis Obispo'],40,35.669682,-120.521999,4.0,100.0
4de89474-b003-47e6-ae01-82a669161ecb,2026-09-13,2026-09,Bunny Fire,['Siskiyou'],47,41.63457,-122.379987,3.5,100.0
140a3cf8-4da1-45a8-b3e6-8f340065936a,2026-09-01,2026-09,Circle Fire ,['Lassen'],18,40.37195,-120.647667,3.0,100.0
65619345-619d-4f64-85b5-a8ae76ec26ab,2026-08-25,2026-08,Newtown Fire,['El Dorado'],9,38.706699,-120.684758,3.0,100.0
f65c7db6-f69c-4bf2-b72d-fafe63799987,2026-09-12,2026-09,Rocky Fire ,['Kern'],15,35.587883,-118.4612,1.0,100.0
82725681-1acb-413c-9ba2-9d88206173cc,2026-08-25,2026-08,Helen Fire,['San Bernardino'],36,34.206195,-117.409571,1.0,100.0
6ea07daa-4462-4db0-9f0c-ff66654342e3,2026-07-18,2026-07,Biscar Fire,['Lassen'],18,40.61966,-120.303227,69355.0,98.0
6d21bcbf-166e-4cef-9e40-b2da96553772,2026-08-26,2026-08,Plaskett Fire,['Monterey'],27,35.90356,-121.41472,30124.0,100.0
4b0a38f6-3958-41c8-a1e5-d346d74b64b1,2026-05-15,2026-05,Santa Rosa Island Fire,['Santa Barbara'],42,33.912726,-120.092289,18379.0,100.0
cc87b46f-ddbb-4527-bee3-e7b960a30773,2026-07-11,2026-07,Elephant Fire,['Sierra'],46,39.707167,-120.221283,13930.0,100.0
f9a0e6c2-86d8-49f5-b58b-f112ba845ca8,2026-07-20,2026-07,Rock Fire,['Inyo'],14,36.97819,-118.24765,12008.0,100.0
e51208a8-ae10-49ef-b719-60ba424dda40,2026-08-04,2026-08,Gann Fire,['Calaveras'],5,38.107826,-120.766337,10339.0,100.0
a78d23dd-66cb-449d-b955-9d84efedbd51,2026-08-08,2026-08,MP18 Fire,['Humboldt'],12,41.125604,-123.684619,7610.0,95.0
20901a6c-cff6-4cfc-bdbd-f10fd2dbce06,2026-07-27,2026-07,Fish Fire,['Kern'],15,35.30351,-118.66739,4201.0,100.0
8767de7a-c662-4dd0-965e-7fb6be9793f4,2026-04-03,2026-04,Springs Fire,['Riverside'],33,33.914308,-117.094579,4176.0,100.0
b3e2e77e-1d43-42ef-8954-927b0473ed12,2026-05-18,2026-05,River Fire,['Kern'],15,35.442882,-118.784317,3535.0,100.0
a6f944cc-596e-4a26-be88-4f81a68ffa03,2026-06-15,2026-06,Shore Fire,['Riverside'],33,33.971531,-117.114847,3085.0,100.0
71453163-095b-472f-bea8-b8ab15a6e260,2026-07-25,2026-07,Cinder Complex,['Inyo'],14,37.015916,-118.271105,2784.0,100.0
30df76e5-e4f5-4b4f-b8ff-50f98d6ce14a,2026-08-19,2026-08,Alpaugh Fire,['Tulare'],54,35.86609,-119.487314,2664.0,100.0
21d53170-b5d9-4fb2-a771-73e47c76bafb,2026-06-01,2026-06,Border 6 Fire,['San Diego'],37,32.56692,-116.76388,2525.0,100.0
b4cbaac9-ad43-4dc7-85f3-e8ff1c7dddf4,2026-05-03,2026-05,Tower Fire,['Kern'],15,35.359142,-118.793342,2468.6,100.0
30b8c113-67cb-4503-b2db-6f03fb38ad0b,2026-08-08,2026-08,Antelope Fire,"['Kern', 'San Luis Obispo']","15,40",35.740122,-120.260761,2410.2,100.0
da287753-457a-4eea-8ff6-5c43108e2de3,2026-05-07,2026-05,Canyon Fire,['Kern'],15,35.500247,-117.858482,2278.0,100.0
9cfb1ec0-755c-464a-9f11-0dfca8847902,2026-05-18,2026-05,Sandy Fire,['Ventura'],56,34.249653,-118.744109,2183.0,100.0
c0c3e864-a454-4ba8-8fa0-e56fbfd6ab9d,2026-04-19,2026-04,Tumey Fire,['Fresno'],10,36.616572,-120.656805,1647.0,100.0
ad43f187-d40a-4e93-ba2d-d4ea08c8b63f,2026-05-19,2026-05,Bain Fire,['Riverside'],33,33.964077,-117.50467,1473.0,100.0
58a240f6-d48d-442d-8050-436203b17118,2026-06-15,2026-06,Mateo Fire,['San Diego'],37,33.463457,-117.48833,1377.0,100.0
2d2f71c4-94ae-422b-9522-8e7fddffc197,2026-07-11,2026-07,Pistachio Fire,['Kern'],15,35.590687,-119.838195,1301.0,100.0
5099adc1-c965-4f21-a54a-deb9be2a8eaa,2026-07-23,2026-07,Fields Fire,['Merced'],24,37.533126,-120.431465,1280.0,100.0
312d749f-1cf9-496a-93a6-c77a7cf2b617,2026-03-25,2026-03,Paramount Fire,['Kings'],16,35.823,-119.882,1279.6,100.0
ddc34994-2463-4e5c-a546-1f8b15e50ca2,2026-07-15,2026-07,Thorn Fire,['San Diego'],37,32.690775,-116.330948,1234.0,100.0
4c34a4e6-463c-4599-8205-41c255d5c842,2026-06-05,2026-06,Macy Fire,"['Kern', 'Los Angeles']","15,19",34.7802,-118.3501,1194.1,100.0
c89e85e5-37e1-4a51-b002-504c44ee0644,2026-08-07,2026-08,Ridge Fire,['Los Angeles'],19,34.8147671,-118.8351465,1134.0,100.0
ca5f0d0e-afd9-4942-b54f-2b9bfb80b49e,2026-07-08,2026-07,Van Fire,['Mariposa'],22,37.315878,-120.088086,1107.0,100.0
c942a0d9-b6f4-4a7e-bd3d-c84f3a2063e4,2026-06-13,2026-06,Wyly Fire,['Kern'],15,35.2674418,-118.6552293,1075.0,100.0
045308ac-563f-4a9b-a81e-12e31514bd64,2026-07-06,2026-07,Pipeline Fire,['San Diego'],37,33.276204,-117.417399,1065.0,100.0
05803e87-97fe-471d-bf63-21bb7c2d8161,2026-07-07,2026-07,3-1 Pit Fire,['Lassen'],18,40.94913,-121.26181,1055.0,100.0
a9e698a7-e914-43c6-b2ab-8cccb6a08b9c,2026-05-20,2026-05,Foothill Fire ,['Santa Barbara'],42,34.886119,-119.611649,904.0,100.0
00566244-7528-436d-998c-e893fd01914d,2026-08-05,2026-08,Buzzard Fire,['Kern'],15,34.911611,-118.927632,902.0,100.0
2d912e74-c1d1-4fc0-9f6b-e7392c2a86ca,2026-08-01,2026-08,Feliz Fire,['Mendocino'],23,38.99225,-123.1611477,872.0,100.0
781f1487-3705-4ce3-b8b8-141cfb0b5362,2026-06-08,2026-06,Putah Fire,['Yolo'],57,38.51751,-122.06874,860.0,100.0
29138ce4-80cf-405f-a87c-313127c00447,2026-08-06,2026-08,Dora Fire,['Los Angeles'],19,34.78186,-118.50211,850.0,100.0
d3407a0a-c308-4e10-a15f-08495b10f278,2026-05-19,2026-05,Tusil Fire,['San Diego'],37,32.7198,-116.3825,820.0,100.0
0b695855-418a-4920-b7dd-74e9d41adc9e,2026-06-16,2026-06,Lincoln Fire,['Merced'],24,37.2775,-120.738,734.0,100.0
9a70b186-8f2e-402f-9466-cd458926dfa1,2026-06-28,2026-06,Romero Fire,['Modoc'],25,41.283336,-120.503348,699.0,100.0
9e56db7b-14e3-460c-9af2-8da8804bda9d,2026-05-09,2026-05,Brite Fire,['Kern'],15,35.335226,-119.497705,665.4,100.0
b3997bf2-0f06-4d4d-b2ad-56e697118943,2026-07-12,2026-07,Loomis Fire,['Lassen'],18,40.966139,-121.15477,656.0,100.0
baf0f9dd-c534-431c-bf62-fd6f9199ef64,2026-07-01,2026-07,Point Fire,['Merced'],24,37.06813,-121.213209,650.0,100.0
63871968-492d-4948-9902-f5a03e924f14,2026-05-19,2026-05,Verona Fire,['Riverside'],33,33.7639,-117.0809,638.0,100.0
0fc586ad-57da-4e61-b01c-af5cf1c38363,2026-06-27,2026-06,Iron Fire,['Riverside'],33,33.935538,-117.139373,635.0,100.0
eacfa940-4701-4ee5-9e05-a634770bf89a,2026-08-09,2026-08,Hatchet Fire,['Tulare'],54,36.121,-118.831,606.0,100.0
8091ac00-46a7-4c28-a225-322dd90cfbb4,2026-07-07,2026-07,Bear Fire,['San Luis Obispo'],40,35.314872,-119.896678,542.8,100.0
1aa9c33d-38cd-4902-b778-70e6edef57ff,2026-04-25,2026-04,Lost Fire,['Kern'],15,35.6405,-119.6618,530.0,100.0
28aa78f0-0642-465e-8ad5-e6a6a7fc328b,2026-07-18,2026-07,Brook Fire,['Shasta'],45,40.696243,-122.194307,502.0,100.0
f0fc59fc-1fe0-4e4f-b8fb-bef190a41302,2026-05-11,2026-05,Bradley Fire,['San Luis Obispo'],40,35.809708,-120.766961,445.0,100.0
675eb215-0e41-4529-877c-8f5136cab749,2026-06-30,2026-06,Range Fire,['San Diego'],37,33.39437,-117.35532,429.0,100.0
3aa2187d-4e91-428a-8854-18a4c5913d64,2026-04-17,2026-04,Ember Fire ,['Los Angeles'],19,34.7041,-117.9543,427.5,100.0
a0a939ba-5669-46ca-b7f1-47abb8852596,2026-07-20,2026-07,Rumsey Fire,['Colusa'],6,38.927988,-122.260029,396.0,100.0
8e97c34f-a86a-43fd-895c-c22044e0c9ec,2026-04-03,2026-04,Crown Fire,['Los Angeles'],19,34.465928,-118.196999,385.0,100.0
003db978-0513-42df-aa8c-432db452ac0d,2026-08-10,2026-08,Jarvis Fire ,['Los Angeles'],19,34.72927,-118.28518,362.0,100.0
26a29d4f-ef16-45d0-a2d5-5968cad520b3,2026-07-22,2026-07,Creelman Fire,['San Diego'],37,33.01677,-116.84184,347.0,100.0
f710ccd0-2088-444b-bcb2-de36e7432568,2026-09-21,2026-09,Chileno Fire,['Marin'],21,38.213483,-122.806368,341.0,100.0
892da051-a182-4f74-95fc-5356d605bd36,2026-05-21,2026-05,Alta Fire,['Los Angeles'],19,34.7904,-118.5278,334.5,100.0
83465b38-5c6d-4392-8448-86970f42bf82,2026-04-14,2026-04,19th Fire,['Kings'],16,36.20001,-119.79721,325.0,100.0
aa4acd5d-1fff-42c8-a900-e8569aa9fbfc,2026-06-13,2026-06,Solar Fire,['San Luis Obispo'],40,35.346861,-119.919311,285.0,100.0
b65a6742-3951-4dd2-8df2-93674dbf8071,2026-04-21,2026-04,Redrock Fire,['Kern'],15,35.4001,-117.9112,283.0,100.0
45d69225-b29b-4bb3-bd91-2fd478e04c5b,2026-07-01,2026-07,Chloe Fire ,['Los Angeles'],19,34.42009,-118.67204,282.0,100.0
4c953a40-e70f-4f8f-bb1d-f25fdcc68766,2026-07-11,2026-07,Twain Fire,['Plumas'],32,40.023958,-121.064952,276.0,100.0
c85f1556-0ae1-48a3-af6d-2d325fc2e2f5,2026-06-13,2026-06,Lemon Fire,['Los Angeles'],19,34.501232,-118.109035,273.0,100.0
9b0d4945-1bcf-48d5-98e7-11759fcd3c3f,2026-07-27,2026-07,Junction 2 Fire,['Sierra'],46,39.795467,-120.140517,270.0,100.0
52874353-e4ed-446e-ba8b-71cce3adbdbd,2026-08-22,2026-08,Carrizo Fire ,['San Luis Obispo'],40,35.054563,-119.910563,268.0,100.0
99f0814e-a8da-4c81-8f04-8ed8b5fcef9e,2026-08-09,2026-08,Foster Fire ,['Imperial'],13,32.76388,-114.641989,236.0,100.0
8e691956-0486-4c4b-878d-87c81fd2851d,2026-09-01,2026-09,Colorado Fire,['Mariposa'],22,37.5893443,-119.9654272,233.0,100.0
51382211-c281-4c29-a8c7-f7e6a7e4c8ec,2026-09-02,2026-09,Gibby Fire,['Orange'],30,33.548681,-117.548451,230.0,100.0
20c16664-f935-4302-82fc-7da0f9bfc53f,2026-08-24,2026-08,4-1 Fire,['Modoc'],25,41.689167,-120.465667,230.0,100.0
c5fab816-fbf6-4082-b60f-9b4c58859e65,2026-07-26,2026-07,Dove Fire,['Tuolumne'],55,37.9651,-120.39744,226.0,100.0
fd2061ea-b07b-4f90-8a3a-d11892a132b6,2026-04-23,2026-04,Hog Fire ,['Fresno'],10,36.8712,-119.2907,214.0,100.0
421c9280-7d58-407b-a736-005fa833f267,2026-08-05,2026-08,Anderson Fire,['Mendocino'],23,39.787066,-123.24822,205.0,100.0
b215696b-05dd-4f0e-8917-de525508696e,2026-07-30,2026-07,Rowlee Fire,['Kern'],15,35.76096,-119.47751,205.0,100.0
4b99c6e4-0545-47f4-9a38-aa8955d6d05d,2026-04-25,2026-04,Carbon Fire,['Orange'],30,33.9231,-117.8182,205.0,100.0
66052a0f-9ffb-4225-a86a-3b013044c30e,2026-07-12,2026-07,Martells Fire,['Stanislaus'],50,37.861445,-120.766364,201.0,100.0
9ef74962-b1d1-47f8-aa81-01e91ead7111,2026-06-24,2026-06,Pierce Fire ,['Kern'],15,35.16574,-119.47476,192.0,100.0
b1b03429-6b7a-4c49-b71d-4dba01f1d7eb,2026-05-17,2026-05,Dawson Fire,['Stanislaus'],50,37.608814,-120.4611,191.0,100.0
68adce3d-d5c3-4ad4-8fad-f6ed6161b392,2026-07-12,2026-07,Juno Fire,['Los Angeles'],19,34.71124,-118.34649,188.0,100.0
de3a56b5-3ac2-4b3c-a985-daad3c5aa8a6,2026-04-17,2026-04,Vista Fire,['Riverside'],33,33.7288,-117.3217,183.0,100.0
9ecb3183-b1c7-4cd9-bf07-7fe9312bedef,2026-06-23,2026-06,Willow Fire,['Siskiyou'],47,41.804445,-122.415816,177.0,100.0
43975eba-2d19-400a-be01-d99047a1c6be,2026-03-27,2026-03,Sheep Springs Fire,['Kern'],15,35.4939,-117.776,170.0,100.0
8402e8a8-84fd-413d-ba48-27c188805a86,2026-05-22,2026-05,Irone Fire,['Kern'],15,34.8689,-118.3801,169.0,100.0
ad54241b-ebf9-4482-9fe2-3f2ef34b70a8,2026-07-17,2026-07,Garden Fire,['Sacramento'],34,38.729288,-121.600406,167.0,100.0
95be237c-4a91-4095-822e-adde399d7e51,2026-07-13,2026-07,Chute Fire,['Yuba'],58,39.350013,-121.15087,163.0,95.0
f32151f1-59ce-437e-a23f-67a7946fa0da,2026-07-12,2026-07,Sherwood Fire ,['Kern'],15,35.5554,-118.98704,163.0,100.0
24520478-a4d2-4681-b5eb-2a3a69fedee1,2026-08-04,2026-08,Cassie Fire,['Kern'],15,35.258671,-118.600935,160.0,100.0
ee1b530d-5e83-4d2f-8e36-005569b421e6,2026-07-03,2026-07,Nash Fire,['San Bernardino'],36,34.88606,-116.95981,156.0,100.0
99028a9e-31f9-4a3e-abff-b70fdb19369f,2026-05-21,2026-05,Bear Fire,['San Luis Obispo'],40,35.322078,-119.898219,154.0,100.0
8ca10f16-07d6-4b92-96bc-c09c9e2a3b66,2026-07-30,2026-07,Woodside Fire,['Sonoma'],49,38.56686,-123.32409,151.5,100.0
e513ce0f-7806-4087-a601-d8b0fa3c5ded,2026-07-19,2026-07,Williams Fire,['Monterey'],27,35.990011,-121.022233,144.0,100.0
6db43111-e3bf-45c1-8363-551ce12f24ed,2026-07-21,2026-07,Rider Fire,['Riverside'],33,33.825216,-117.264023,140.0,100.0
f33fd106-2a94-4757-b0ce-beee36a6c967,2026-08-16,2026-08,Sorrento Fire,['San Diego'],37,32.91867,-117.1980091,138.0,100.0
e2e3df8d-6291-4f33-9299-60884142136a,2026-07-07,2026-07,Volcano Fire,['Riverside'],33,33.5244,-117.29852,138.0,100.0
7232d61c-0dad-4c21-96ba-f0a39f26a8dc,2026-09-09,2026-09,Belmont Fire,['San Luis Obispo'],40,35.3078735,-119.987601,137.0,100.0
40144929-f406-458e-9dc6-d2213322be5b,2026-06-13,2026-06,Taft Fire,['Kern'],15,35.261692,-119.194785,132.0,100.0
d42d9475-1f08-4259-a188-b77b858f6350,2026-09-04,2026-09,Dove Fire,['Kern'],15,35.43581,-117.97779,125.0,100.0
8d002a4b-5c54-4c75-a6d9-d058d170015e,2026-07-16,2026-07,Cotton Fire,['Kern'],15,35.772465,-120.174813,120.0,100.0
57f7fd16-8f1a-434a-9864-4ae7953822a9,2026-07-14,2026-07,Chowchilla Fire,['Madera'],20,37.010909,-120.30244,120.0,100.0
2280884a-2708-4e2f-ac2e-710b6358a308,2026-06-30,2026-06,Owl Fire,['Tuolumne'],55,37.82783,-120.58325,120.0,100.0
e85158e3-c44d-48b5-a9d7-29b6b839509b,2026-06-13,2026-06,Crossing Fire,['Kern'],15,35.6028,-117.9026,111.0,100.0
b7be5b06-d2f8-4fff-b882-f6910dd374d9,2026-08-23,2026-08,Alper Fire ,['Kern'],15,35.086522,-117.762129,109.0,100.0
39e42ff8-d403-4705-a0de-6972a1092027,2026-07-20,2026-07,Day Fire,['Mariposa'],22,37.397352,-120.140486,106.0,100.0
7a5137c4-2c11-4f74-a5c1-1b3b18453fda,2026-07-08,2026-07,Mile Post 16 Fire,['Humboldt'],12,41.118584,-123.687697,104.0,100.0
942af93d-f1a5-467e-ad37-b327eedc3442,2026-05-19,2026-05,Whitlock Fire,['Imperial'],13,32.92584,-115.2916,101.0,100.0
725df31f-ab90-41e3-b3f8-ecef3d8e3fb1,2026-06-21,2026-06,Sandy Fire,['Kern'],15,35.58599,-118.53381,99.0,100.0
d863cca1-e6d6-4a64-bb56-8703a0e9506b,2026-06-29,2026-06,Head Fire,['Napa'],28,38.827779,-122.355094,98.0,100.0
f5dc6e02-cd24-43ef-b8c6-5ae604abd925,2026-06-05,2026-06,Mauds Fire,['Solano'],48,38.205596,-121.864364,96.0,100.0
a097d90f-92f1-4d05-9f72-d7fdc35e0347,2026-05-07,2026-05,Baker Fire,['Kern'],15,35.303795,-118.683831,95.0,100.0
5e5d836e-9946-4b8a-a006-cabe71f976e8,2026-08-19,2026-08,Dehesa 7 Fire,['San Diego'],37,32.80979,-116.823207,93.3,100.0
ded923b7-e9bb-4e74-9da3-87deb20a3e1b,2026-08-12,2026-08,Talbot Fire,['Placer'],31,39.173209,-120.386427,93.0,100.0
6864ad9e-7151-4342-970a-503bf9cce65a,2026-04-16,2026-04,Iona Fire ,['Los Angeles'],19,34.72345,-118.23457,92.4,100.0
d2d9d760-f12c-4404-b80a-67d68502b3ec,2026-06-22,2026-06,Cherry Fire,['Riverside'],33,33.964661,-117.028477,89.0,100.0
e9ba48a9-5581-4a9e-91be-dd300e369896,2026-07-23,2026-07,South Fire ,['Kern'],15,35.519342,-118.90026,85.0,100.0
4bab918f-920c-4df8-a07e-8b9bae468c87,2026-07-14,2026-07,North Fire,['Kern'],15,35.157524,-119.490082,85.0,100.0
8adda8ac-47b2-44e8-8d19-dea2f0b0d74e,2026-07-31,2026-07,Fiddler Fire,['Kern'],15,35.3579,-117.791138,83.0,100.0
f2c8f065-8267-4ca9-86c4-3b8218c43bf2,2026-06-14,2026-06,72 Fire,['Riverside'],33,33.498768,-116.091633,80.0,100.0
a2cadcf4-8cff-4e1d-9ace-416a54322d13,2026-06-14,2026-06,Stoney Fire,['Fresno'],10,36.959052,-119.382424,79.0,100.0
d36bb506-6f51-431d-9ca0-79c9c6a6813f,2026-07-13,2026-07,Hardin Fire,['Napa'],28,38.614179,-122.396291,78.6,100.0
cc87c457-7966-4a06-bdd0-1d92276a9209,2026-06-13,2026-06,Devil Fire,['Kings'],16,35.85009,-119.915216,75.0,100.0
3dd5ae4b-6ae2-45ab-a88d-a7e91f2c3533,2026-06-03,2026-06,Bridge Fire,['Fresno'],10,36.730983,-120.361017,75.0,100.0
c7392ba4-582d-4f3c-b61c-1000c6323c9a,2026-06-02,2026-06,Lake Fire,['Fresno'],10,36.683468,-119.41907,75.0,100.0
a5f1a372-2ed4-4bfc-9c9f-7a3ebfa4b394,2026-07-22,2026-07,Lover Fire,['Santa Clara'],43,36.972318,-121.430829,72.0,100.0
f09a7b89-4a89-4d1e-a372-6885b9937c75,2026-05-17,2026-05,Pass Fire,['Alameda'],1,37.746519,-121.654592,69.0,100.0
17f92567-1934-410b-baa1-bfe2e95a7a87,2026-06-17,2026-06,Round Fire,['Tehama'],52,40.04857,-122.441335,67.0,100.0
f7af6142-3c44-4005-a255-6a0bed6544bd,2026-05-02,2026-05,Gopher Fire,['Riverside'],33,33.463566,-116.91934,67.0,100.0
9aee2635-5afe-40df-92e7-4769fb3fba23,2026-06-15,2026-06,Hazel Fire,['Los Angeles'],19,34.689304,-118.262293,66.0,100.0
dc049e65-eff4-43c5-991e-1c30a7ca2bd8,2026-07-09,2026-07,Domenigoni Fire,['Riverside'],33,33.708252,-116.986671,62.4,100.0
8ce6b5f1-1302-45bd-8d7e-6ef709f279cc,2026-06-16,2026-06,James Fire,['Fresno'],10,36.683445,-120.227714,56.0,100.0
0978d823-3b2d-4363-b7fa-00e1ad015af6,2026-05-22,2026-05,Norton Fire,['Contra Costa'],7,37.962,-121.88,55.2,100.0
bab8d329-5205-4f8a-8716-c7868591272e,2026-07-28,2026-07,Green Fire,['San Bernardino'],36,34.099199,-117.02376,55.0,100.0
05cb4a59-f59a-455d-b3c3-ac8574b30cd5,2026-07-09,2026-07,Peach Fire,['Fresno'],10,36.605424,-119.718417,55.0,100.0
e2de904f-87cc-47ce-81e1-82ddd8beaa5c,2026-06-02,2026-06,Avenida Fire,['Tuolumne'],55,37.651736,-120.32662,53.0,100.0
cfadd37c-529c-44c5-8322-5cf39c54ce7f,2026-05-31,2026-05,School Fire,['Butte'],4,39.335541,-121.526981,52.3,100.0
53648596-f211-4886-abe7-35a2653c3503,2026-07-15,2026-07,Pointe Fire,['Los Angeles'],19,34.412458,-118.516871,52.0,100.0
fe74011c-0cab-4d7e-95db-4de179936109,2026-07-11,2026-07,Nella Fire,['Merced'],24,37.053714,-120.966659,52.0,100.0
7c858fba-a823-41fa-9cf3-ab74707d7f5e,2026-08-13,2026-08,Valley Fire,['Madera'],20,36.859242,-120.340992,51.8,100.0
308da93e-9695-4979-baa2-563a86c0685e,2026-09-09,2026-09,Steele Fire,['Napa'],28,38.48841,-122.1886,51.0,100.0
36f7e3a9-f1a9-4f7f-925e-2aeca150e658,2026-08-20,2026-08,Chia Fire,['Riverside'],33,33.488147,-116.828747,51.0,100.0
c29e4a16-956c-47f7-bc96-74af51450792,2026-07-17,2026-07,Morgan Fire,['Contra Costa'],7,37.901478,-121.878855,50.8,100.0
d3e69527-5f45-4478-b882-53c306f5cb87,2026-09-04,2026-09,Airport Fire,['Riverside'],33,33.642162,-116.160957,50.0,100.0
d6806df8-c719-4d0d-94bd-c63bb7c3dcec,2026-07-01,2026-07,Lucas Fire,['Monterey'],27,36.103998,-121.024659,50.0,100.0
8b2039ba-d272-4a79-82fb-d071a6d66417,2026-05-21,2026-05,Sierra Fire,['Stanislaus'],50,37.841898,-120.826987,49.5,100.0
a213b607-fe6e-4193-b436-5836fd659828,2026-06-04,2026-06,King Fire,['Kern'],15,35.732079,-119.891484,48.6,100.0
78aa799f-3873-45d4-9a2c-cf83542694ff,2026-06-04,2026-06,Deer Fire,['Contra Costa'],7,37.93668,-121.751171,48.3,100.0
ef32220a-f1f2-473f-a2c3-acc3f838a85a,2026-07-01,2026-07,Bridge Fire,['Fresno'],10,36.734604,-120.156135,48.0,100.0
73e860b1-7a78-495a-a815-97ab4073dfe5,2026-05-09,2026-05,Famoso Fire,['Kern'],15,35.604977,-119.043958,47.0,100.0
46d3d164-1cc8-41de-82f8-b70df9f3c514,2026-06-11,2026-06,Turkey Fire,['Calaveras'],5,38.216693,-120.9142,46.0,100.0
c42ab676-f841-4d15-9415-b3e4aac1ba77,2026-07-05,2026-07,Wright Fire,['Merced'],24,37.020639,-120.990251,45.0,100.0
c04eb960-e755-4c7a-b661-aaf7e3bff64a,2026-08-04,2026-08,Manton Fire,['Tehama'],52,40.355184,-122.034072,41.3,100.0
55a0d3c9-e44f-4d9d-be43-85918c0c132a,2026-08-22,2026-08,Peach Fire,['Fresno'],10,36.561783,-119.718602,40.0,100.0
72a86965-b906-4da4-8f34-0dae806bd93b,2026-08-20,2026-08,Drum Fire,['Santa Barbara'],42,34.721333,-120.277089,40.0,100.0
5a441863-cd7a-4766-9cfa-f721f65774ae,2026-08-08,2026-08,Walnut Fire ,['Los Angeles'],19,34.202613,-118.2986941,40.0,100.0
b7d475f5-6701-4aad-9b16-31e5946791d4,2026-07-22,2026-07,14 Fire,['Yolo'],57,38.780841,-122.007248,40.0,100.0
61288bab-efcc-4a2f-9252-aea141e3ef0b,2026-07-22,2026-07,Kelso Fire,['Alameda'],1,37.794882,-121.604894,40.0,100.0
47e01b0e-f1ce-46cb-9fcb-007c336ddff1,2026-07-04,2026-07,Derrick Fire,['Fresno'],10,36.730983,-120.361017,40.0,100.0
54c35e3a-aa1f-464d-8ee4-3f610f013b12,2026-06-05,2026-06,Lake Fire,['Fresno'],10,36.240852,-120.103613,40.0,100.0
f8f00c08-2df8-4324-9f67-60d84e409fd9,2026-03-13,2026-03,Valley Fire,['Lassen'],18,41.091881,-121.325398,40.0,100.0
2d91b2cc-a78e-41dc-93bf-66e42922811b,2026-06-24,2026-06,Plains Fire,['Shasta'],45,40.538442,-122.174265,39.0,100.0
2bd41593-834a-48ce-872e-fc6a38558329,2026-07-26,2026-07,Tin Fire,['Riverside'],33,33.84534,-117.463382,36.6,100.0
64091406-1800-4b40-a3da-126532fa8125,2026-05-14,2026-05,Grand Fire,['San Bernardino'],36,33.9981,-117.7797,36.0,100.0
bdc299f6-106a-4e5f-88ca-e1addbbb2445,2026-08-04,2026-08,Water Fire,['San Luis Obispo'],40,35.593387,-120.146592,35.5,100.0
26a0942b-6d04-44e1-9220-933ce5a7d782,2026-04-15,2026-04,Yearling Fire,['Riverside'],33,33.980189,-117.472118,35.5,100.0
a4e3b4c5-eba4-4387-bdba-0a9e676ee3a5,2026-07-29,2026-07,Estrella Fire,['San Luis Obispo'],40,35.690659,-120.583567,35.0,100.0
7022d403-aa00-436a-b415-ce0019ed66f2,2026-07-11,2026-07,Wildcat Fire,['Tuolumne'],55,37.847321,-120.561411,34.2,100.0
13e20a10-f145-4fd9-9f2c-5c0d36f06612,2026-06-01,2026-06,Lawn Fire,['Mariposa'],22,37.407044,-120.096517,32.5,100.0
b3780676-1a4f-4328-b669-67936b9929b9,2026-08-08,2026-08,Malech Fire,['Santa Clara'],43,37.219749,-121.732057,32.0,100.0
fe55bd0d-b2a5-4f93-8b01-b03b6699c9a2,2026-06-30,2026-06,Mathews Fire,['Shasta'],45,40.67013,-122.31325,31.2,100.0
2c4031b8-ede6-471f-aabe-f82393ee0787,2026-09-19,2026-09,Orchard Fire,['San Bernardino'],36,34.4504833,-117.0425439,31.0,100.0
8d45a249-0f1b-4d18-94ea-8f228f2292c8,2026-09-07,2026-09,Tule Fire,['San Luis Obispo'],40,35.373675,-120.094374,31.0,100.0
7fd985ca-4722-4464-b7db-f0226cff9644,2026-09-04,2026-09,Adams Fire,['Fresno'],10,36.62608,-120.29939,31.0,100.0
7de70b14-e545-45aa-804f-f92b3546d29c,2026-07-19,2026-07,Alturas Fire,['Shasta'],45,40.628595,-122.254203,31.0,100.0
9c726442-725b-43b8-a49f-3ec1d50833ba,2026-05-29,2026-05,Henry Fire ,['Contra Costa'],7,38.009602,-121.920464,31.0,100.0
5f3337d4-2e2c-4b03-97c2-3a97786deae4,2026-07-09,2026-07,Bluff Fire,['Riverside'],33,33.659382,-117.154943,30.9,100.0
30296316-305f-421b-9854-0c2b769b0c44,2026-05-13,2026-05,Desert Fire,['Kern'],15,34.862116,-118.2149,30.8,100.0
e5ef6b14-7c40-423b-904c-8a5e6e210a4a,2026-09-28,2026-09,Floral Fire,['Fresno'],10,36.576102,-119.574975,30.0,100.0
68d6c08e-a5f7-4872-8d49-ca813f8b493c,2026-07-19,2026-07,Burr Fire,['Humboldt'],12,40.4171,-123.6188,30.0,100.0
f41785d7-0ab6-46c9-9cb3-005b92d7d13b,2026-06-26,2026-06,Rolling Fire,['Riverside'],33,33.555036,-116.648373,30.0,100.0
5abfa049-20a2-431a-8786-7e6f6c5f08a3,2026-06-20,2026-06,Adams Fire,['Fresno'],10,36.631893,-119.322615,30.0,100.0
00b1f06e-aefc-462a-8021-11106ade89f0,2026-06-14,2026-06,Bernardino Fire,['Fresno'],10,36.603435,-120.424616,30.0,100.0
08e8baa4-6647-46e1-a6dd-9ed69dac9acf,2026-06-02,2026-06,Sage Fire,['Inyo'],14,36.210054,-117.979622,30.0,100.0
df467b78-e630-42b5-ae2e-80d9aef54638,2026-05-18,2026-05,Burro Fire,['Los Angeles'],19,34.251583,-117.842907,30.0,100.0
012d012d-9773-4256-add9-a85fa1339720,2026-07-30,2026-07,Golf Fire,['Merced'],24,37.361172,-120.450414,29.0,100.0
9b217d0d-acb2-4dfc-91b0-5717727ff7e1,2026-06-29,2026-06,Stanley Fire,['Riverside'],33,33.56274,-116.916879,29.0,100.0
483c7458-c33d-4dae-9abc-6566ef6327eb,2026-05-18,2026-05,Landfill Fire,['Merced'],24,37.385657,-120.503095,29.0,100.0
2d11e5f1-316b-4af7-b8e7-29a1304006a4,2026-05-09,2026-05,Orange Fire,['Riverside'],33,33.815645,-117.226115,29.0,100.0
724258fc-5e0b-462f-9d51-8d63e5aaa56b,2026-04-07,2026-04,Swiss Fire,['Calaveras'],5,38.306181,-120.405261,28.7,100.0
b15891c0-3d65-4e00-afc0-5a27cd0f3a8e,2026-06-13,2026-06,Custer Fire,['San Bernardino'],36,34.417835,-116.980841,28.0,100.0
4dba05f3-cc0b-447d-ac89-c54bfede66f1,2026-07-11,2026-07,Mount Fire,['Fresno'],10,36.93758,-119.668767,27.3,100.0
189c596a-b964-4c7c-a96b-9ceca642d343,2026-06-28,2026-06,Stone Fire,['Monterey'],27,36.468333,-121.2715,27.0,100.0
b5464d49-fbe9-48e0-8577-85242e26d5d1,2026-05-23,2026-05,Twist Fire,['Tuolumne'],55,37.882716,-120.390403,26.7,100.0
3a66e52c-80e1-4638-aad1-0102496fdef1,2026-07-16,2026-07,Lynwood Fire,['San Bernardino'],36,34.162375,-117.242919,26.0,100.0
f89cbac1-8f8b-4b74-8bd7-3d96c5abc059,2026-05-08,2026-05,Harvest Fire,['San Diego'],37,32.578508,-116.945135,25.9,100.0
2faf6679-47bc-4650-90ea-1f601d87be31,2026-09-01,2026-09,Rose Fire,['Kern'],15,34.92559,-118.92863,25.0,100.0
6b78b8e1-c89b-40f6-8653-f6eee799a654,2026-07-14,2026-07,Zebra Fire,['Los Angeles'],19,34.162903,-117.914014,25.0,100.0
82b3c48a-9508-4b54-ba15-0c5204851d16,2026-07-12,2026-07,Chance Fire,['Kern'],15,35.41647,-117.97237,25.0,100.0
57e74e18-4fc1-46b4-98f4-f6107926f905,2026-06-22,2026-06,Highway Fire,['Siskiyou'],47,41.851882,-122.835002,25.0,100.0
0c0ec6ab-2a26-4274-894c-875d88459c8e,2026-05-24,2026-05,Bucknell Fire,['Kern'],15,35.274235,-117.739303,25.0,100.0
c84c6685-b14e-49e0-9db4-9478594fdd26,2026-05-06,2026-05,General Fire,['Kern'],15,35.2854,-118.7336,25.0,100.0
4ad31b21-bf4f-4059-8e5e-795cdbddb512,2026-05-03,2026-05,Inyo Fire ,['Kern'],15,35.750712,-117.848333,25.0,100.0
627da6db-b91a-42c0-a187-52cadba048e4,2026-07-05,2026-07,Apex Fire,['Tulare'],54,36.050784,-118.858861,24.1,100.0
9bb0311f-afbc-4388-9935-a61c4677711e,2026-06-04,2026-06,Pinnacle Fire,['Riverside'],33,33.7430428,-117.249884,24.0,100.0
12d20e32-91dc-4b6a-8e69-2adff3634ee2,2026-07-04,2026-07,Inspiration Fire,['San Bernardino'],36,34.18656,-117.30495,23.4,100.0
8eca941d-2377-4090-ac1d-980224ab6886,2026-08-18,2026-08,Flynn Fire,['Alameda'],1,37.719908,-121.654327,23.3,100.0
753e5925-dfa4-4877-8005-21f6cbf74453,2026-06-09,2026-06,Bagby Fire,['Mariposa'],22,37.6046,-120.11414,23.3,100.0
f5ee46e0-9d6d-4b5c-b54b-860727d07313,2026-05-21,2026-05,Golden Fire,['San Luis Obispo'],40,35.639022,-120.658143,22.6,100.0
c7856e79-80de-4757-b2c5-e2d91f62cbac,2026-05-06,2026-05,Landon Fire,['Merced'],24,37.366165,-120.368915,22.6,100.0
c022884c-20c8-4ea6-b6d4-c933a96cf4db,2026-07-12,2026-07,Contour Fire,['Riverside'],33,33.816052,-117.08049,22.0,100.0
7878797b-2fc0-4172-b653-4eb31f2a254b,2026-07-05,2026-07,McCabe Fire,['Merced'],24,37.115374,-121.04453,22.0,100.0
7d482483-d919-4c42-b687-4071d8ee32ec,2026-06-14,2026-06,Grant Fire,['Alameda'],1,37.740297,-121.585818,21.8,100.0
ee631649-6ddb-495e-b1df-3dde26148429,2026-03-24,2026-03,Almond Fire,['Riverside'],33,33.914311,-116.773828,21.6,100.0
7c8070f7-9be0-435c-95a1-7d7526f07eff,2026-08-15,2026-08,Grant Fire,['Alameda'],1,37.740297,-121.585818,21.0,100.0
1b0b283d-0308-4860-bd11-aaba8c2aeb41,2026-06-09,2026-06,Millerton Fire,['Fresno'],10,36.986697,-119.686913,20.7,100.0
ae7c6830-07c4-4852-973a-f6fceee60dcf,2026-09-04,2026-09,Scott Fire,['Lake'],17,39.1114391,-122.9546004,20.0,100.0
2647c9a3-8aae-45c4-9cc1-b9a5a35990df,2026-08-29,2026-08,Domino Fire,['Los Angeles'],19,34.776052,-118.325588,20.0,100.0
f6b0fb3d-5e52-468b-930e-ada3ffd56b26,2026-08-14,2026-08,Bear Fire ,['Kern'],15,35.2671276,-119.22021,20.0,100.0
e825788c-4fce-4dd3-9180-ff5296fb7fc8,2026-08-09,2026-08,Tasha Fire,['Los Angeles'],19,34.34711,-118.50959,20.0,100.0
b5d7f2bf-85ef-4d9c-b172-9c27dfe2b668,2026-08-08,2026-08,Flat Fire,['Nevada'],29,39.223965,-120.837484,20.0,98.0
618cdfcc-5c3f-43d9-920c-1f0b1c071bdc,2026-08-07,2026-08,Beaver Fire,['San Diego'],37,32.735132,-116.82686,20.0,100.0
aff8c3fd-6310-4ac1-94ac-dbf3f07155ed,2026-07-20,2026-07,Mann Fire,['Tuolumne'],55,37.848787,-120.59758,20.0,100.0
c5f55eb1-5adc-478f-aaba-9ada19176ebc,2026-07-14,2026-07,Wilson Fire,['Riverside'],33,33.527441,-116.890283,20.0,100.0
c605a0ce-901b-4ab9-a85b-04be604d1ab8,2026-07-09,2026-07,Tiger Fire,['Tulare'],54,35.8735,-118.6485,20.0,100.0
ec5ef30a-128e-40d0-a96f-b29129ead56c,2026-06-24,2026-06,Anchor Fire ,['Fresno'],10,36.61436,-119.32598,20.0,100.0
1f5def9f-69f4-4991-b49d-0b422b501700,2026-05-25,2026-05,Orange Fire,['Tulare'],54,36.602544,-119.296016,20.0,100.0
15fbf4a2-9bb5-4268-975f-771f7ffb7d04,2026-04-17,2026-04,Snake Fire,['Kern'],15,34.878679,-118.240713,20.0,100.0
e979e680-67f6-4338-99de-f7c1e752e13e,2026-08-12,2026-08,Yuba Fire,['Nevada'],29,39.278253,-121.124472,19.9,95.0
fd742edd-9962-4e18-af10-341c71adf829,2026-06-18,2026-06,Mason Fire,['Solano'],48,38.242529,-122.168702,19.5,100.0
e00350e9-4fdb-4b55-9d97-411525f0b12d,2026-08-20,2026-08,Loma Fire,['Calaveras'],5,38.2703,-120.49592,19.0,100.0
de6470c2-b06e-4341-ace4-dc41413eff91,2026-08-19,2026-08,Williams Fire,['Mendocino'],23,39.818659,-123.127883,19.0,100.0
bd737f5f-f3eb-4430-a06f-48e09ea52b20,2026-07-09,2026-07,Union Fire,['San Benito'],35,36.831285,-121.434223,19.0,100.0
12dde0de-e947-4858-80d0-89f6eea1b464,2026-07-06,2026-07,Cardella Fire,['Merced'],24,37.346439,-120.503789,19.0,100.0
e8d4e631-1e50-4966-ae16-fdb31857c68d,2026-07-05,2026-07,Connor Fire,['San Luis Obispo'],40,35.287702,-120.712764,19.0,100.0
e2ba6bfb-8fda-42aa-a950-b804dcde81f3,2026-05-07,2026-05,Curry Fire,['Santa Clara'],43,37.220781,-121.782603,19.0,100.0
68d80a94-9dfa-49de-853e-5bf4970ed8c2,2026-07-26,2026-07,Afterbay Fire,['Butte'],4,39.476334,-121.626766,18.9,100.0
5d410c0e-21e9-4880-9cbc-3ba97dd9d50e,2026-05-01,2026-05,Trinity Fire,['San Bernardino'],36,34.417488,-117.525153,18.6,100.0
4a4b7555-008b-4878-9736-cb360d0d44c8,2026-06-14,2026-06,Pony Fire,['Tulare'],54,36.390406,-118.954118,18.3,100.0
d998cb33-1c72-41a0-a531-67693d21faa4,2026-08-09,2026-08,Smith Fire ,['Yuba'],58,39.304118,-121.425324,18.0,100.0
3f7b1dc7-88e1-4d8a-8499-8fe7f8918270,2026-07-03,2026-07,Pine Fire,['Fresno'],10,36.83,-119.368,18.0,100.0
7b551c46-fc33-483a-b7eb-b8310126a7c7,2026-09-01,2026-09,Daulton Fire,['Madera'],20,37.11991,-119.99776,17.7,100.0
ff86e982-a580-4155-8dc6-14ee6f04e3b9,2026-07-10,2026-07,Canby Fire,['Modoc'],25,41.4355,-120.883,17.3,100.0
b5ea778e-6257-415b-869f-4636b95eb90b,2026-05-23,2026-05,Chick Fire,['Yolo'],57,38.608579,-122.064413,17.3,100.0
8fd7ef31-eb95-47d1-820d-1dfbe901c84f,2026-08-16,2026-08,Jasper Fire,['Merced'],24,37.056549,-121.025429,17.2,100.0
2806bcea-7e12-4de5-883a-3439244a0012,2026-09-14,2026-09,Palos Fire,['Los Angeles'],19,33.9681,-117.9726,17.0,100.0
e496ee6c-9189-479c-92c8-e5fbaff8bcce,2026-09-09,2026-09,Getty Fire,['Los Angeles'],19,34.08899,-118.4801,17.0,100.0
643c940e-ec0f-4b38-b731-43576bf940fc,2026-08-04,2026-08,Haskett Fire ,['Los Angeles'],19,34.50622,-118.03026,17.0,100.0
c03f1964-82d4-444c-a816-4962290e26ec,2026-07-31,2026-07,Nees Fire,['Fresno'],10,36.850647,-120.654017,17.0,100.0
460523bb-a61b-4562-87c7-c5a36824c42f,2026-07-05,2026-07,Den Fire,['Kings'],16,35.85009,-119.915216,17.0,100.0
afb6865e-8ced-4144-bc3c-4af552dadf14,2026-06-25,2026-06,Corral Fire,['Lassen'],18,40.384732,-120.30972,17.0,100.0
f6bda5b7-dfc3-4628-b8d9-3c615692c4f2,2026-06-14,2026-06,Trail Fire,['Lake'],17,39.007853,-122.670301,17.0,100.0
409e2a7f-6968-4809-a7f3-b4b70bd74291,2026-04-23,2026-04,Lincoln Fire,['Riverside'],33,33.540065,-116.078972,17.0,100.0
70f409ce-01b0-46fe-9454-efce8701b01c,2026-06-30,2026-06,Placer Fire,['Shasta'],45,40.51928,-122.50687,16.7,100.0
3556a275-32bd-4e3c-9f68-2ddccd6d008b,2026-07-14,2026-07,Collier Fire,['Contra Costa'],7,37.767119,-121.82615,16.6,100.0
cec0e1f9-21cf-4ee1-97b1-0ef568c2fe14,2026-08-11,2026-08,Dennis Fire ,['El Dorado'],9,38.70102,-120.371859,16.2,100.0
9cc7893f-54bb-4ab6-b82c-93e7b7b4c78c,2026-08-09,2026-08,Bryson Fire ,['Monterey'],27,35.82288,-121.09521,16.1,100.0
46b3cd73-57ab-4b9d-b314-b70a0b0a04ca,2026-07-13,2026-07,Hill Fire,['Shasta'],45,40.412352,-122.403387,16.1,100.0
c9cacf3a-a0b7-41ae-9090-6fe2781f45ae,2026-08-20,2026-08,Ager Fire,['Siskiyou'],47,41.858432,-122.465,16.0,100.0
96ab6d23-a3d6-4823-8dd1-9852c5696d96,2026-07-05,2026-07,Girard Fire,['Riverside'],33,33.760205,-116.958669,16.0,100.0
42153813-bad0-449d-9033-ccc80a477a63,2026-07-05,2026-07,McKean Fire,['Santa Clara'],43,37.182071,-121.820546,15.6,100.0
4d0890c8-88b7-46d4-b248-37e946566753,2026-06-15,2026-06,North Fire,['Riverside'],33,33.801267,-117.133401,15.5,100.0
2457c3f2-4403-47bb-9bb1-2983bbdf17bb,2026-05-30,2026-05,Saddle Fire,['San Benito'],35,36.798788,-121.321942,15.5,100.0
0c85322d-166e-4854-a348-5c5e92b3ff66,2026-08-15,2026-08,Wolf Fire,['Fresno'],10,36.640056,-119.385543,15.0,100.0
2d1b0bf7-ca61-4586-9b3b-6556b0fff2e3,2026-08-02,2026-08,Soboba Fire,['Riverside'],33,33.798189,-116.929605,15.0,100.0
873e888c-74f7-4cf8-81bb-83e39bad6de8,2026-07-29,2026-07,160 Fire,['Sacramento'],34,38.11378,-121.69491,15.0,100.0
e10b46c2-d23e-4cd6-aa46-88dd5caff470,2026-07-20,2026-07,Line Fire,['Tuolumne'],55,37.92036,-120.528017,15.0,100.0
dd11c967-e71a-4610-a009-2bbea4fdef45,2026-07-15,2026-07,Dyer Fire,['Alameda'],1,37.737948,-121.670288,15.0,100.0
5928ed0f-a488-424c-81b0-d6ed4e034402,2026-07-12,2026-07,Jacobs Fire,['Fresno'],10,36.610077,-119.313813,15.0,100.0
cbcfbc98-e704-4923-9c15-ced6d9486efb,2026-06-19,2026-06,Calhoun Fire,['Alameda'],1,37.642791,-122.055978,15.0,100.0
1ee38364-9936-4498-bb3f-340d3d292411,2026-05-12,2026-05,Tracy Fire,['San Joaquin'],39,37.658226,-121.434348,15.0,100.0
23fa20df-873a-4096-837a-e30a68b29ae5,2026-05-09,2026-05,Haven Fire,['Imperial'],13,32.73624,-114.62211,15.0,100.0
caa1ae68-931f-4ad0-911e-334235bdc101,2026-03-25,2026-03,Oso Fire,['Stanislaus'],50,37.448285,-121.282906,15.0,100.0
8f17ddd6-da7c-4b73-b8d9-cb6a358f717e,2026-06-13,2026-06,Telephone Fire,['San Bernardino'],36,34.370397,-117.323074,14.7,100.0
368cd43b-9647-4729-a211-66e023b575c0,2026-09-12,2026-09,Bruns Fire,['Alameda'],1,37.794882,-121.604894,14.5,100.0
f38f58ca-a2bd-4589-8597-0e98c2d2acf0,2026-08-10,2026-08,Buffalo Fire,['Mendocino'],23,39.203587,-123.054125,14.4,100.0
1703fab4-e940-498c-bd29-cba1c5ba35c4,2026-06-18,2026-06,Ghost Town Fire,['San Bernardino'],36,34.902732,-116.886734,14.0,100.0
f4102d56-6ded-459f-a54b-7fabfea84718,2026-07-26,2026-07,Hurleton Fire,['Butte'],4,39.505989,-121.409529,13.8,100.0
395aac58-917d-4c19-88bf-ba51181866e2,2026-07-21,2026-07,Columbus Fire,['Calaveras'],5,38.096355,-120.872789,13.6,100.0
89cb73d4-2dae-4ab3-8532-39613e3e56ec,2026-06-01,2026-06,Palmer Fire,['Mendocino'],23,39.013745,-123.323886,13.6,100.0
7077073a-7a4b-4017-ac39-b81b9794aa95,2026-07-20,2026-07,Woods Fire,['Humboldt'],12,40.158951,-123.8153,13.5,100.0
8ab7c3b4-4542-4ee0-afc3-0d1dee5a5195,2026-05-08,2026-05,1st Fire,['Riverside'],33,33.9217,-116.966021,13.0,100.0
869b9bbf-3716-4ecb-b128-06973e55a617,2026-07-10,2026-07,Paws Fire,['Calaveras'],5,38.190821,-120.690947,12.8,100.0
01df9aff-0363-46b9-b3ae-98da5b0c2fed,2026-07-18,2026-07,Five Fire,['Tehama'],52,40.289532,-122.278974,12.6,100.0
8947103b-e2c9-4e5e-b65c-f31311816df6,2026-07-27,2026-07,Court Fire,['Tuolumne'],55,37.973037,-120.361323,12.1,100.0
5001511b-8685-4f15-9ddf-640d879d2297,2026-03-28,2026-03,Sunny Fire,['Napa'],28,38.537939,-122.467775,12.1,100.0
b36d22f8-8a04-4fc4-98d3-8378f8d4acfd,2026-08-20,2026-08,Jolon Fire,['Monterey'],27,35.872482,-120.838904,12.0,100.0
28c6df8c-bc17-4fc2-bc9d-becbb37a714b,2026-07-10,2026-07,Regional Fire,['Stanislaus'],50,37.640918,-120.510904,12.0,100.0
8c870ebc-7b53-4eda-bf16-2b95ee692184,2026-04-18,2026-04,Johnson Fire,['San Bernardino'],36,34.615749,-117.171806,12.0,100.0
2df72780-33a0-44fc-a7eb-dddd2c8d3b7e,2026-09-17,2026-09,Schell Fire,['Stanislaus'],50,37.829772,-120.675636,11.7,100.0
79c55eb1-3177-46a3-8862-bf33a1cf67be,2026-08-03,2026-08,Linne Fire,['San Luis Obispo'],40,35.60817,-120.609525,11.7,100.0
74e163e7-30b8-4e8b-bc51-7adea98abbf5,2026-05-09,2026-05,Ethanac Fire,['Riverside'],33,33.738839,-117.189192,11.1,100.0
640c4a7a-3529-4a53-a6e8-655363dddffe,2026-06-18,2026-06,Rushing Fire,['Stanislaus'],50,37.666,-120.5781,11.0,100.0
e857def0-c032-4221-bf5e-53f00a6c5560,2026-06-03,2026-06,Man Fire,['Fresno'],10,36.604794,-119.543408,11.0,100.0
6ba31b8b-84a8-47d4-994e-5444cf0bb746,2026-04-17,2026-04,Palomar Fire,['Riverside'],33,33.610407,-117.283536,11.0,100.0
94b577bd-a3da-427e-aef9-ce4e51d750ee,2026-02-06,2026-02,Ag Fire,['Modoc'],25,41.525772,-120.473025,11.0,100.0
af6614ad-c1ea-42ae-940e-a75ef3cd384e,2026-08-04,2026-08,Camino Fire,['Contra Costa'],7,37.865199,-121.667682,10.9,100.0
8f09dad6-5992-4a50-9231-4841ba0b2c6f,2026-06-09,2026-06,Tommy Fire,['Butte'],4,39.414489,-121.497354,10.9,100.0
22474354-a32e-4b22-8a1e-8e2872508b5e,2026-06-02,2026-06,Red Fire,['Tehama'],52,40.092791,-122.430189,10.9,100.0
665388d0-8757-451a-bc53-2e185d0d785e,2026-09-05,2026-09,Carousel Fire,['Riverside'],33,33.808683,-117.30275,10.8,100.0
9fa1f646-0539-44ef-b868-41fc490de65c,2026-01-27,2026-01,East Fork Fire,['Siskiyou'],47,41.362804,-122.67011,10.7,100.0
60c2f6ac-573e-4e52-9b36-49075d678292,2026-07-04,2026-07,Franklin Fire,['Contra Costa'],7,37.999031,-122.163674,10.6,100.0
28c343c7-e18f-4efe-8284-74acc427159f,2026-09-01,2026-09,Blake Fire,['San Bernardino'],36,34.150576,-117.3527,10.5,100.0
e5b84ebd-b1ad-4bfe-8a4c-54e8c7b50799,2026-07-08,2026-07,Twitchel Fire,['San Luis Obispo'],40,35.022967,-120.312389,10.4,100.0
369932a3-8422-459a-bfad-aaf654e2a209,2026-09-17,2026-09,Davis Fire ,['Stanislaus'],50,37.380872,-121.130292,10.3,100.0
117b34ab-c55f-4f12-963d-5a48457d72c2,2026-07-26,2026-07,Keller Fire,['Riverside'],33,33.627027,-117.17175,10.3,100.0
5ca7540f-d4f3-47e5-9143-d1cb93485817,2026-04-16,2026-04,Keaton Fire,['Merced'],24,37.313499,-120.915156,10.2,100.0
1958e84f-1f6a-4c22-8ba4-b1dd8188ff05,2026-06-20,2026-06,Lava Fire,['Shasta'],45,40.447506,-122.033847,10.1,100.0
aa6ac247-80dd-4c48-b71f-a89f3d7c5bd9,2026-08-22,2026-08,Amber Fire ,['San Bernardino'],36,34.1851,-117.1421,10.0,100.0
3181885a-64d1-400b-8648-db78787b3b21,2026-07-31,2026-07,Clark Fire,['Los Angeles'],19,34.56119,-117.7298,10.0,100.0
5ebb3c75-2260-4267-9e0c-4189adfc45cd,2026-07-25,2026-07,Vargas Fire,['Alameda'],1,37.56152,-121.925885,10.0,100.0
f0db479d-1736-4e3b-877d-908239cab5da,2026-07-19,2026-07,Camp Roberts Range L5 Bob Fire,['San Luis Obispo'],40,35.812177,-120.7647,10.0,100.0
3c691460-e3df-44fb-8183-d389c1b5527e,2026-07-08,2026-07,Nelson Fire,['Lassen'],18,41.115734,-120.550521,10.0,100.0
55b6df46-d291-46cf-a671-4463283c3268,2026-07-06,2026-07,Industrial Fire,['San Bernardino'],36,34.16765,-117.36089,10.0,100.0
cb3df008-5465-45e1-8a4e-4e871f135b40,2026-07-05,2026-07,Cougar Fire,['San Diego'],37,33.20722,-117.08554,10.0,100.0
3d818e10-cea0-4420-9700-f54a43e7bba7,2026-07-02,2026-07,Mcp 13 Fire,['San Diego'],37,33.362222,-117.410833,10.0,100.0
16730a3b-5298-4de8-9a0a-0d934cf9dc54,2026-07-02,2026-07,Bolla Fire,['Shasta'],45,40.38924,-122.745482,10.0,100.0
38bef47e-9092-4210-b11b-92e8f3539721,2026-06-25,2026-06,Petersen Fire,['Solano'],48,38.243373,-121.97053,10.0,100.0
2621cc39-b5bf-4fc0-bf20-56a767957208,2026-08-30,2026-08,Brava Fire,['San Luis Obispo'],40,35.162252,-120.679619,9.5,100.0
830cb813-018a-4f73-a4ee-1c94a2717396,2026-08-21,2026-08,Rover Fire ,['Los Angeles'],19,34.49347,-118.2799,9.2,100.0
b0540f5c-f116-425b-a4cf-a4eb4e862067,2026-08-31,2026-08,Grant Fire,['Alameda'],1,37.740297,-121.585818,9.0,100.0
2da2a2f7-c0fb-4214-869e-fc88f5b2d89f,2026-07-10,2026-07,Lyons Fire,['Lake'],17,39.118404,-122.904984,9.0,100.0
580e07cc-ca98-4b5a-93d7-702c1add7b0b,2026-06-16,2026-06,Timber Fire,['Mendocino'],23,39.760945,-123.112378,9.0,100.0
24057501-30d7-4d52-ab98-12c781d5c0de,2026-05-28,2026-05,Prunedale Fire,['Santa Clara'],43,36.996788,-121.479097,8.5,100.0
baa1a950-be62-4c81-b155-ca8b8eda344b,2026-06-30,2026-06,Junction Fire,['San Diego'],37,33.190665,-116.703696,8.1,100.0
30db01cd-6a47-4f8d-bbb6-dbd8e4dc85bd,2026-08-07,2026-08,Garin Fire,['Alameda'],1,37.627932,-122.044926,8.0,100.0
4df15988-17c0-4eb1-9740-bcd474745b01,2026-07-16,2026-07,Solar Fire,['Merced'],24,37.1252,-121.088668,8.0,100.0
97a0ec8a-1ed8-4cd2-a00b-5d7190f21d13,2026-07-11,2026-07,Lumbee Fire,['Lassen'],18,40.90915,-121.21739,8.0,100.0
7e48c35f-f13a-4106-973c-441caee1a279,2026-06-08,2026-06,Lyon Fire,['Solano'],48,38.430903,-122.045526,8.0,100.0
af4030e2-fc63-4bc8-85e0-ee071b3b87e6,2026-06-11,2026-06,Dirks Fire,['Colusa'],6,39.365835,-122.324608,7.8,100.0
9ad94987-0970-4290-8d9f-13fc913d1662,2026-09-24,2026-09,Grade 2 Fire,['Lassen'],18,40.154167,-120.340167,7.1,100.0
0f9c49d5-d9e4-45f2-8dd9-99969d8e41ee,2026-09-30,2026-09,Cotton Fire,['Siskiyou'],47,41.89582,-122.56419,7.0,100.0
bcc43650-20be-4486-915c-5cee548efad1,2026-04-20,2026-04,Bonita Fire,['Tulare'],54,36.085667,-118.335167,7.0,100.0
8f80e3ee-583f-43d8-94ef-3d8c1d7ff613,2026-09-04,2026-09,Division Fire,['Inyo'],14,36.945725,-118.239952,6.0,100.0
d7692842-687c-46b4-a1e9-b804659c0f8b,2026-06-15,2026-06,Boulder Fire,['San Luis Obispo'],40,35.342625,-119.913717,6.0,100.0
2f62b8dd-262a-44b5-9e11-8805d956601a,2026-09-11,2026-09,Peach Fire,['Monterey'],27,36.069176,-120.653464,5.8,100.0
aeeb0110-90eb-4cb9-952d-470f75818a2a,2026-09-01,2026-09,Citrus Fire,['Riverside'],33,33.885363,-117.431112,5.5,100.0
42090944-1edd-4c63-973a-759eb18ed0d4,2026-08-27,2026-08,Flynn Fire,['Alameda'],1,37.741764,-121.572305,5.0,100.0
82106f1a-344b-4d47-8d5f-9997031c4ae6,2026-08-14,2026-08,Ponderosa Fire,['Mendocino'],23,39.239796,-123.179921,5.0,100.0
e76fc299-3d0d-4eb1-9308-91e76f62624d,2026-06-04,2026-06,Holland Fire,['El Dorado'],9,38.764404,-120.797816,4.9,100.0
8db5f051-e3eb-4e97-9e12-5d35d0c76d4a,2026-09-28,2026-09,Railroad Fire ,['Butte'],4,39.452735,-121.557647,4.0,100.0
73f5f6bf-e7e9-47c0-8282-dccd83482756,2026-06-08,2026-06,Airport Fire ,['San Diego'],37,33.21581,-117.36925,3.5,100.0
540d27ae-1b6a-49f3-8ff6-61ebf6af76af,2026-08-14,2026-08,Wesley Fire ,['Kern'],15,35.4459527,-119.0156344,3.4,100.0
13288796-584f-4684-b1f1-4509df34e94d,2026-09-01,2026-09,Brittain Fire,['San Bernardino'],36,34.367577,-117.321338,3.0,100.0
5085ff88-4ecb-4c4c-a285-aa88f05e5f87,2026-08-20,2026-08,Rose Fire,['Siskiyou'],47,41.565378,-122.264648,3.0,100.0
ddc12f4d-de2d-47c9-8255-114a671dba11,2026-07-02,2026-07,Judith Fire,['Riverside'],33,33.619968,-117.064004,3.0,100.0
0d48189a-21cf-48ec-9bd0-642edd018552,2026-05-19,2026-05,Willow Fire,['San Bernardino'],36,33.936949,-117.750012,2.6,100.0
c9e5e62b-a1d3-4a30-9f15-4b8f9f0ea038,2026-09-05,2026-09,MacKay Fire,['San Bernardino'],36,34.262985,-117.165932,2.0,100.0
06eaec2c-5bb0-4a4f-b21a-12b91f262e6f,2026-09-05,2026-09,Stony Fire,['Colusa'],6,39.301068,-122.518628,2.0,100.0
0ed447d6-dfa5-4021-894d-2cd6ba7a6e30,2026-08-30,2026-08,Douglas Fire,['Shasta'],45,40.6604,-122.95644,2.0,100.0
95281a11-39e3-4dee-a85c-b038814bcafe,2026-08-29,2026-08,Darby Fire,['San Bernardino'],36,34.145226,-117.356948,2.0,100.0
e47c7516-b9e1-4fca-a3ce-56338be0a19f,2026-08-23,2026-08,Ruth Fire ,['Napa'],28,38.51352,-122.41637,1.5,100.0
6e750765-15aa-4a4a-9bb7-930f06d1e786,2026-09-28,2026-09,Shenanigan Fire ,['Humboldt'],12,40.288,-124.2661,1.0,100.0
034f6e1a-0bd8-4f64-9bbf-4ac884021678,2026-09-12,2026-09,Telsa Fire,['Alameda'],1,37.644096,-121.597671,1.0,100.0
529a3dd2-e996-402a-8c4c-21e324d15420,2026-09-09,2026-09,Andressen Fire,['Placer'],31,39.00891,-121.35852,1.0,100.0
39ecc8b4-ad76-4fd1-b00b-cc75fc2a7126,2026-07-07,2026-07,Agency Fire,['Mendocino'],23,39.831468,-123.243353,0.7,100.0
ce8fd8ae-b69f-4146-b4ca-b46964920278,2026-09-28,2026-09,Karchner Fire,['Nevada'],29,39.028683,-121.292034,0.5,100.0
24ef9fad-cbe6-408e-8cce-1f6e64020340,2026-09-05,2026-09,Riverside,['Santa Cruz'],44,36.909337,-121.741496,0.3,100.0
8ca7e8ef-f3a5-4569-92a4-b23342b8c51a,2026-09-18,2026-09,Moss Landing Power Plant Fire,['Monterey'],27,36.80678,-121.78292,0.1,
4e779b08-433e-4492-9975-b76ff878b1c4,2026-05-22,2026-05,Garden Grove HAZMAT,['Orange'],30,33.7869022,-118.0007,,
